"","1","2","3","4","5","6","7","8","9","10","11","12","13"
"1",25.6004,38.3704,-0.39435,-2.04322,-1.03576,-5.58278,0.202524,4.89159,0.329058,-0.169599,1.33791,-0.564459,-0.0125069
"2",38.3704,65.2011,-1.27494,-2.63494,-1.29772,-9.17175,0.421074,8.23246,0.546802,-0.275364,1.86664,-0.847771,-0.0351719
"3",-0.39435,-1.27494,4.56891,0.320373,0.00772515,0.432052,0.0877964,-0.279748,-0.029393,0.00629251,-0.472587,0.0441672,-0.00212322
"4",-2.04322,-2.63494,0.320373,0.560775,0.104837,0.503444,0.0609643,-0.332177,-0.0141626,0.0121501,-0.343176,0.0706393,-0.00282359
"5",-1.03576,-1.29772,0.00772515,0.104837,0.246425,0.222737,-0.00216828,-0.151149,-0.00584313,0.00649835,-0.0721643,0.02242,-7.80263e-05
"6",-5.58278,-9.17175,0.432052,0.503444,0.222737,1.659,-0.0322251,-1.1307,-0.0726673,0.0394506,-0.353624,0.13307,0.00197846
"7",0.202524,0.421074,0.0877964,0.0609643,-0.00216828,-0.0322251,0.570128,0.212512,0.011805,-0.00185168,-0.0734533,0.00223699,-0.000902404
"8",4.89159,8.23246,-0.279748,-0.332177,-0.151149,-1.1307,0.212512,1.97066,0.0778448,-0.0353002,0.256494,-0.109459,-0.00468886
"9",0.329058,0.546802,-0.029393,-0.0141626,-0.00584313,-0.0726673,0.011805,0.0778448,0.0102869,-0.00260027,0.0279308,-0.00757352,-0.000298467
"10",-0.169599,-0.275364,0.00629251,0.0121501,0.00649835,0.0394506,-0.00185168,-0.0353002,-0.00260027,0.0012429,-0.00942506,0.00383413,0.000134871
"11",1.33791,1.86664,-0.472587,-0.343176,-0.0721643,-0.353624,-0.0734533,0.256494,0.0279308,-0.00942506,0.431826,-0.0571867,0.00211671
"12",-0.564459,-0.847771,0.0441672,0.0706393,0.02242,0.13307,0.00223699,-0.109459,-0.00757352,0.00383413,-0.0571867,0.0157009,-5.32581e-05
"13",-0.0125069,-0.0351719,-0.00212322,-0.00282359,-7.80263e-05,0.00197846,-0.000902404,-0.00468886,-0.000298467,0.000134871,0.00211671,-5.32581e-05,9.84051e-05
