document,paragraph_index,old,new
main,1013,表示排行差（老小）,表示排行差（长子）
main,1013,。CESD8四行均为修正测量后的估计。‡：二次及分段模型存在潜变量协方差矩阵非正定，所列拟合指标仅供诊断，不纳入有效模型排名。†：自由形状模型保留原表加粗样式，仅表示与表4.2.2的规格对应，不代表已选为最优模型；AIC和校正似然比偏向自由形状，BIC偏向线性。,。Process-4为排行差过程族的历史编号；Sibling diff与Sibling4 diff分别对应老大与长子两种指标，不表示同一模型。CESD8四行均为修正测量后的估计。‡：二次及分段模型存在潜变量协方差矩阵非正定，所列拟合指标仅供诊断，不纳入有效模型排名。†：自由形状模型保留原表加粗样式，仅表示与表4.2.2的规格对应，不代表已选为最优模型；AIC和校正似然比偏向自由形状，BIC偏向线性。
main,1088,表示排行差（老小）,表示排行差（长子）
main,1181,表示排行差（老小）,表示排行差（长子）
appendix,1041,排行差（老小）对均值的调节效应：,排行差（长子）对均值的调节效应：
appendix,1681,均值对排行差（老小）的调节效应：,均值对排行差（长子）的调节效应：
appendix,2242,均值对排行差（老小）的调节效应：,均值对排行差（长子）的调节效应：
appendix,2786,排行差（老小）对均值的调节效应：,排行差（长子）对均值的调节效应：
appendix,3326,均值对排行差（老小）的调节效应：,均值对排行差（长子）的调节效应：
appendix,341,表示排行差（老小）,表示排行差（长子）
appendix,341,。CESD8四行已更新为修正测量后的基期标准化结果。‡：二次、分段模型存在潜变量协方差矩阵非正定，拟合指标仅供诊断，不纳入有效模型排名。†：加粗保留原表样式，仅表示与参数表的规格对应，不代表最优模型已确定。不同测量尺度的AIC、BIC不作直接比较。,。Process-4为排行差过程族的历史编号；Sibling diff与Sibling4 diff分别对应老大与长子两种指标，不表示同一模型。CESD8四行已更新为修正测量后的基期标准化结果。‡：二次、分段模型存在潜变量协方差矩阵非正定，拟合指标仅供诊断，不纳入有效模型排名。†：加粗保留原表样式，仅表示与参数表的规格对应，不代表最优模型已确定。不同测量尺度的AIC、BIC不作直接比较。
appendix,3868,排行差（老小）对均值的调节效应：,排行差（长子）对均值的调节效应：
appendix,414,表示排行差（老,表示排行差（长
appendix,414,小）,子）
appendix,4409,均值对排行差（老小）的调节效应：,均值对排行差（长子）的调节效应：
appendix,457,", 2025).  Sibling diff",", 2025).  Sibling_diff2"
appendix,457,表示排行差（老大），,表示排行差（老小），
appendix,457,Sibling diff,Sibling_diff
appendix,457,4,3
appendix,457,表示排行差（老小）,表示排行差（幼子）
appendix,544,表示排行差（老小）,表示排行差（长子）
