0.0013769253,0.00051249135,0.00057083576,4.3498963e-06,1.1509372e-05,-3.6614595e-05,0.00011802629,-5.9933009e-06,4.7397473e-06,-5.1257763e-06,-5.3045732e-06,4.3692348e-06,-2.334979e-05,-1.4596205e-05,-7.9210781e-06,2.5460218e-05,-1.5366215e-05,-0.0001282787,0.00011981218,0.0001627382,-0.00016486996,0.00026045654,0.00015822889,-0.00013559419,4.3419346e-05,-0.00016843206,9.2050515e-05,-0.00019850048,8.1270116e-06,9.2599147e-05,6.28034e-05,3.7619365e-05,-0.00064199249,0.00024761476,7.0998007e-05,-0.00022664245,-2.9294868e-05,-0.00010187335,0.00013948702,-8.8144758e-05,0.00016440598,-6.0597398e-05,-6.7112793e-05,-0.0002549057,3.9267872e-05,9.9660587e-05,4.2165363e-05,-0.00019894479,0.00013786014,-0.00012127095
0.00051249135,0.001365122,0.00079609771,-1.6805485e-05,-4.325357e-05,-5.3571806e-05,0.00014246794,7.640803e-06,2.9987961e-05,-8.2019397e-06,1.5932365e-05,5.3391593e-07,-2.5244508e-06,-5.7240894e-05,2.2963053e-05,7.0188446e-06,-4.3879536e-05,-0.00016249002,0.00010426442,-4.0785653e-05,0.00018904067,0.00016920978,1.3975376e-05,-2.3392429e-07,-0.00010181397,4.0442159e-05,6.9445516e-05,3.6953048e-06,3.6759657e-06,5.8325689e-05,9.8205835e-05,7.0707901e-05,0.00040854637,-0.00027851112,-2.8818477e-06,0.0001631204,-7.7999514e-05,9.0481908e-05,1.2524385e-05,-2.684974e-05,6.0525682e-06,-1.2261945e-05,-0.00022945177,-0.00017848527,1.8618253e-05,-0.00016448638,-1.4628402e-05,-0.0001341028,-8.6537182e-06,2.570538e-05
0.00057083576,0.00079609771,0.002009399,1.9933795e-05,-2.2149258e-05,-0.00020906348,0.00021712417,4.166192e-06,4.6640866e-06,1.9434242e-05,-4.9004383e-07,3.9958634e-06,3.9400316e-06,-6.5815082e-05,-2.5587839e-05,-8.3853144e-05,0.00022462561,-6.5142285e-05,4.8916888e-05,-0.00021284056,7.1542464e-05,-4.255384e-05,-1.006315e-05,0.00013270385,-0.00018363221,-0.00015986486,-2.3452415e-05,-0.00011412614,0.00014601177,-6.199654e-05,8.8146606e-05,6.1747136e-05,-0.00097192551,0.00027501166,0.00013652039,0.00026685904,-0.00026170596,6.2081757e-05,-2.8309975e-05,-0.00011185691,-0.00012751518,-7.2340679e-05,-0.00097306827,9.8831675e-05,-0.00014425885,6.2968479e-05,-2.5534354e-05,0.00015340187,1.7333508e-05,-4.1682671e-05
4.3498963e-06,-1.6805485e-05,1.9933795e-05,0.00011507345,-4.4827928e-06,-1.4241959e-05,-1.4135877e-05,1.6103345e-05,1.051862e-05,1.1491834e-06,2.9465172e-06,-8.4114004e-06,-2.4851741e-06,-8.0527171e-06,1.0353192e-05,-6.9387877e-06,1.1977502e-05,2.1003082e-05,-1.6027446e-05,-9.3344413e-06,7.7572021e-06,-9.8844433e-06,4.3551034e-06,1.0714899e-05,-3.8179617e-06,-4.3391633e-06,-9.9900646e-07,9.5024408e-06,-6.4826885e-06,-1.4259545e-05,-2.3827206e-05,-4.8721121e-05,0.00026972223,-0.00010041106,-8.9353749e-06,-3.0136698e-05,1.7926091e-05,1.3583642e-05,-1.850292e-05,5.685561e-05,-1.6303143e-05,1.1247744e-05,5.2137786e-05,-3.2837699e-05,1.2169323e-05,-3.1815565e-05,-9.0582604e-06,-2.9872977e-05,-7.7072207e-06,1.9410183e-05
1.1509372e-05,-4.325357e-05,-2.2149258e-05,-4.4827928e-06,0.00011326766,-1.3354114e-05,-2.5867265e-06,-4.1671017e-07,6.307696e-07,2.4976006e-05,-9.4911486e-08,3.4200433e-06,8.5977307e-07,9.6756644e-06,1.3091179e-05,2.0802534e-05,-3.7551096e-06,1.1660617e-05,9.9437219e-06,3.0395332e-05,-2.3630017e-05,-2.3540934e-05,1.6138848e-05,-7.8854155e-06,-1.3586352e-05,1.2599048e-05,6.6869754e-06,3.4940098e-05,-8.4500527e-06,-3.0501209e-05,7.8530599e-06,-3.2862548e-05,0.00014175604,-8.4019869e-05,-1.7732651e-05,-3.9916889e-05,2.9722613e-05,2.3854798e-05,-2.992898e-05,3.9894341e-05,2.1711491e-05,5.4194619e-06,4.0544025e-05,-2.9762929e-05,3.5338607e-05,-2.9411592e-05,2.2447472e-06,-2.8974694e-05,-2.9044612e-06,1.8774007e-05
-3.6614595e-05,-5.3571806e-05,-0.00020906348,-1.4241959e-05,-1.3354114e-05,0.0001800571,-3.4574017e-05,-1.4243044e-06,-5.0284751e-06,-3.7330945e-07,8.6859433e-06,2.7800336e-05,9.0093556e-06,1.1746194e-05,-1.6130723e-05,1.1149015e-05,3.49913e-06,-1.651953e-06,2.0994039e-07,3.7747162e-05,-1.2600825e-05,2.7855935e-05,5.9779394e-06,-2.42354e-05,1.0952283e-05,4.0252586e-06,-3.2422142e-05,-9.2513316e-05,-2.8693078e-05,2.898609e-05,-3.4545967e-06,-1.3717727e-05,-0.00063982808,0.00036237993,6.538788e-05,-2.7147958e-05,1.8902286e-05,4.2506678e-06,6.0704969e-05,-3.7979706e-05,2.6754439e-05,1.1316728e-05,-7.4668132e-05,0.0001133734,-8.6792229e-05,9.329201e-05,1.2512656e-05,9.1234425e-05,3.1738293e-05,-7.0131944e-05
0.00011802629,0.00014246794,0.00021712417,-1.4135877e-05,-2.5867265e-06,-3.4574017e-05,0.0002356952,-3.0381196e-06,-4.8206803e-06,5.4438751e-06,7.6065298e-07,9.3370917e-06,-1.6054588e-06,2.053308e-05,2.7000111e-07,-2.5269699e-05,2.0561175e-05,-1.0173816e-05,3.3871239e-05,-3.9014336e-05,-1.4054858e-05,6.7354235e-05,1.3725779e-05,-3.4943747e-06,-3.1456903e-05,-1.2676739e-05,-4.0295952e-06,-8.4238455e-05,2.202707e-05,-4.4030657e-05,2.5423655e-05,1.3497715e-05,-0.00053132374,0.000284712,4.4275004e-05,5.0547601e-05,-7.7502463e-05,-8.5582217e-06,3.2372905e-05,-8.4444491e-05,-9.5723131e-06,-1.3678604e-05,-0.00021255186,8.1059104e-05,-0.00010393166,5.8040372e-05,9.9045475e-08,8.4025618e-05,2.7266649e-05,-4.0228411e-05
-5.9933009e-06,7.640803e-06,4.166192e-06,1.6103345e-05,-4.1671017e-07,-1.4243044e-06,-3.0381196e-06,8.1088229e-05,3.34483e-05,-1.6390019e-06,4.9734342e-06,-3.4395266e-06,-1.5268186e-06,-2.340697e-06,1.1390235e-05,-6.3080112e-06,1.2743887e-05,-5.922878e-06,-1.7939964e-05,2.3450186e-05,1.0983572e-05,-3.6928203e-06,-1.9924352e-05,-2.7070023e-05,-2.363857e-05,9.657401e-06,-5.0375637e-06,-5.1761657e-06,1.4748634e-06,1.2927182e-05,-1.1922654e-05,-1.231653e-05,2.7044547e-05,-1.4427415e-05,1.9322811e-05,1.4797999e-05,3.0265978e-05,9.0012795e-07,-8.961247e-06,2.2404227e-05,1.2121951e-05,2.1348546e-07,-1.7435139e-05,-7.6326629e-07,-9.5826776e-06,1.1836973e-06,-1.005639e-05,1.7140613e-05,-1.0758454e-05,6.7472183e-06
4.7397473e-06,2.9987961e-05,4.6640866e-06,1.051862e-05,6.307696e-07,-5.0284751e-06,-4.8206803e-06,3.34483e-05,0.00017814521,-4.5021172e-07,-8.9723874e-06,-2.6468022e-06,-1.4419524e-05,-7.2128807e-06,-1.8162937e-05,-1.4087008e-05,-2.8512895e-05,-7.3955839e-06,8.1734242e-06,1.5158251e-05,1.4552613e-05,1.4614459e-05,-2.034038e-05,7.5156932e-06,-1.8514611e-06,1.3035786e-05,1.7163241e-05,2.1142446e-05,3.1582148e-06,5.5006192e-06,-3.8767648e-05,1.1101088e-05,0.00011957933,-6.1460728e-05,4.7910988e-05,-2.6248182e-05,1.1510946e-05,-2.3511714e-06,1.0373905e-05,-1.1257799e-05,-4.8793986e-06,-1.9388972e-06,3.1984532e-05,-3.8097682e-05,2.6430521e-05,-1.1873981e-05,-3.9350602e-05,-1.9849991e-05,2.2973746e-06,-7.8116705e-06
-5.1257763e-06,-8.2019397e-06,1.9434242e-05,1.1491834e-06,2.4976006e-05,-3.7330945e-07,5.4438751e-06,-1.6390019e-06,-4.5021172e-07,7.0014806e-05,2.6670844e-05,-2.6344954e-06,4.3770007e-06,-6.9410255e-06,3.68426e-06,-1.2067794e-06,1.1373998e-05,7.6782621e-06,9.2337703e-06,-2.7655333e-06,-7.682968e-06,1.0657036e-05,-9.9215227e-07,4.0343334e-06,-5.2639817e-06,-2.8831542e-05,-4.9390538e-06,3.7656664e-06,-6.6076772e-06,-5.550912e-06,-1.3464471e-05,2.4482559e-06,9.3596174e-05,-5.2082521e-05,-6.2167826e-06,-1.8045171e-05,1.4721707e-06,1.9903251e-05,-1.0967755e-05,1.4504029e-05,2.3830685e-06,7.4225296e-06,-3.9333597e-06,-4.0762222e-06,1.2550997e-05,-1.387675e-05,-7.0209432e-06,-1.4450195e-05,-9.0137113e-06,8.2584712e-06
-5.3045732e-06,1.5932365e-05,-4.9004383e-07,2.9465172e-06,-9.4911486e-08,8.6859433e-06,7.6065298e-07,4.9734342e-06,-8.9723874e-06,2.6670844e-05,0.00017280461,1.8512743e-07,-1.872399e-05,-1.0607273e-07,-2.0570673e-06,1.0321115e-05,1.9379539e-05,-2.951884e-05,3.96467e-05,-2.583197e-06,3.0777478e-05,-1.4680973e-05,-1.9762792e-05,1.4990143e-05,-3.4030596e-05,-2.7491987e-05,3.2469655e-05,-2.6077314e-05,8.9043967e-06,1.0869748e-05,4.6421314e-05,4.058248e-05,-1.4089317e-05,-3.0354957e-07,1.0440892e-05,4.6623064e-05,-2.3320868e-05,8.7614602e-06,-3.4755372e-05,-3.8331663e-05,-1.1521656e-05,-1.1977056e-05,-1.6365384e-05,8.2034232e-06,1.1442548e-06,1.3125667e-05,-3.3098368e-06,2.271083e-06,-1.2017276e-06,3.7369254e-06
4.3692348e-06,5.3391593e-07,3.9958634e-06,-8.4114004e-06,3.4200433e-06,2.7800336e-05,9.3370917e-06,-3.4395266e-06,-2.6468022e-06,-2.6344954e-06,1.8512743e-07,9.0142704e-05,3.1264552e-05,-2.1838798e-06,9.6748877e-06,-1.1902617e-05,-3.001738e-06,4.6866913e-06,-9.0644586e-06,2.6747053e-06,9.515222e-07,8.1279438e-06,2.9964675e-06,6.6007199e-06,-2.0614624e-05,-2.1632364e-06,2.0465559e-05,-8.2455345e-06,1.915313e-06,-1.068034e-05,-1.3461882e-05,1.7645651e-05,-0.00020336761,7.4283206e-05,8.7671632e-07,1.6317109e-05,-7.9549372e-06,-2.5416192e-07,2.3045339e-05,-6.7702598e-06,-8.0074024e-06,-4.9327869e-06,-6.54405e-05,3.2727231e-05,-7.3811631e-06,2.1978894e-05,6.2074662e-06,3.6221387e-05,7.275493e-06,-1.6175535e-05
-2.334979e-05,-2.5244508e-06,3.9400316e-06,-2.4851741e-06,8.5977307e-07,9.0093556e-06,-1.6054588e-06,-1.5268186e-06,-1.4419524e-05,4.3770007e-06,-1.872399e-05,3.1264552e-05,0.00017834828,3.1352809e-06,-4.1801128e-06,4.5546914e-05,-3.9430189e-05,2.0873634e-05,-1.571399e-05,-2.1427923e-05,-8.2904757e-06,-3.006058e-05,-3.922227e-05,7.2394169e-06,2.1248175e-05,-5.4844476e-06,5.0216199e-05,3.5653757e-05,-5.9757398e-07,1.607756e-05,-2.2326958e-05,-3.6366568e-05,8.0756376e-05,-9.8271678e-05,-5.8910692e-05,2.358826e-05,-1.2059036e-05,-6.501655e-07,-1.0687345e-05,5.6848558e-05,-3.0459555e-05,-1.2058949e-05,-1.1000806e-05,-1.624597e-05,2.7630356e-05,-1.1005299e-05,2.1349314e-05,-1.8089735e-06,-1.5611388e-05,3.7508428e-06
-1.4596205e-05,-5.7240894e-05,-6.5815082e-05,-8.0527171e-06,9.6756644e-06,1.1746194e-05,2.053308e-05,-2.340697e-06,-7.2128807e-06,-6.9410255e-06,-1.0607273e-07,-2.1838798e-06,3.1352809e-06,0.00012740201,5.6446435e-06,2.7937497e-05,-1.1553203e-05,3.7067104e-06,-7.5122304e-06,-4.6129163e-06,-2.9722708e-05,2.4938472e-05,-3.4125187e-05,-4.5331347e-07,8.2915528e-06,-7.9764259e-08,-7.990964e-06,-7.8654287e-05,-1.8389722e-05,1.6443673e-05,-1.738267e-05,3.3674761e-08,-0.00057030278,0.00028186362,4.6285073e-05,-2.7582362e-05,5.9206149e-06,-8.1350214e-06,6.6228731e-05,-4.8419606e-05,-3.3183987e-06,1.0560499e-05,-6.3122087e-05,8.2645932e-05,-4.9016092e-05,7.8251862e-05,-1.6432093e-07,6.5689422e-05,3.5190645e-05,-4.6410542e-05
-7.9210781e-06,2.2963053e-05,-2.5587839e-05,1.0353192e-05,1.3091179e-05,-1.6130723e-05,2.7000111e-07,1.1390235e-05,-1.8162937e-05,3.68426e-06,-2.0570673e-06,9.6748877e-06,-4.1801128e-06,5.6446435e-06,0.00030925966,1.110525e-05,-4.6157813e-06,5.0768754e-05,-5.9109246e-05,1.2791117e-05,-3.0517459e-06,-2.8308625e-05,-2.9570311e-06,2.0582524e-05,-6.933619e-05,3.896832e-05,1.9888384e-05,0.00028806397,-3.5051663e-05,-6.9191675e-05,-2.9556737e-05,-2.4830934e-05,0.0014322047,-0.00084845837,-0.00023960417,-2.0069522e-05,8.8712665e-05,6.2370228e-05,-5.2896839e-05,0.00014148722,1.8890083e-06,-8.9976568e-06,0.00023915549,-0.00020775163,0.00015166911,-0.00023723554,4.1645023e-05,-0.00017674856,-9.9114131e-05,0.00011621848
2.5460218e-05,7.0188446e-06,-8.3853144e-05,-6.9387877e-06,2.0802534e-05,1.1149015e-05,-2.5269699e-05,-6.3080112e-06,-1.4087008e-05,-1.2067794e-06,1.0321115e-05,-1.1902617e-05,4.5546914e-05,2.7937497e-05,1.110525e-05,0.0014305237,-0.00038235858,-0.00021019996,0.00062790745,3.8772435e-05,-0.00083657323,-0.00074957285,-0.00084994135,-4.7945433e-05,0.00024464067,0.00015425729,0.00025315092,9.1590865e-06,-1.6011307e-06,0.00018428945,0.00010040436,5.1804763e-05,0.00022227924,-6.0813621e-05,-8.7899336e-05,7.5334638e-05,-9.9009309e-05,-0.00035479542,-0.00034218885,-0.00032232862,-1.7370557e-05,-5.4475989e-05,7.5615683e-05,-6.1270624e-05,4.9575335e-05,-4.9876587e-05,6.1876448e-05,-2.9775712e-05,5.601277e-06,-3.2195839e-05
-1.5366215e-05,-4.3879536e-05,0.00022462561,1.1977502e-05,-3.7551096e-06,3.49913e-06,2.0561175e-05,1.2743887e-05,-2.8512895e-05,1.1373998e-05,1.9379539e-05,-3.001738e-06,-3.9430189e-05,-1.1553203e-05,-4.6157813e-06,-0.00038235858,0.0018503746,0.00023905631,-0.00056655522,-0.00011866094,0.00026893146,0.00016207587,0.00017406202,0.00011459374,-0.0010643782,-0.00096886662,-0.0010954083,2.1121262e-05,3.9277708e-05,-0.00016351671,-0.00012021331,-0.0001742601,-0.00026100797,1.5726378e-06,3.5920932e-05,7.0022994e-05,-3.6649574e-06,0.00036603522,0.00030692914,0.00039184868,-6.1395904e-05,3.2673228e-05,-0.00010281806,8.3883333e-05,6.3107302e-05,2.6540736e-05,-1.2021953e-05,4.6862084e-05,1.3438782e-05,-2.1787492e-05
-0.0001282787,-0.00016249002,-6.5142285e-05,2.1003082e-05,1.1660617e-05,-1.651953e-06,-1.0173816e-05,-5.922878e-06,-7.3955839e-06,7.6782621e-06,-2.951884e-05,4.6866913e-06,2.0873634e-05,3.7067104e-06,5.0768754e-05,-0.00021019996,0.00023905631,0.0018186563,-0.001294209,-3.5588348e-05,0.00013959913,0.00011935493,0.00011981874,5.6572188e-05,-0.00019599395,-6.0336883e-05,-0.00015174724,6.944794e-05,-1.0395238e-05,-0.0010746593,-0.0010972664,-0.00094657584,2.316827e-05,-3.104456e-05,-7.6584976e-05,2.6145454e-05,0.00013958282,0.0007244285,0.00083812258,0.00063266174,-1.3157752e-05,8.11151e-05,2.6543532e-07,3.5838811e-05,5.0969415e-05,4.5106021e-05,9.747886e-05,-1.447669e-05,1.2518929e-05,-9.4482889e-06
0.00011981218,0.00010426442,4.8916888e-05,-1.6027446e-05,9.9437219e-06,2.0994039e-07,3.3871239e-05,-1.7939964e-05,8.1734242e-06,9.2337703e-06,3.96467e-05,-9.0644586e-06,-1.571399e-05,-7.5122304e-06,-5.9109246e-05,0.00062790745,-0.00056655522,-0.001294209,0.0028004197,-0.00027557274,-0.0003909123,-0.00031519445,-0.00029582095,0.00020742047,0.00030520181,0.00021855939,0.00040648946,-0.00013362431,0.00014054506,0.00079270709,0.00074465953,0.00065467672,-0.00055923857,0.00044671397,4.2793573e-05,-1.9950106e-05,-0.00044462418,-0.0015463651,-0.001537501,-0.0014696306,-0.00022003976,-0.00014136122,-0.0001091504,0.00011306336,-0.00021580652,4.525631e-05,-3.2166794e-05,0.00010192924,-1.9135389e-05,-5.9671443e-05
0.0001627382,-4.0785653e-05,-0.00021284056,-9.3344413e-06,3.0395332e-05,3.7747162e-05,-3.9014336e-05,2.3450186e-05,1.5158251e-05,-2.7655333e-06,-2.583197e-06,2.6747053e-06,-2.1427923e-05,-4.6129163e-06,1.2791117e-05,3.8772435e-05,-0.00011866094,-3.5588348e-05,-0.00027557274,0.0015648232,3.6664906e-05,-3.7161045e-05,8.8081649e-06,-0.0010513726,-6.4314887e-05,0.00011016781,1.5454432e-05,5.1942623e-06,-0.00033350973,-1.5629977e-05,4.8245058e-05,-7.1510025e-05,0.00052185401,-0.00019423866,-2.2809035e-05,-0.00060841335,0.00099899965,2.9540983e-05,-5.2222516e-05,-3.9663284e-06,0.0011083548,3.4761643e-05,0.00026441479,-0.00014670549,-1.5093394e-05,-7.7790658e-05,1.4338542e-05,-0.00012326292,2.4841612e-05,1.2259794e-05
-0.00016486996,0.00018904067,7.1542464e-05,7.7572021e-06,-2.3630017e-05,-1.2600825e-05,-1.4054858e-05,1.0983572e-05,1.4552613e-05,-7.682968e-06,3.0777478e-05,9.515222e-07,-8.2904757e-06,-2.9722708e-05,-3.0517459e-06,-0.00083657323,0.00026893146,0.00013959913,-0.0003909123,3.6664906e-05,0.0020098578,-8.9352072e-05,0.00026389465,6.4354979e-07,-0.00055003147,1.3810233e-07,-0.0001154836,4.7677817e-06,4.2610857e-05,-0.00020582466,-7.7960292e-05,-2.7817959e-05,4.9651645e-05,-2.8691985e-05,3.7154441e-06,5.4840799e-06,-2.4622404e-05,0.00086332423,2.8743103e-05,0.00011783008,2.4295809e-05,-9.2957815e-06,-0.00013051344,0.00011931357,-4.4532345e-05,-6.3993748e-05,-6.0597431e-05,5.5861581e-05,-2.1727143e-05,5.2850521e-05
0.00026045654,0.00016920978,-4.255384e-05,-9.8844433e-06,-2.3540934e-05,2.7855935e-05,6.7354235e-05,-3.6928203e-06,1.4614459e-05,1.0657036e-05,-1.4680973e-05,8.1279438e-06,-3.006058e-05,2.4938472e-05,-2.8308625e-05,-0.00074957285,0.00016207587,0.00011935493,-0.00031519445,-3.7161045e-05,-8.9352072e-05,0.0019719256,1.893448e-06,3.3297699e-05,0.00010633341,-0.00064514526,6.7919986e-05,-2.4913552e-05,-3.7341085e-05,-2.3174014e-05,-0.0003443275,7.3882776e-05,-0.0002284661,7.2076258e-05,7.0991837e-05,8.2512175e-05,7.9558986e-05,-6.9694573e-05,0.0010906628,-8.7981953e-05,1.7504297e-05,7.0075953e-05,-5.1499331e-06,-3.0296313e-05,-4.2011246e-05,5.0464576e-05,-4.5997102e-05,-5.9569367e-05,1.9564279e-06,-2.0275104e-05
0.00015822889,1.3975376e-05,-1.006315e-05,4.3551034e-06,1.6138848e-05,5.9779394e-06,1.3725779e-05,-1.9924352e-05,-2.034038e-05,-9.9215227e-07,-1.9762792e-05,2.9964675e-06,-3.922227e-05,-3.4125187e-05,-2.9570311e-06,-0.00084994135,0.00017406202,0.00011981874,-0.00029582095,8.8081649e-06,0.00026389465,1.893448e-06,0.0020256412,-6.3030937e-05,-0.00012218111,0.00019753936,-0.00053523935,2.2189884e-05,-0.00011961686,-0.00013896695,5.3718768e-05,-0.00020968165,-0.00031483284,4.0384918e-05,3.5324972e-05,-0.00022085957,0.00018541485,0.00012216829,-0.00012836036,0.00089948847,9.201302e-05,7.48073e-05,2.3960983e-05,-2.4369443e-05,2.2030553e-05,4.5838666e-05,3.9637713e-05,-4.5289417e-05,3.2240851e-05,-8.5868798e-07
-0.00013559419,-2.3392429e-07,0.00013270385,1.0714899e-05,-7.8854155e-06,-2.42354e-05,-3.4943747e-06,-2.7070023e-05,7.5156932e-06,4.0343334e-06,1.4990143e-05,6.6007199e-06,7.2394169e-06,-4.5331347e-07,2.0582524e-05,-4.7945433e-05,0.00011459374,5.6572188e-05,0.00020742047,-0.0010513726,6.4354979e-07,3.3297699e-05,-6.3030937e-05,0.0013606952,6.0091781e-05,-0.00014515296,2.7586284e-05,8.8258337e-05,0.00031490083,3.8313425e-05,-0.00011487441,5.2847776e-05,8.7011074e-05,-0.00015138864,-2.4609153e-05,0.00058841843,-0.00076555625,-3.6496452e-05,6.435638e-05,-3.4675579e-06,-0.00095947711,-1.1955007e-05,-0.00014510494,6.1925866e-05,7.1249153e-05,-3.6802302e-06,9.048069e-06,2.9907708e-05,-5.7246227e-05,8.7320484e-06
4.3419346e-05,-0.00010181397,-0.00018363221,-3.8179617e-06,-1.3586352e-05,1.0952283e-05,-3.1456903e-05,-2.363857e-05,-1.8514611e-06,-5.2639817e-06,-3.4030596e-05,-2.0614624e-05,2.1248175e-05,8.2915528e-06,-6.933619e-05,0.00024464067,-0.0010643782,-0.00019599395,0.00030520181,-6.4314887e-05,-0.00055003147,0.00010633341,-0.00012218111,6.0091781e-05,0.0021817341,8.1933774e-05,0.00025385501,-0.00020218297,4.4184774e-05,0.00039554793,5.0757069e-05,0.00014504249,-0.00056679655,0.00048594125,0.00012374988,0.00010081446,-0.00014144582,-0.00073748619,0.00011855258,-0.0002535991,-5.8583411e-05,-1.4859222e-05,4.0160176e-05,8.1576001e-05,-0.00020354451,0.00011266886,-5.0211098e-05,5.9050457e-05,4.2508427e-05,-3.2997624e-05
-0.00016843206,4.0442159e-05,-0.00015986486,-4.3391633e-06,1.2599048e-05,4.0252586e-06,-1.2676739e-05,9.657401e-06,1.3035786e-05,-2.8831542e-05,-2.7491987e-05,-2.1632364e-06,-5.4844476e-06,-7.9764259e-08,3.896832e-05,0.00015425729,-0.00096886662,-6.0336883e-05,0.00021855939,0.00011016781,1.3810233e-07,-0.00064514526,0.00019753936,-0.00014515296,8.1933774e-05,0.002328669,-3.4940301e-05,0.00013182588,-6.9582903e-05,-0.00011498013,0.00035400884,-6.947642e-05,0.00019919558,5.5912619e-05,-9.0472563e-06,4.7995889e-05,5.0622911e-05,0.0001344276,-0.00085929414,6.4714913e-05,0.00010042911,-1.5412671e-05,1.1092016e-05,-4.4528432e-05,-4.4257005e-05,-6.1751773e-05,-8.5493482e-06,3.7617586e-05,-1.6550207e-05,4.054745e-06
9.2050515e-05,6.9445516e-05,-2.3452415e-05,-9.9900646e-07,6.6869754e-06,-3.2422142e-05,-4.0295952e-06,-5.0375637e-06,1.7163241e-05,-4.9390538e-06,3.2469655e-05,2.0465559e-05,5.0216199e-05,-7.990964e-06,1.9888384e-05,0.00025315092,-0.0010954083,-0.00015174724,0.00040648946,1.5454432e-05,-0.0001154836,6.7919986e-05,-0.00053523935,2.7586284e-05,0.00025385501,-3.4940301e-05,0.0023875599,-7.4393813e-05,7.1345317e-05,0.00014610215,-2.6680177e-05,0.0003311307,-1.948426e-05,4.5645601e-05,-6.935776e-05,-0.00014511699,-9.7964367e-05,-0.00026988053,-8.8335808e-05,-0.0007251263,-1.4210649e-05,-5.2895291e-05,-2.1793212e-05,3.4470014e-05,-6.7706076e-05,3.7317153e-05,1.4378309e-05,1.6342637e-05,8.334722e-07,-9.7761822e-06
-0.00019850048,3.6953048e-06,-0.00011412614,9.5024408e-06,3.4940098e-05,-9.2513316e-05,-8.4238455e-05,-5.1761657e-06,2.1142446e-05,3.7656664e-06,-2.6077314e-05,-8.2455345e-06,3.5653757e-05,-7.8654287e-05,0.00028806397,9.1590865e-06,2.1121262e-05,6.944794e-05,-0.00013362431,5.1942623e-06,4.7677817e-06,-2.4913552e-05,2.2189884e-05,8.8258337e-05,-0.00020218297,0.00013182588,-7.4393813e-05,0.0026035799,-0.00036483844,-0.00030474026,9.1744798e-06,-4.0649443e-05,0.007282653,-0.0050643681,-0.0011705975,-1.664927e-05,0.00044532783,0.0001411203,-0.00029144301,0.0006036214,-4.0330041e-05,-2.6223815e-06,0.0012408252,-0.0011824291,0.0013378508,-0.0013780721,0.00023625153,-0.0009859327,-0.00055643082,0.0006004284
8.1270116e-06,3.6759657e-06,0.00014601177,-6.4826885e-06,-8.4500527e-06,-2.8693078e-05,2.202707e-05,1.4748634e-06,3.1582148e-06,-6.6076772e-06,8.9043967e-06,1.915313e-06,-5.9757398e-07,-1.8389722e-05,-3.5051663e-05,-1.6011307e-06,3.9277708e-05,-1.0395238e-05,0.00014054506,-0.00033350973,4.2610857e-05,-3.7341085e-05,-0.00011961686,0.00031490083,4.4184774e-05,-6.9582903e-05,7.1345317e-05,-0.00036483844,0.0010739263,5.8477818e-05,8.7681236e-06,5.4880835e-05,-0.0012139894,0.00075322618,0.00019994975,0.00017926809,-0.0013162513,-6.3719768e-05,7.2133116e-06,-0.00018543836,-0.00029157119,-0.00054807662,-0.00029249421,0.00019569512,-0.00012601724,0.00023641263,-9.6991685e-05,0.00016654303,7.3903471e-05,-0.00011395914
9.2599147e-05,5.8325689e-05,-6.199654e-05,-1.4259545e-05,-3.0501209e-05,2.898609e-05,-4.4030657e-05,1.2927182e-05,5.5006192e-06,-5.550912e-06,1.0869748e-05,-1.068034e-05,1.607756e-05,1.6443673e-05,-6.9191675e-05,0.00018428945,-0.00016351671,-0.0010746593,0.00079270709,-1.5629977e-05,-0.00020582466,-2.3174014e-05,-0.00013896695,3.8313425e-05,0.00039554793,-0.00011498013,0.00014610215,-0.00030474026,5.8477818e-05,0.0022791308,0.00016656835,0.00015161395,-0.00084577865,0.00057040364,0.00011439634,3.8644501e-05,-0.00015302612,-0.0016552259,-8.9302563e-05,-0.00021960124,-3.7394298e-05,-2.9931279e-05,-0.00017314075,0.00019639426,-0.00018727061,8.3782733e-05,-5.9408594e-05,0.00016731178,4.6046786e-05,-5.3877372e-05
6.28034e-05,9.8205835e-05,8.8146606e-05,-2.3827206e-05,7.8530599e-06,-3.4545967e-06,2.5423655e-05,-1.1922654e-05,-3.8767648e-05,-1.3464471e-05,4.6421314e-05,-1.3461882e-05,-2.2326958e-05,-1.738267e-05,-2.9556737e-05,0.00010040436,-0.00012021331,-0.0010972664,0.00074465953,4.8245058e-05,-7.7960292e-05,-0.0003443275,5.3718768e-05,-0.00011487441,5.0757069e-05,0.00035400884,-2.6680177e-05,9.1744798e-06,8.7681236e-06,0.00016656835,0.0023381351,9.4919782e-05,0.00059015969,-0.00016909076,0.00010518664,-5.2116128e-05,-8.9461035e-05,-6.9835313e-05,-0.0017673071,-9.8143817e-06,7.9056746e-05,-7.4959134e-05,0.00016122043,-0.00015678032,5.557649e-05,-0.00014303041,-0.00011035343,-7.4472819e-05,-1.6263424e-05,7.4222024e-05
3.7619365e-05,7.0707901e-05,6.1747136e-05,-4.8721121e-05,-3.2862548e-05,-1.3717727e-05,1.3497715e-05,-1.231653e-05,1.1101088e-05,2.4482559e-06,4.058248e-05,1.7645651e-05,-3.6366568e-05,3.3674761e-08,-2.4830934e-05,5.1804763e-05,-0.0001742601,-0.00094657584,0.00065467672,-7.1510025e-05,-2.7817959e-05,7.3882776e-05,-0.00020968165,5.2847776e-05,0.00014504249,-6.947642e-05,0.0003311307,-4.0649443e-05,5.4880835e-05,0.00015161395,9.4919782e-05,0.0021077086,-0.00028157558,6.4457329e-05,4.016121e-05,7.2219699e-05,-0.00014787064,-4.5444239e-05,5.779056e-06,-0.0014556607,-4.0076713e-05,-4.5096388e-05,-0.00011105934,3.6410391e-05,-6.0182771e-05,6.3267915e-05,-0.00010606062,3.3345955e-05,1.0487082e-05,-4.3902322e-05
-0.00064199249,0.00040854637,-0.00097192551,0.00026972223,0.00014175604,-0.00063982808,-0.00053132374,2.7044547e-05,0.00011957933,9.3596174e-05,-1.4089317e-05,-0.00020336761,8.0756376e-05,-0.00057030278,0.0014322047,0.00022227924,-0.00026100797,2.316827e-05,-0.00055923857,0.00052185401,4.9651645e-05,-0.0002284661,-0.00031483284,8.7011074e-05,-0.00056679655,0.00019919558,-1.948426e-05,0.007282653,-0.0012139894,-0.00084577865,0.00059015969,-0.00028157558,0.046334486,-0.024402042,-0.0042394376,-0.0011492012,0.0019536444,0.00057159802,-0.0025112499,0.0039026833,0.00021461369,0.00023524984,0.0090557666,-0.007135621,0.0058697881,-0.0071128994,-0.00011534503,-0.0062768692,-0.0026370868,0.0037526667
0.00024761476,-0.00027851112,0.00027501166,-0.00010041106,-8.4019869e-05,0.00036237993,0.000284712,-1.4427415e-05,-6.1460728e-05,-5.2082521e-05,-3.0354957e-07,7.4283206e-05,-9.8271678e-05,0.00028186362,-0.00084845837,-6.0813621e-05,1.5726378e-06,-3.104456e-05,0.00044671397,-0.00019423866,-2.8691985e-05,7.2076258e-05,4.0384918e-05,-0.00015138864,0.00048594125,5.5912619e-05,4.5645601e-05,-0.0050643681,0.00075322618,0.00057040364,-0.00016909076,6.4457329e-05,-0.024402042,0.015279889,0.0030195427,0.00036003556,-0.0013223344,-0.00042303256,0.00121211,-0.0022090423,-8.3173042e-05,-1.7809737e-05,-0.0045491893,0.0040841114,-0.0038028084,0.003911918,-0.00034594296,0.003481457,0.0015923649,-0.001981543
7.0998007e-05,-2.8818477e-06,0.00013652039,-8.9353749e-06,-1.7732651e-05,6.538788e-05,4.4275004e-05,1.9322811e-05,4.7910988e-05,-6.2167826e-06,1.0440892e-05,8.7671632e-07,-5.8910692e-05,4.6285073e-05,-0.00023960417,-8.7899336e-05,3.5920932e-05,-7.6584976e-05,4.2793573e-05,-2.2809035e-05,3.7154441e-06,7.0991837e-05,3.5324972e-05,-2.4609153e-05,0.00012374988,-9.0472563e-06,-6.935776e-05,-0.0011705975,0.00019994975,0.00011439634,0.00010518664,4.016121e-05,-0.0042394376,0.0030195427,0.0022929772,1.7058704e-06,-0.00056301651,0.00012783959,0.00011636514,-0.0003794369,9.1896769e-07,-5.3506457e-05,-0.00071538071,0.00057691824,-0.0005471225,0.0009504454,-0.00098897372,0.00057244026,0.00031696224,-0.00027941985
-0.00022664245,0.0001631204,0.00026685904,-3.0136698e-05,-3.9916889e-05,-2.7147958e-05,5.0547601e-05,1.4797999e-05,-2.6248182e-05,-1.8045171e-05,4.6623064e-05,1.6317109e-05,2.358826e-05,-2.7582362e-05,-2.0069522e-05,7.5334638e-05,7.0022994e-05,2.6145454e-05,-1.9950106e-05,-0.00060841335,5.4840799e-06,8.2512175e-05,-0.00022085957,0.00058841843,0.00010081446,4.7995889e-05,-0.00014511699,-1.664927e-05,0.00017926809,3.8644501e-05,-5.2116128e-05,7.2219699e-05,-0.0011492012,0.00036003556,1.7058704e-06,0.0028352591,-0.00047602773,-6.6761644e-05,8.4216346e-05,-0.0001159992,-0.00056893448,-2.5788821e-05,-0.00083295431,0.00044483246,-0.00015435603,0.00013506668,1.7061165e-05,0.00041838802,-9.014433e-05,-8.7732561e-05
-2.9294868e-05,-7.7999514e-05,-0.00026170596,1.7926091e-05,2.9722613e-05,1.8902286e-05,-7.7502463e-05,3.0265978e-05,1.1510946e-05,1.4721707e-06,-2.3320868e-05,-7.9549372e-06,-1.2059036e-05,5.9206149e-06,8.8712665e-05,-9.9009309e-05,-3.6649574e-06,0.00013958282,-0.00044462418,0.00099899965,-2.4622404e-05,7.9558986e-05,0.00018541485,-0.00076555625,-0.00014144582,5.0622911e-05,-9.7964367e-05,0.00044532783,-0.0013162513,-0.00015302612,-8.9461035e-05,-0.00014787064,0.0019536444,-0.0013223344,-0.00056301651,-0.00047602773,0.0027085636,8.4242048e-05,4.2488326e-05,0.00031777317,0.00080596188,0.00093559728,0.00051774791,-0.00033273161,0.00019428267,-0.00034302958,0.00025432254,-0.00033158627,-0.00010681352,0.00014794312
-0.00010187335,9.0481908e-05,6.2081757e-05,1.3583642e-05,2.3854798e-05,4.2506678e-06,-8.5582217e-06,9.0012795e-07,-2.3511714e-06,1.9903251e-05,8.7614602e-06,-2.5416192e-07,-6.501655e-07,-8.1350214e-06,6.2370228e-05,-0.00035479542,0.00036603522,0.0007244285,-0.0015463651,2.9540983e-05,0.00086332423,-6.9694573e-05,0.00012216829,-3.6496452e-05,-0.00073748619,0.0001344276,-0.00026988053,0.0001411203,-6.3719768e-05,-0.0016552259,-6.9835313e-05,-4.5444239e-05,0.00057159802,-0.00042303256,0.00012783959,-6.6761644e-05,8.4242048e-05,0.0036687937,-2.6637522e-05,0.00041312889,6.7135111e-05,2.1553298e-05,5.0923589e-05,-0.0001274771,0.00011148225,-5.5298161e-05,-0.00010097333,-7.6979687e-05,-2.8205715e-05,6.0756566e-05
0.00013948702,1.2524385e-05,-2.8309975e-05,-1.850292e-05,-2.992898e-05,6.0704969e-05,3.2372905e-05,-8.961247e-06,1.0373905e-05,-1.0967755e-05,-3.4755372e-05,2.3045339e-05,-1.0687345e-05,6.6228731e-05,-5.2896839e-05,-0.00034218885,0.00030692914,0.00083812258,-0.001537501,-5.2222516e-05,2.8743103e-05,0.0010906628,-0.00012836036,6.435638e-05,0.00011855258,-0.00085929414,-8.8335808e-05,-0.00029144301,7.2133116e-06,-8.9302563e-05,-0.0017673071,5.779056e-06,-0.0025112499,0.00121211,0.00011636514,8.4216346e-05,4.2488326e-05,-2.6637522e-05,0.0040348226,-0.00027868828,-7.8596478e-05,0.00010455205,-0.00042268289,0.00032209831,-0.00021943461,0.00043023566,0.00011222887,0.00021727899,0.00020102976,-0.00026529153
-8.8144758e-05,-2.684974e-05,-0.00011185691,5.685561e-05,3.9894341e-05,-3.7979706e-05,-8.4444491e-05,2.2404227e-05,-1.1257799e-05,1.4504029e-05,-3.8331663e-05,-6.7702598e-06,5.6848558e-05,-4.8419606e-05,0.00014148722,-0.00032232862,0.00039184868,0.00063266174,-0.0014696306,-3.9663284e-06,0.00011783008,-8.7981953e-05,0.00089948847,-3.4675579e-06,-0.0002535991,6.4714913e-05,-0.0007251263,0.0006036214,-0.00018543836,-0.00021960124,-9.8143817e-06,-0.0014556607,0.0039026833,-0.0022090423,-0.0003794369,-0.0001159992,0.00031777317,0.00041312889,-0.00027868828,0.0036415227,-4.3108675e-05,9.0672317e-05,0.00071088644,-0.0006186372,0.00062803988,-0.00059012663,8.9599406e-05,-0.00054166664,-0.00020427559,0.0003854316
0.00016440598,6.0525682e-06,-0.00012751518,-1.6303143e-05,2.1711491e-05,2.6754439e-05,-9.5723131e-06,1.2121951e-05,-4.8793986e-06,2.3830685e-06,-1.1521656e-05,-8.0074024e-06,-3.0459555e-05,-3.3183987e-06,1.8890083e-06,-1.7370557e-05,-6.1395904e-05,-1.3157752e-05,-0.00022003976,0.0011083548,2.4295809e-05,1.7504297e-05,9.201302e-05,-0.00095947711,-5.8583411e-05,0.00010042911,-1.4210649e-05,-4.0330041e-05,-0.00029157119,-3.7394298e-05,7.9056746e-05,-4.0076713e-05,0.00021461369,-8.3173042e-05,9.1896769e-07,-0.00056893448,0.00080596188,6.7135111e-05,-7.8596478e-05,-4.3108675e-05,0.0011623339,8.1348859e-05,0.00018050891,-8.9903142e-05,-5.5240449e-05,-2.3583906e-05,-9.843482e-06,-8.6201033e-05,3.1820139e-05,8.8982316e-06
-6.0597398e-05,-1.2261945e-05,-7.2340679e-05,1.1247744e-05,5.4194619e-06,1.1316728e-05,-1.3678604e-05,2.1348546e-07,-1.9388972e-06,7.4225296e-06,-1.1977056e-05,-4.9327869e-06,-1.2058949e-05,1.0560499e-05,-8.9976568e-06,-5.4475989e-05,3.2673228e-05,8.11151e-05,-0.00014136122,3.4761643e-05,-9.2957815e-06,7.0075953e-05,7.48073e-05,-1.1955007e-05,-1.4859222e-05,-1.5412671e-05,-5.2895291e-05,-2.6223815e-06,-0.00054807662,-2.9931279e-05,-7.4959134e-05,-4.5096388e-05,0.00023524984,-1.7809737e-05,-5.3506457e-05,-2.5788821e-05,0.00093559728,2.1553298e-05,0.00010455205,9.0672317e-05,8.1348859e-05,0.0007085234,4.9039168e-05,7.7451382e-06,-5.6834214e-05,-4.7813483e-05,4.2690255e-05,-3.0052727e-05,-1.4963396e-05,2.4667259e-05
-6.7112793e-05,-0.00022945177,-0.00097306827,5.2137786e-05,4.0544025e-05,-7.4668132e-05,-0.00021255186,-1.7435139e-05,3.1984532e-05,-3.9333597e-06,-1.6365384e-05,-6.54405e-05,-1.1000806e-05,-6.3122087e-05,0.00023915549,7.5615683e-05,-0.00010281806,2.6543532e-07,-0.0001091504,0.00026441479,-0.00013051344,-5.1499331e-06,2.3960983e-05,-0.00014510494,4.0160176e-05,1.1092016e-05,-2.1793212e-05,0.0012408252,-0.00029249421,-0.00017314075,0.00016122043,-0.00011105934,0.0090557666,-0.0045491893,-0.00071538071,-0.00083295431,0.00051774791,5.0923589e-05,-0.00042268289,0.00071088644,0.00018050891,4.9039168e-05,0.0030136749,-0.0017554555,0.0013274484,-0.0012011199,-4.2433033e-05,-0.0016034483,-0.00031563552,0.00066377701
-0.0002549057,-0.00017848527,9.8831675e-05,-3.2837699e-05,-2.9762929e-05,0.0001133734,8.1059104e-05,-7.6326629e-07,-3.8097682e-05,-4.0762222e-06,8.2034232e-06,3.2727231e-05,-1.624597e-05,8.2645932e-05,-0.00020775163,-6.1270624e-05,8.3883333e-05,3.5838811e-05,0.00011306336,-0.00014670549,0.00011931357,-3.0296313e-05,-2.4369443e-05,6.1925866e-05,8.1576001e-05,-4.4528432e-05,3.4470014e-05,-0.0011824291,0.00019569512,0.00019639426,-0.00015678032,3.6410391e-05,-0.007135621,0.0040841114,0.00057691824,0.00044483246,-0.00033273161,-0.0001274771,0.00032209831,-0.0006186372,-8.9903142e-05,7.7451382e-06,-0.0017554555,0.0017473004,-0.0013127296,0.0010660044,4.0800891e-05,0.0013269072,0.0002975762,-0.00051491497
3.9267872e-05,1.8618253e-05,-0.00014425885,1.2169323e-05,3.5338607e-05,-8.6792229e-05,-0.00010393166,-9.5826776e-06,2.6430521e-05,1.2550997e-05,1.1442548e-06,-7.3811631e-06,2.7630356e-05,-4.9016092e-05,0.00015166911,4.9575335e-05,6.3107302e-05,5.0969415e-05,-0.00021580652,-1.5093394e-05,-4.4532345e-05,-4.2011246e-05,2.2030553e-05,7.1249153e-05,-0.00020354451,-4.4257005e-05,-6.7706076e-05,0.0013378508,-0.00012601724,-0.00018727061,5.557649e-05,-6.0182771e-05,0.0058697881,-0.0038028084,-0.0005471225,-0.00015435603,0.00019428267,0.00011148225,-0.00021943461,0.00062803988,-5.5240449e-05,-5.6834214e-05,0.0013274484,-0.0013127296,0.0020156438,-0.00093311512,2.5497636e-05,-0.0010937247,-0.00030658951,0.00045451481
9.9660587e-05,-0.00016448638,6.2968479e-05,-3.1815565e-05,-2.9411592e-05,9.329201e-05,5.8040372e-05,1.1836973e-06,-1.1873981e-05,-1.387675e-05,1.3125667e-05,2.1978894e-05,-1.1005299e-05,7.8251862e-05,-0.00023723554,-4.9876587e-05,2.6540736e-05,4.5106021e-05,4.525631e-05,-7.7790658e-05,-6.3993748e-05,5.0464576e-05,4.5838666e-05,-3.6802302e-06,0.00011266886,-6.1751773e-05,3.7317153e-05,-0.0013780721,0.00023641263,8.3782733e-05,-0.00014303041,6.3267915e-05,-0.0071128994,0.003911918,0.0009504454,0.00013506668,-0.00034302958,-5.5298161e-05,0.00043023566,-0.00059012663,-2.3583906e-05,-4.7813483e-05,-0.0012011199,0.0010660044,-0.00093311512,0.0014643575,-5.9239608e-05,0.00094056607,0.00045159254,-0.00058039285
4.2165363e-05,-1.4628402e-05,-2.5534354e-05,-9.0582604e-06,2.2447472e-06,1.2512656e-05,9.9045475e-08,-1.005639e-05,-3.9350602e-05,-7.0209432e-06,-3.3098368e-06,6.2074662e-06,2.1349314e-05,-1.6432093e-07,4.1645023e-05,6.1876448e-05,-1.2021953e-05,9.747886e-05,-3.2166794e-05,1.4338542e-05,-6.0597431e-05,-4.5997102e-05,3.9637713e-05,9.048069e-06,-5.0211098e-05,-8.5493482e-06,1.4378309e-05,0.00023625153,-9.6991685e-05,-5.9408594e-05,-0.00011035343,-0.00010606062,-0.00011534503,-0.00034594296,-0.00098897372,1.7061165e-05,0.00025432254,-0.00010097333,0.00011222887,8.9599406e-05,-9.843482e-06,4.2690255e-05,-4.2433033e-05,4.0800891e-05,2.5497636e-05,-5.9239608e-05,0.001004988,2.4101157e-05,-3.1498312e-05,-4.5908766e-05
-0.00019894479,-0.0001341028,0.00015340187,-2.9872977e-05,-2.8974694e-05,9.1234425e-05,8.4025618e-05,1.7140613e-05,-1.9849991e-05,-1.4450195e-05,2.271083e-06,3.6221387e-05,-1.8089735e-06,6.5689422e-05,-0.00017674856,-2.9775712e-05,4.6862084e-05,-1.447669e-05,0.00010192924,-0.00012326292,5.5861581e-05,-5.9569367e-05,-4.5289417e-05,2.9907708e-05,5.9050457e-05,3.7617586e-05,1.6342637e-05,-0.0009859327,0.00016654303,0.00016731178,-7.4472819e-05,3.3345955e-05,-0.0062768692,0.003481457,0.00057244026,0.00041838802,-0.00033158627,-7.6979687e-05,0.00021727899,-0.00054166664,-8.6201033e-05,-3.0052727e-05,-0.0016034483,0.0013269072,-0.0010937247,0.00094056607,2.4101157e-05,0.0013581582,0.00025435968,-0.0004548977
0.00013786014,-8.6537182e-06,1.7333508e-05,-7.7072207e-06,-2.9044612e-06,3.1738293e-05,2.7266649e-05,-1.0758454e-05,2.2973746e-06,-9.0137113e-06,-1.2017276e-06,7.275493e-06,-1.5611388e-05,3.5190645e-05,-9.9114131e-05,5.601277e-06,1.3438782e-05,1.2518929e-05,-1.9135389e-05,2.4841612e-05,-2.1727143e-05,1.9564279e-06,3.2240851e-05,-5.7246227e-05,4.2508427e-05,-1.6550207e-05,8.334722e-07,-0.00055643082,7.3903471e-05,4.6046786e-05,-1.6263424e-05,1.0487082e-05,-0.0026370868,0.0015923649,0.00031696224,-9.014433e-05,-0.00010681352,-2.8205715e-05,0.00020102976,-0.00020427559,3.1820139e-05,-1.4963396e-05,-0.00031563552,0.0002975762,-0.00030658951,0.00045159254,-3.1498312e-05,0.00025435968,0.00033513913,-0.00023957096
-0.00012127095,2.570538e-05,-4.1682671e-05,1.9410183e-05,1.8774007e-05,-7.0131944e-05,-4.0228411e-05,6.7472183e-06,-7.8116705e-06,8.2584712e-06,3.7369254e-06,-1.6175535e-05,3.7508428e-06,-4.6410542e-05,0.00011621848,-3.2195839e-05,-2.1787492e-05,-9.4482889e-06,-5.9671443e-05,1.2259794e-05,5.2850521e-05,-2.0275104e-05,-8.5868798e-07,8.7320484e-06,-3.2997624e-05,4.054745e-06,-9.7761822e-06,0.0006004284,-0.00011395914,-5.3877372e-05,7.4222024e-05,-4.3902322e-05,0.0037526667,-0.001981543,-0.00027941985,-8.7732561e-05,0.00014794312,6.0756566e-05,-0.00026529153,0.0003854316,8.8982316e-06,2.4667259e-05,0.00066377701,-0.00051491497,0.00045451481,-0.00058039285,-4.5908766e-05,-0.0004548977,-0.00023957096,0.00054099379
