"","1","2","3","4","5","6","7","8","9","10","11","12","13","14","15","16","17","18","19","20","21","22","23","24","25","26","27","28","29","30","31","32","33","34","35","36","37","38","39","40","41","42","43","44","45","46","47","48","49","50","51","52","53","54","55","56","57","58","59","60","61","62","63","64","65","66","67","68","69","70","71","72","73","74","75","76","77","78"
"1",1.20791,0.486057,0.371448,-0.0022309,-0.000852653,0.000992675,0.00213,0.00199592,0.0151112,-0.00954225,0.00148122,0.0152845,0.0167919,-0.00974228,-0.000452464,-0.000354751,0.0106417,0.00216558,0.000491363,-0.000568391,-0.00228345,0.00192299,0.00329237,-0.000878913,-0.000191375,0.00199088,-0.000939198,0.000525583,0.00054763,0.00155053,-0.000247185,-0.00106798,-0.00230712,0.00153521,0.00157434,0.000167708,-0.00364694,-0.00172764,-0.00108478,0.00301209,-0.000114898,-0.000463339,-0.00164944,0.000385506,0.00245425,-0.36715,-0.00352911,-0.00115302,2.34959e-05,2.3674e-05,-0.000251449,0.000315926,0.000280852,5.97044e-05,-0.000416444,-3.20981e-05,-0.00111597,6.73258e-05,-0.000850224,-5.83426e-05,0.000121995,0.000609131,0.00116838,-0.000641869,-0.00094414,0.000701926,0.00075755,0.000555967,-0.000449871,0.000277168,-0.000594805,0.000825558,-7.29028e-05,-0.00927783,0.00153328,-0.000377652,0.00373561,-7.74688e-05
"2",0.486057,1.07337,0.516622,0.00105992,-0.000875567,-0.000666864,0.00184778,0.000483075,-0.00652219,0.00182935,-0.0055167,0.00597788,0.0147869,-0.00907457,-0.000680528,6.20023e-05,-0.00140245,0.00566982,-0.000345536,4.8534e-05,-0.00260132,0.00106744,0.000971145,-0.000217613,-0.000339598,0.000386543,-0.000594186,0.00127015,0.000493806,0.000767057,-0.0002304,0.00025527,-0.00219807,-0.000808068,0.00242949,-0.00170979,0.000103339,0.00393772,0.00253559,0.00140873,0.000452822,-0.000458684,0.000151154,-3.34719e-06,-0.00271783,-0.0435147,0.00143086,0.000404764,9.9615e-06,0.000847799,0.000138234,-0.000322161,7.23509e-05,3.48793e-05,-0.000375327,-0.000138137,9.21477e-06,9.51372e-05,-0.000300405,2.00223e-05,2.78428e-05,0.000326362,-0.000784775,-0.00029318,0.000742269,4.2122e-06,-0.000610681,-0.000662784,-0.000569848,-1.7893e-05,0.000218182,-0.000123117,-1.25908e-05,0.0124353,-0.00127919,-2.03843e-05,-0.000750984,-7.84139e-05
"3",0.371448,0.516622,1.84543,-0.00142321,-0.000507688,-0.000979966,-0.00395589,-0.00509307,-0.0114624,-0.000819958,-0.00266789,-0.0387042,0.00929405,0.00470479,-0.00271324,-0.000902917,-0.0118042,-0.00475116,0.000515565,-0.00174464,-0.00435201,0.00012026,0.000968821,-0.000357756,-0.000240411,-0.00016389,-0.00246726,-0.000363717,-0.000464123,0.00441513,-0.000597804,0.00119372,-0.000506323,0.000460805,0.00247528,0.00203818,-0.000657365,0.000495989,0.00198045,0.00199426,0.00237654,0.00115996,-0.000397567,6.72314e-05,-0.00485199,0.352866,-0.00123699,-0.000451815,0.000172037,0.000869666,-3.60773e-05,0.000394092,0.00034965,-1.19307e-05,-0.000293951,0.000393859,-0.000594683,3.11814e-05,-0.00120848,-4.82121e-05,-9.92742e-05,0.000243251,0.000436743,-0.000524189,-0.000517408,0.000341328,-0.000226068,-0.000415784,-9.62295e-05,0.00011992,-0.000298529,-9.75514e-05,-8.61714e-06,0.00857157,-0.00159798,0.0002241,-0.000112311,0.000378556
"4",-0.0022309,0.00105992,-0.00142321,0.00132877,5.47728e-05,-9.2108e-05,0.000156573,0.000637863,-8.1849e-05,5.4867e-05,-3.60098e-05,-1.05523e-05,-2.23466e-05,-2.71871e-05,3.80548e-07,0.000372157,-0.000843252,-0.000244302,-6.18012e-05,-3.31406e-05,-9.83429e-05,-4.37817e-05,-2.26153e-05,-5.53005e-06,-1.17585e-06,7.07876e-05,0.000167423,-0.000384362,-3.1045e-05,5.82213e-07,-3.8357e-05,2.1466e-05,-5.02892e-05,-9.30654e-05,-4.98806e-05,-5.4249e-05,0.000131207,-2.41087e-06,0.000156907,3.92083e-05,-5.73989e-05,4.14403e-05,-5.36719e-05,-7.79344e-06,0.000387099,0.00109022,0.00100637,0.000250199,7.76475e-05,0.000160932,1.76462e-05,-0.000277039,-7.51939e-06,-4.56445e-06,-3.49877e-05,-0.00013875,0.000343716,2.07432e-05,3.4966e-05,3.04202e-05,1.91396e-05,-2.63281e-05,-0.000439041,8.14093e-05,0.000251979,3.7439e-06,-0.000121517,-0.000109213,-3.77285e-05,-7.76547e-05,0.000171324,-0.000114424,8.65705e-07,6.32698e-05,-8.30566e-06,1.24736e-06,-0.000889834,-3.55715e-05
"5",-0.000852653,-0.000875567,-0.000507688,5.47728e-05,0.000769759,0.000110334,2.05228e-05,5.86702e-05,9.04147e-06,3.82458e-05,7.17916e-06,2.58742e-05,6.89413e-06,-2.24999e-05,-4.61191e-07,-4.24856e-05,5.19465e-05,7.35902e-05,-4.93403e-05,2.14656e-05,1.04343e-05,2.02632e-05,3.18219e-05,-1.74414e-05,9.15631e-06,9.69887e-05,-1.18642e-05,8.99737e-06,2.70957e-05,6.9996e-05,-6.60669e-06,-2.16777e-05,1.36612e-05,1.56008e-05,3.67168e-05,-9.58221e-06,-0.000132635,-2.09361e-05,-4.02525e-05,-0.000111094,3.13136e-05,4.27449e-06,6.18796e-05,9.21247e-06,-1.68581e-05,0.000151681,3.91858e-06,5.50003e-06,-3.84213e-06,1.71746e-06,-2.16155e-06,2.03769e-06,7.83212e-07,-1.31109e-06,-8.09007e-06,-5.62323e-06,-1.81244e-05,-8.64823e-06,-1.01537e-05,-2.93823e-06,2.43831e-06,5.03844e-06,-4.44454e-06,-3.95878e-06,-1.40719e-06,2.05646e-05,4.5354e-06,-5.23283e-06,1.38275e-05,-9.37672e-07,-1.20541e-06,-7.75769e-06,-2.02062e-06,2.75827e-05,-2.53864e-07,2.72443e-07,-3.8039e-05,7.13475e-07
"6",0.000992675,-0.000666864,-0.000979966,-9.2108e-05,0.000110334,0.000883566,6.84616e-05,0.000157631,4.83619e-05,-1.97199e-05,7.5327e-05,6.87302e-05,7.50308e-05,-6.07788e-05,1.3672e-06,-0.000140269,0.00021403,5.28053e-05,-3.69215e-05,-1.61222e-05,-2.77741e-06,4.62944e-06,3.61314e-05,-4.375e-05,1.96562e-05,3.26405e-05,2.33944e-05,0.00015046,3.63695e-05,4.27748e-05,5.64944e-05,-3.43725e-05,-5.08364e-05,4.52004e-05,-1.01624e-05,-5.30917e-05,-2.02682e-05,-0.000104875,-7.20825e-05,-1.51519e-05,-2.06894e-05,4.65972e-06,7.32706e-05,1.06673e-05,-5.27987e-05,-0.00159308,-0.000171993,-4.09153e-05,-1.46812e-05,-3.40296e-05,4.75894e-07,3.74037e-05,1.63365e-05,-3.05293e-06,2.28927e-06,9.61784e-06,-3.90497e-05,-8.52155e-06,-2.68787e-05,-1.13957e-05,-1.79657e-07,4.55298e-06,5.31862e-05,-2.3751e-05,-2.73053e-05,-7.98909e-08,3.51799e-05,1.39987e-05,4.60113e-06,1.21424e-05,-3.10742e-05,1.12452e-05,-2.12716e-06,-4.80777e-05,9.14874e-06,-1.41622e-06,0.000122342,3.384e-06
"7",0.00213,0.00184778,-0.00395589,0.000156573,2.05228e-05,6.84616e-05,0.00161341,0.000550457,0.000133426,1.18228e-05,9.83306e-05,0.00036125,0.000110082,-0.000112547,4.22256e-06,6.7896e-05,-3.47408e-05,0.000134395,8.22706e-05,9.70486e-06,-5.38731e-05,-4.43738e-06,5.76653e-05,2.04381e-05,-2.56831e-06,-9.43057e-05,2.98877e-05,-4.7513e-06,-8.58924e-06,-2.31062e-05,2.01022e-05,-2.96281e-05,-0.000119998,2.52392e-05,-0.000118798,-9.57269e-05,3.00578e-05,-0.000167574,-4.90994e-05,3.27895e-05,-7.17328e-05,1.61285e-05,6.42267e-05,1.23093e-05,6.46688e-05,-0.00373354,9.47649e-05,5.92916e-06,-6.61264e-07,2.77968e-05,-2.66247e-06,-3.63229e-05,-8.73698e-06,-3.58643e-07,1.04312e-05,-5.76741e-06,-4.88489e-05,2.01826e-05,-2.07003e-06,3.19328e-06,9.2895e-06,2.41908e-05,-4.82914e-05,2.21423e-05,4.62279e-05,-4.79761e-06,1.80778e-05,3.48127e-05,3.81294e-06,2.45979e-06,1.47384e-05,-1.78419e-05,-4.68114e-06,-8.82792e-05,1.51539e-05,-2.38531e-06,-3.33986e-05,-9.97329e-06
"8",0.00199592,0.000483075,-0.00509307,0.000637863,5.86702e-05,0.000157631,0.000550457,0.00408251,0.000274982,-1.79666e-05,0.000157034,0.000297811,0.000219536,-0.000101354,6.15381e-06,4.47781e-05,-0.000343314,0.000208484,0.000103321,3.70516e-05,-3.42809e-05,6.97716e-05,3.19334e-05,0.000122793,-7.97802e-06,-0.000120489,0.000176921,-0.000135822,1.52975e-05,-8.93023e-05,6.89812e-05,-6.54868e-05,-0.000228229,0.000132934,-0.000122646,-9.70815e-05,-5.22319e-05,-0.000322738,9.84263e-05,-5.66721e-05,-0.000244925,-7.1253e-05,-5.73398e-05,2.48672e-05,0.000252161,-0.00515019,0.000590379,0.000125434,2.62019e-05,5.97314e-05,-3.08211e-05,-0.000185406,-2.22021e-05,-1.39466e-06,1.71362e-05,-9.68523e-05,0.000192412,2.39998e-05,4.13914e-05,8.98899e-06,1.69568e-05,3.08696e-05,-0.000284269,6.96249e-05,0.000162968,3.15486e-05,2.05408e-05,-9.24888e-05,-6.51457e-06,-4.64609e-05,0.000116396,-6.16122e-05,-7.99259e-06,-0.000126426,2.88281e-05,-4.42084e-06,-0.000377581,-3.78658e-05
"9",0.0151112,-0.00652219,-0.0114624,-8.1849e-05,9.04147e-06,4.83619e-05,0.000133426,0.000274982,0.00278197,-6.60366e-05,0.000112401,0.000636164,0.000134613,-0.000250824,2.9522e-05,0.000136781,0.000776023,-0.00042041,8.6943e-05,5.08741e-05,3.66113e-05,0.000149136,0.000142365,-3.93845e-05,-6.09394e-07,-9.18741e-05,-5.70502e-05,0.000297868,-9.56943e-06,0.000151943,3.74432e-05,-3.99881e-05,-3.09649e-05,1.45104e-05,-0.000105567,0.000139829,-0.000102832,-0.000127933,-0.000204784,0.000109937,8.90661e-05,-0.000109743,-1.36424e-05,1.51518e-05,0.000571112,-0.0264912,-0.000165127,-4.85112e-05,-1.26745e-05,-1.81423e-05,-3.11241e-05,1.5587e-05,7.62373e-06,2.66176e-06,2.87949e-05,4.58098e-05,-5.01109e-05,-3.0649e-07,-4.63849e-05,-1.10657e-05,-2.17702e-06,1.83239e-05,6.06759e-05,-4.94282e-06,-4.5952e-05,1.99084e-05,4.67792e-05,3.36234e-05,-2.07397e-05,9.41517e-07,-1.11113e-05,2.95613e-05,-2.67476e-06,-0.00187769,0.000207198,-2.33322e-05,0.000187673,-1.25503e-05
"10",-0.00954225,0.00182935,-0.000819958,5.4867e-05,3.82458e-05,-1.97199e-05,1.18228e-05,-1.79666e-05,-6.60366e-05,0.000724926,-1.70147e-05,1.56469e-05,2.50929e-06,-7.00747e-05,4.00673e-06,-4.39307e-05,-6.77295e-05,-6.10529e-05,-3.30095e-05,3.27324e-05,-2.01936e-06,-4.27911e-05,8.76793e-06,1.74292e-05,-6.66094e-06,-4.10288e-05,-4.38596e-05,-1.46697e-05,1.08525e-05,8.21867e-05,9.27743e-06,2.82669e-05,-4.56115e-05,-1.99957e-05,-2.35474e-05,2.64324e-05,3.89431e-05,-4.5788e-06,-3.28994e-05,-3.07234e-05,2.35894e-05,5.20131e-06,8.4371e-05,-6.52362e-06,-3.50586e-05,0.00183206,1.46607e-05,1.72322e-05,-1.07259e-06,-1.82872e-06,6.29598e-06,1.32641e-06,-3.18785e-06,8.26664e-07,9.16324e-06,2.34727e-05,7.26777e-06,3.20432e-06,-6.53619e-06,-3.77634e-06,-4.15375e-06,1.15904e-05,-5.87335e-06,-4.08281e-06,6.86777e-06,-4.04796e-06,2.32568e-06,7.31727e-06,-4.80963e-06,-6.08179e-06,1.91203e-06,-1.48709e-05,1.03228e-06,8.72851e-05,-1.91551e-05,2.71119e-06,2.56525e-06,-2.03431e-07
"11",0.00148122,-0.0055167,-0.00266789,-3.60098e-05,7.17916e-06,7.5327e-05,9.83306e-05,0.000157034,0.000112401,-1.70147e-05,0.000570571,0.000124813,8.40059e-05,-7.77126e-05,7.09658e-06,-0.000207612,0.000101127,4.69818e-05,-1.06551e-05,-1.6072e-05,1.06238e-05,2.84305e-05,5.29362e-05,-1.13819e-05,1.06349e-05,2.95717e-05,4.70959e-05,6.80825e-05,1.73635e-05,-5.28322e-05,1.38695e-05,1.02903e-06,4.14984e-06,8.18415e-05,-1.87567e-05,-3.20389e-05,-3.09517e-05,-0.000129581,-1.28778e-05,-2.6208e-05,-2.0596e-05,2.94838e-05,-1.75686e-05,3.66928e-06,-1.41553e-05,-0.00162468,-6.10476e-05,-1.67329e-05,-4.06465e-06,-1.07393e-05,-1.19781e-05,-5.14092e-07,5.31022e-06,-1.64748e-06,4.65329e-06,1.32259e-06,-2.32263e-05,-2.78484e-07,4.54118e-06,-3.44095e-06,-1.05658e-06,7.64015e-06,1.16653e-05,-3.70682e-06,-8.08417e-06,-8.91756e-07,2.35619e-05,1.58026e-05,9.92543e-06,9.64688e-06,-1.38038e-05,1.08271e-05,-3.64224e-07,-9.55375e-05,1.14294e-05,-1.67294e-06,6.46789e-05,3.53943e-07
"12",0.0152845,0.00597788,-0.0387042,-1.05523e-05,2.58742e-05,6.87302e-05,0.00036125,0.000297811,0.000636164,1.56469e-05,0.000124813,0.00268964,0.000431937,-0.000390137,4.1474e-05,-3.80303e-05,0.000713518,0.000418144,-2.65623e-05,6.37416e-05,3.12194e-05,8.5287e-05,8.40176e-05,-3.77801e-06,-3.82662e-06,-7.73763e-05,0.000100023,-2.31779e-05,1.96503e-05,-0.000163944,5.68666e-05,-3.49671e-05,-5.67759e-05,-3.54655e-05,-7.58491e-05,-0.000154322,-0.000129253,-0.000133101,-0.000122216,9.05793e-05,2.78007e-05,-1.8825e-05,8.38539e-05,4.82623e-06,0.000141146,-0.0244408,-9.73521e-05,-2.33434e-05,-2.27351e-05,-2.16695e-05,-1.1315e-05,6.73367e-06,-1.40877e-06,2.72859e-06,2.38144e-05,-1.25699e-05,-3.06552e-05,7.18249e-06,2.77416e-05,-2.24516e-06,8.07292e-07,2.152e-05,2.94642e-05,-1.85352e-06,4.73063e-06,2.56921e-05,3.59793e-05,2.41763e-05,-2.12918e-05,-9.28889e-07,-1.74885e-05,1.87261e-05,-2.49452e-06,-0.000397929,7.99966e-05,-1.86739e-05,0.000155035,-1.56211e-05
"13",0.0167919,0.0147869,0.00929405,-2.23466e-05,6.89413e-06,7.50308e-05,0.000110082,0.000219536,0.000134613,2.50929e-06,8.40059e-05,0.000431937,0.00147384,-0.000237807,-2.18621e-05,-0.000259527,0.000244181,0.000181397,5.04656e-05,-2.80502e-05,4.6994e-05,6.16356e-05,0.000105473,-1.23745e-05,-6.04189e-06,5.90072e-05,7.23162e-05,-0.000142751,3.64211e-05,-4.29863e-05,7.24895e-05,-8.38616e-06,-3.36993e-05,4.98029e-05,2.59215e-05,-0.000151295,-4.22327e-05,-3.79213e-05,-7.27509e-05,8.81139e-05,4.40824e-05,-4.3897e-06,-4.60988e-05,4.35404e-06,-3.50865e-05,-0.00704107,-7.76922e-05,-3.85334e-05,1.17999e-06,-1.65458e-05,-1.18706e-05,2.21731e-06,2.27442e-06,2.04583e-06,-8.46298e-06,9.21344e-06,-1.01281e-05,-1.702e-06,-7.02911e-06,-1.11341e-05,2.5022e-06,7.75195e-06,1.13082e-05,-1.08378e-05,9.04723e-06,2.40111e-07,1.55272e-05,2.79816e-05,-9.60274e-06,7.78825e-06,-1.59474e-05,1.32085e-05,-1.52054e-06,1.51937e-05,8.91249e-06,-6.33175e-06,9.48443e-05,-2.21866e-06
"14",-0.00974228,-0.00907457,0.00470479,-2.71871e-05,-2.24999e-05,-6.07788e-05,-0.000112547,-0.000101354,-0.000250824,-7.00747e-05,-7.77126e-05,-0.000390137,-0.000237807,0.000712229,-5.08771e-05,0.000196625,-0.000223456,-0.000107104,5.19464e-05,-5.80827e-05,4.85594e-05,-8.02753e-06,-8.90047e-05,3.74653e-06,1.3103e-06,-1.53105e-05,2.19199e-05,0.000195753,-4.52452e-05,-0.000101652,-1.23126e-05,1.63344e-05,7.78786e-05,-5.84122e-05,-2.72869e-05,4.2108e-06,7.97322e-06,1.88876e-06,1.99305e-05,-1.20673e-05,4.19434e-05,3.689e-05,-7.93324e-07,-5.04935e-06,-2.51593e-06,0.00509447,3.40551e-05,7.1824e-06,7.08047e-06,5.64731e-06,3.62978e-06,3.83595e-06,-1.54211e-06,-4.63968e-07,6.54941e-06,-8.44814e-06,-6.12982e-07,1.08477e-06,1.32165e-05,3.76757e-06,-2.35584e-06,-1.75081e-05,2.44203e-07,1.43052e-05,3.38962e-06,8.12251e-07,-1.23085e-05,-7.67572e-06,5.80658e-06,9.54099e-07,3.86865e-06,-6.99969e-06,9.72441e-07,-5.52186e-05,-8.41096e-06,3.88079e-06,-6.02016e-05,2.8993e-06
"15",-0.000452464,-0.000680528,-0.00271324,3.80548e-07,-4.61191e-07,1.3672e-06,4.22256e-06,6.15381e-06,2.9522e-05,4.00673e-06,7.09658e-06,4.1474e-05,-2.18621e-05,-5.08771e-05,1.12862e-05,-2.22152e-05,2.64696e-05,7.06874e-06,-4.06371e-06,3.9568e-06,1.64634e-06,-1.30668e-06,4.86025e-06,1.96665e-07,3.44197e-07,1.27829e-06,2.93814e-06,-5.63217e-06,3.40285e-06,2.54676e-07,1.04424e-06,-6.31822e-07,-1.20269e-06,6.08872e-06,-5.45521e-07,-1.35139e-06,2.26063e-06,1.57885e-06,3.12503e-06,-2.48198e-06,-4.10649e-06,-3.27546e-06,-2.97502e-06,2.52975e-07,5.6761e-06,-0.00055504,1.4104e-06,3.08745e-07,2.71044e-07,-8.84371e-07,4.82693e-08,-8.89394e-07,-1.96695e-07,-4.94416e-08,-1.12467e-08,3.04896e-07,8.1447e-07,-3.16382e-07,1.72052e-06,1.91722e-07,-1.88336e-08,5.80695e-07,-1.70373e-06,-1.00013e-06,1.19899e-06,-9.08734e-07,1.033e-06,-1.02158e-07,-1.0011e-07,-2.81293e-07,6.21551e-07,4.35063e-07,-3.95183e-08,-1.04259e-05,1.6348e-06,-3.37983e-07,4.93334e-07,-5.86148e-07
"16",-0.000354751,6.20023e-05,-0.000902917,0.000372157,-4.24856e-05,-0.000140269,6.7896e-05,4.47781e-05,0.000136781,-4.39307e-05,-0.000207612,-3.80303e-05,-0.000259527,0.000196625,-2.22152e-05,0.0274549,-0.00386095,0.00133196,-0.000145305,-0.000390446,-0.00140697,0.000356568,-7.41284e-05,-0.0013324,3.68579e-05,-0.00166305,-0.00205472,0.00227452,-0.00237883,-0.000825986,-0.000744379,-0.000210953,-0.00119334,-0.00217987,-0.000497237,-0.0039121,0.000452021,0.000154824,-0.000963535,-0.000750805,-0.00196278,-0.00131677,-0.000269641,-9.31595e-06,-7.83666e-05,-0.00208107,5.07928e-05,2.34585e-05,1.31757e-05,0.000221778,-8.34559e-06,3.02066e-05,0.000184363,-1.07522e-05,0.000257257,0.000183415,-0.000159211,0.000322331,0.000192356,0.000114164,2.00884e-05,0.00013657,0.00027312,0.000126759,0.000615108,-3.06141e-05,2.42347e-05,4.52157e-05,0.000111946,0.000228397,0.000192647,1.12412e-05,1.10831e-06,-0.000125949,2.24773e-05,-1.61351e-06,-8.71266e-05,-1.40704e-06
"17",0.0106417,-0.00140245,-0.0118042,-0.000843252,5.19465e-05,0.00021403,-3.47408e-05,-0.000343314,0.000776023,-6.77295e-05,0.000101127,0.000713518,0.000244181,-0.000223456,2.64696e-05,-0.00386095,0.00224213,0.000140463,5.13368e-05,6.48792e-05,0.000309355,0.000104349,0.000203172,0.000168378,-3.00685e-06,0.000126202,0.00017514,-9.26949e-05,0.000342201,0.000220657,0.000162421,-6.08453e-06,0.000104882,0.000315367,7.4433e-05,0.000584487,-0.000150749,-5.18044e-05,-0.0002112,9.8108e-05,0.000323883,9.67952e-05,7.42013e-05,1.12536e-05,-5.25198e-05,-0.0201176,-0.000932798,-0.000240849,-7.52917e-05,-0.000220445,-3.30749e-05,0.000219898,-4.56523e-05,7.97168e-06,-1.37871e-05,9.93328e-05,-0.000256895,-9.49736e-05,-9.38062e-05,-5.87413e-05,-2.45722e-05,5.26633e-06,0.000346026,-9.3153e-05,-0.000368963,-1.17382e-05,0.000112384,0.000104585,-9.22002e-06,5.22839e-06,-0.000196448,0.000112818,-1.66601e-06,-0.000652773,9.60175e-05,-1.52599e-05,0.000911606,1.70504e-05
"18",0.00216558,0.00566982,-0.00475116,-0.000244302,7.35902e-05,5.28053e-05,0.000134395,0.000208484,-0.00042041,-6.10529e-05,4.69818e-05,0.000418144,0.000181397,-0.000107104,7.06874e-06,0.00133196,0.000140463,0.00339584,0.00018051,-3.32889e-05,6.90333e-05,0.00016019,0.000258123,7.3048e-05,-1.34589e-06,5.95621e-06,-0.000430934,-0.0001412,-0.000132268,-0.000343499,-6.56467e-06,1.76683e-05,6.05124e-05,1.83686e-05,-0.000317864,-0.00069524,-0.000285725,-0.000104669,-0.000286589,-0.000283429,0.000171817,-0.000202547,-0.00013864,3.72472e-06,-0.000689908,-0.00153205,-0.000331287,-0.000106694,-1.97705e-05,-7.77474e-05,-1.68531e-05,7.25723e-05,-6.14712e-06,-2.4603e-06,2.48811e-05,8.17761e-05,-0.000105651,1.00106e-05,4.53422e-05,-1.4632e-05,-8.62056e-06,1.03616e-05,0.000148887,3.27464e-05,4.30735e-05,4.05903e-05,8.263e-05,5.21438e-05,5.97115e-05,2.80339e-06,-3.35943e-05,5.27357e-05,-1.79555e-08,0.000592618,-3.36616e-05,-1.28164e-06,0.000339276,9.85912e-06
"19",0.000491363,-0.000345536,0.000515565,-6.18012e-05,-4.93403e-05,-3.69215e-05,8.22706e-05,0.000103321,8.6943e-05,-3.30095e-05,-1.06551e-05,-2.65623e-05,5.04656e-05,5.19464e-05,-4.06371e-06,-0.000145305,5.13368e-05,0.00018051,0.00134159,-0.000202045,0.000117531,-7.09346e-05,-0.000127971,-1.00509e-05,2.28678e-05,7.16675e-05,-7.31825e-05,-0.000483833,-6.31588e-06,-0.000257001,-8.99735e-06,-0.000151857,-0.000154414,9.8563e-05,-5.19269e-05,-0.000430779,4.94361e-05,-7.63554e-05,4.99698e-05,0.000169883,-0.000326235,1.37798e-07,5.68642e-05,2.4336e-05,-5.17923e-06,-0.00149169,7.44901e-06,-0.000187682,2.25502e-05,-2.43909e-05,1.05672e-05,2.02947e-05,-3.30574e-06,-3.27073e-06,-1.29329e-05,9.84821e-06,2.89027e-05,6.84043e-06,3.37004e-05,5.90791e-07,2.31409e-05,2.39032e-05,-2.41107e-05,6.6617e-06,6.13522e-05,-1.32149e-05,9.57329e-06,-8.27117e-06,-2.46783e-05,5.10858e-05,5.37775e-07,-9.70241e-06,-3.86865e-06,-4.23641e-05,7.50612e-06,-1.24314e-06,-2.08981e-05,-1.26556e-06
"20",-0.000568391,4.8534e-05,-0.00174464,-3.31406e-05,2.14656e-05,-1.61222e-05,9.70486e-06,3.70516e-05,5.08741e-05,3.27324e-05,-1.6072e-05,6.37416e-05,-2.80502e-05,-5.80827e-05,3.9568e-06,-0.000390446,6.48792e-05,-3.32889e-05,-0.000202045,0.00169302,4.04382e-05,1.35441e-05,0.000187505,0.000141368,-2.31909e-05,9.39162e-05,0.000199276,0.000755741,-5.99267e-05,3.58159e-05,-1.87203e-05,-8.13836e-05,1.70916e-05,3.55633e-05,-8.51588e-05,4.16877e-05,-1.6851e-05,1.3785e-05,-3.73248e-05,-9.29361e-05,0.000341599,-5.00186e-05,2.72e-05,-9.32552e-06,2.50506e-05,-0.000725589,-2.39365e-06,3.30401e-05,-0.000227423,1.09055e-06,6.17854e-06,-2.08006e-05,-2.17518e-05,3.85261e-06,-1.61942e-05,-4.03839e-05,-0.000103438,1.03347e-05,-6.01859e-06,4.87118e-06,1.39236e-05,-1.81995e-07,-1.57458e-08,1.77713e-05,-8.50761e-06,1.20701e-05,2.02985e-06,2.30271e-06,1.82247e-05,-4.73013e-05,1.87578e-06,-3.87604e-06,9.68687e-07,-2.84789e-05,4.05898e-06,-3.74582e-07,-1.44156e-05,1.07246e-07
"21",-0.00228345,-0.00260132,-0.00435201,-9.83429e-05,1.04343e-05,-2.77741e-06,-5.38731e-05,-3.42809e-05,3.66113e-05,-2.01936e-06,1.06238e-05,3.12194e-05,4.6994e-05,4.85594e-05,1.64634e-06,-0.00140697,0.000309355,6.90333e-05,0.000117531,4.04382e-05,0.00187902,0.00015332,8.75947e-05,4.62053e-05,1.60988e-05,0.000205287,-0.000173111,0.000420625,1.88387e-05,-0.000193735,-1.9628e-05,-9.1352e-05,-3.60328e-05,0.000101202,-9.40604e-05,-9.29409e-05,-2.34087e-05,2.65413e-05,-0.000156904,-0.000109264,0.000699692,-2.48705e-05,-2.41799e-05,-5.57511e-06,-2.78964e-05,-0.000870143,-9.25293e-05,-3.40973e-05,-2.28413e-06,-0.000262321,-2.4202e-05,1.32315e-05,-8.95321e-06,-1.32037e-06,-1.81421e-05,5.12457e-05,-8.05777e-05,-6.30629e-06,3.27468e-05,-7.75815e-06,8.229e-06,2.4221e-05,3.42814e-05,1.10547e-05,-1.57001e-05,-1.24508e-05,1.26434e-05,2.77537e-05,1.65522e-05,-8.61108e-05,-1.19029e-05,6.52303e-06,1.21117e-07,-6.69653e-05,7.67809e-06,-3.35618e-07,6.33701e-05,2.13449e-06
"22",0.00192299,0.00106744,0.00012026,-4.37817e-05,2.02632e-05,4.62944e-06,-4.43738e-06,6.97716e-05,0.000149136,-4.27911e-05,2.84305e-05,8.5287e-05,6.16356e-05,-8.02753e-06,-1.30668e-06,0.000356568,0.000104349,0.00016019,-7.09346e-05,1.35441e-05,0.00015332,0.00194217,0.000891722,-0.000203187,-7.22043e-06,6.48156e-06,-6.00344e-05,-9.64467e-05,-7.10725e-05,7.88715e-05,9.38801e-06,1.84872e-05,-0.000279236,-0.00013188,-0.000144536,-0.000140065,-1.28753e-05,-0.000233785,-7.10399e-05,0.000231608,0.00030855,-4.84864e-05,5.46168e-05,9.37344e-06,-4.16648e-05,-0.00190266,-0.000132487,-1.77848e-05,-1.37303e-06,-4.27935e-05,-0.000254572,-7.68302e-05,3.00048e-05,1.72694e-06,3.71277e-06,4.23648e-05,-2.82033e-05,5.78709e-06,5.85883e-06,-1.38306e-05,-6.92245e-06,3.55985e-05,7.13261e-05,9.53677e-06,4.64217e-06,-4.16095e-06,4.54123e-05,3.41147e-06,-1.97364e-05,-2.73312e-05,-1.9888e-05,1.23515e-05,-4.29305e-08,-6.89597e-05,1.31985e-05,-1.95498e-06,8.3973e-05,2.6323e-06
"23",0.00329237,0.000971145,0.000968821,-2.26153e-05,3.18219e-05,3.61314e-05,5.76653e-05,3.19334e-05,0.000142365,8.76793e-06,5.29362e-05,8.40176e-05,0.000105473,-8.90047e-05,4.86025e-06,-7.41284e-05,0.000203172,0.000258123,-0.000127971,0.000187505,8.75947e-05,0.000891722,0.00283208,-0.000220823,-4.92989e-07,-0.00014985,-7.11734e-07,-0.000959746,-2.69906e-05,-1.10678e-05,-2.38234e-05,4.22688e-05,-0.000336774,-8.61847e-05,-6.44569e-05,1.8106e-05,0.000194048,-0.000379878,-0.000302373,5.78388e-05,0.000174943,2.08495e-05,6.26202e-05,1.0835e-05,-7.19064e-05,-0.00187677,-0.000170952,-2.05882e-05,-3.76913e-05,-3.72807e-05,-0.000115431,-0.00034059,3.13358e-05,-1.3939e-08,3.71246e-05,3.97739e-05,8.30803e-05,-1.21969e-06,1.65921e-05,-5.29904e-06,-1.04183e-05,6.3282e-05,7.16559e-05,-7.23315e-06,-5.61027e-05,-3.52042e-05,9.51045e-05,3.80111e-05,2.648e-06,-4.48441e-06,-3.12208e-05,1.15136e-05,-9.30177e-07,-2.8468e-05,9.97778e-06,-1.89536e-06,0.00012447,4.70108e-06
"24",-0.000878913,-0.000217613,-0.000357756,-5.53005e-06,-1.74414e-05,-4.375e-05,2.04381e-05,0.000122793,-3.93845e-05,1.74292e-05,-1.13819e-05,-3.77801e-06,-1.23745e-05,3.74653e-06,1.96665e-07,-0.0013324,0.000168378,7.3048e-05,-1.00509e-05,0.000141368,4.62053e-05,-0.000203187,-0.000220823,0.000572629,-7.89394e-05,0.000189936,0.000203683,-0.000111957,5.33657e-05,-0.000200127,1.13203e-07,3.63423e-06,9.3559e-06,9.0293e-05,-1.92553e-06,9.75666e-05,-0.000179199,-3.4938e-05,0.000123416,4.95977e-06,8.85192e-06,-4.29297e-05,2.71088e-06,2.84922e-06,-2.11801e-05,0.00081024,8.68218e-06,-1.75139e-06,-1.83013e-05,-1.0392e-05,2.71371e-05,2.64671e-05,-7.97342e-05,1.19944e-05,-2.53526e-05,-1.4788e-05,7.47582e-06,-7.59467e-06,2.47916e-05,1.51958e-06,-2.81445e-07,-2.87263e-06,-1.37621e-05,-3.06137e-06,-1.37188e-05,2.39135e-05,5.73915e-06,-4.62802e-06,-1.45818e-06,-5.14486e-06,5.70343e-06,-6.44302e-07,-5.65782e-07,3.05595e-05,-4.43385e-06,5.44082e-07,1.02887e-05,-3.89337e-10
"25",-0.000191375,-0.000339598,-0.000240411,-1.17585e-06,9.15631e-06,1.96562e-05,-2.56831e-06,-7.97802e-06,-6.09394e-07,-6.66094e-06,1.06349e-05,-3.82662e-06,-6.04189e-06,1.3103e-06,3.44197e-07,3.68579e-05,-3.00685e-06,-1.34589e-06,2.28678e-05,-2.31909e-05,1.60988e-05,-7.22043e-06,-4.92989e-07,-7.89394e-05,3.27762e-05,1.61958e-05,3.83701e-06,8.06539e-05,6.063e-06,-2.71265e-05,-2.15103e-06,-3.89148e-06,-1.62862e-05,-3.00961e-05,-2.23385e-05,-1.31146e-05,1.75246e-05,-8.28148e-06,-1.22132e-05,-1.14236e-06,-2.67803e-05,2.25022e-06,-9.3612e-06,1.92724e-06,-1.92427e-06,-0.000102111,-3.19092e-06,-3.0706e-06,3.12133e-06,-1.98938e-06,1.08351e-06,1.84053e-07,1.20933e-05,-4.74943e-06,-1.90858e-06,-3.59321e-06,-6.05421e-06,-5.84432e-07,5.86381e-06,2.3491e-07,2.22529e-07,3.16179e-06,5.35037e-06,4.64692e-06,1.87442e-06,-2.6291e-06,1.23398e-06,1.24392e-06,-6.01782e-07,2.51737e-06,-9.36165e-07,5.78125e-07,-2.70921e-07,5.96294e-06,-8.84026e-08,6.50644e-08,4.52111e-06,-5.24466e-08
"26",0.00199088,0.000386543,-0.00016389,7.07876e-05,9.69887e-05,3.26405e-05,-9.43057e-05,-0.000120489,-9.18741e-05,-4.10288e-05,2.95717e-05,-7.73763e-05,5.90072e-05,-1.53105e-05,1.27829e-06,-0.00166305,0.000126202,5.95621e-06,7.16675e-05,9.39162e-05,0.000205287,6.48156e-06,-0.00014985,0.000189936,1.61958e-05,0.00252602,0.000556386,0.000528423,8.57581e-05,-0.000436457,-6.59924e-05,-7.44323e-05,8.32066e-05,0.000142721,0.000123756,-1.68279e-05,-0.000150095,7.04074e-06,7.2888e-05,8.89329e-05,-1.71031e-05,4.27397e-05,-0.000172462,7.79444e-06,2.28301e-05,0.00130157,0.000112052,1.18778e-05,-4.13306e-06,-2.73877e-06,4.09618e-06,4.74128e-06,-2.71292e-05,-2.40678e-06,-0.000334477,-8.9096e-05,-3.08634e-05,-1.40614e-05,2.92717e-05,9.47304e-06,1.5686e-05,-1.56203e-05,-7.03095e-05,-1.04388e-05,2.07172e-05,1.15793e-05,-3.15843e-05,-8.74748e-06,-1.79069e-05,1.11846e-05,1.4363e-05,-1.84654e-06,-1.69008e-06,0.000117514,-1.32213e-05,9.22489e-07,-7.09588e-05,-3.80213e-06
"27",-0.000939198,-0.000594186,-0.00246726,0.000167423,-1.18642e-05,2.33944e-05,2.98877e-05,0.000176921,-5.70502e-05,-4.38596e-05,4.70959e-05,0.000100023,7.23162e-05,2.19199e-05,2.93814e-06,-0.00205472,0.00017514,-0.000430934,-7.31825e-05,0.000199276,-0.000173111,-6.00344e-05,-7.11734e-07,0.000203683,3.83701e-06,0.000556386,0.00455064,0.000310909,0.000130678,0.000264753,0.000149449,-1.81807e-05,0.00030807,9.17365e-05,-8.45095e-06,0.000124949,5.92369e-05,2.24417e-05,0.000107853,0.000309124,-0.000176092,9.78257e-06,0.000119552,-1.7908e-05,0.000133238,-0.00246371,0.000105957,2.66191e-05,-2.38951e-05,6.13521e-05,2.93967e-05,-6.57578e-06,-1.56543e-05,-4.41454e-06,-7.87717e-05,-0.00057427,-1.05351e-05,-1.39875e-05,-2.56606e-05,-1.56777e-05,1.38345e-05,-5.74782e-05,-4.83697e-05,1.22992e-05,1.74945e-05,-2.84068e-05,-1.98621e-05,2.91845e-05,-2.83264e-05,4.19205e-05,2.10824e-05,-2.79855e-05,1.20857e-06,-2.06404e-05,3.21359e-06,-8.67983e-07,1.59287e-05,-8.51887e-06
"28",0.000525583,0.00127015,-0.000363717,-0.000384362,8.99737e-06,0.00015046,-4.7513e-06,-0.000135822,0.000297868,-1.46697e-05,6.80825e-05,-2.31779e-05,-0.000142751,0.000195753,-5.63217e-06,0.00227452,-9.26949e-05,-0.0001412,-0.000483833,0.000755741,0.000420625,-9.64467e-05,-0.000959746,-0.000111957,8.06539e-05,0.000528423,0.000310909,0.0988064,-0.000437877,0.000368738,0.000332676,-0.000459197,-0.000340029,0.000402173,0.00087865,-0.000438746,0.00025676,0.0004474,-0.000133758,-0.00160922,-0.00024607,-0.000268826,-0.000340758,-1.56958e-06,9.56921e-05,-0.00468131,-8.22843e-05,3.09831e-05,-0.000110721,-6.16492e-05,2.18573e-05,0.000175972,8.66378e-06,-5.67249e-06,-5.03521e-05,-2.80151e-05,-0.00967519,5.09825e-05,-6.84565e-05,-5.24738e-05,7.30978e-05,5.54215e-05,-5.3862e-06,-0.000116636,4.57734e-05,-3.69183e-05,-5.94505e-05,3.57071e-05,0.000217153,4.00482e-05,1.5432e-05,4.70776e-05,-3.65822e-06,-0.000497744,3.39521e-05,-3.243e-06,0.000118043,-1.17207e-06
"29",0.00054763,0.000493806,-0.000464123,-3.1045e-05,2.70957e-05,3.63695e-05,-8.58924e-06,1.52975e-05,-9.56943e-06,1.08525e-05,1.73635e-05,1.96503e-05,3.64211e-05,-4.52452e-05,3.40285e-06,-0.00237883,0.000342201,-0.000132268,-6.31588e-06,-5.99267e-05,1.88387e-05,-7.10725e-05,-2.69906e-05,5.33657e-05,6.063e-06,8.57581e-05,0.000130678,-0.000437877,0.000517248,0.000205092,1.1902e-05,-1.02234e-05,5.18472e-05,6.6948e-05,-5.92813e-05,6.37883e-05,-8.47598e-05,-2.03364e-05,0.000110057,1.41807e-05,-1.04482e-05,2.55136e-05,3.7134e-05,2.22404e-06,3.55839e-06,-0.000175505,-1.24824e-05,3.13343e-06,1.16826e-05,-6.42869e-06,8.46344e-07,-2.14123e-06,-6.30008e-06,-6.45959e-08,-1.57753e-05,-1.23941e-05,3.89014e-05,-7.04714e-05,-4.52403e-05,-9.58351e-07,2.05534e-06,-8.99723e-06,-5.78983e-06,3.1372e-06,-1.42331e-05,8.2106e-06,-3.15073e-07,-6.95523e-07,-4.0835e-06,2.24162e-06,-4.5949e-06,2.44229e-06,-1.79965e-08,2.38947e-05,-2.38854e-06,-5.60028e-08,3.06622e-05,-2.4431e-10
"30",0.00155053,0.000767057,0.00441513,5.82213e-07,6.9996e-05,4.27748e-05,-2.31062e-05,-8.93023e-05,0.000151943,8.21867e-05,-5.28322e-05,-0.000163944,-4.29863e-05,-0.000101652,2.54676e-07,-0.000825986,0.000220657,-0.000343499,-0.000257001,3.58159e-05,-0.000193735,7.88715e-05,-1.10678e-05,-0.000200127,-2.71265e-05,-0.000436457,0.000264753,0.000368738,0.000205092,0.00759416,7.15111e-05,-0.000159072,6.06093e-05,-0.000121089,0.000130305,0.00084667,-6.8383e-05,0.000449913,3.31258e-05,-0.000108207,0.000363566,-0.000126937,0.000104955,-8.34538e-06,7.9741e-05,-0.00062086,-4.29646e-05,2.60766e-05,-8.69955e-06,3.02396e-05,6.69078e-06,2.94207e-05,2.28846e-05,6.30484e-06,3.01198e-05,-2.26638e-05,-6.47468e-05,-3.82635e-05,-0.00102547,-1.45673e-05,2.00086e-05,-1.43818e-06,2.63643e-05,-1.14697e-05,-0.000120278,1.39845e-05,-5.9902e-05,-9.28514e-06,4.08365e-06,-4.56733e-05,-7.53265e-07,-1.07323e-05,1.55694e-06,-7.50131e-05,1.76944e-05,-1.53873e-06,6.38474e-05,8.17421e-07
"31",-0.000247185,-0.0002304,-0.000597804,-3.8357e-05,-6.60669e-06,5.64944e-05,2.01022e-05,6.89812e-05,3.74432e-05,9.27743e-06,1.38695e-05,5.68666e-05,7.24895e-05,-1.23126e-05,1.04424e-06,-0.000744379,0.000162421,-6.56467e-06,-8.99735e-06,-1.87203e-05,-1.9628e-05,9.38801e-06,-2.38234e-05,1.13203e-07,-2.15103e-06,-6.59924e-05,0.000149449,0.000332676,1.1902e-05,7.15111e-05,0.00042991,-4.3593e-05,4.26776e-05,6.48632e-05,-3.32286e-05,6.14438e-05,-2.71838e-06,-1.06783e-05,3.85267e-05,7.83813e-05,-2.36104e-05,-7.00529e-05,-1.93245e-05,-3.4503e-06,-1.51594e-05,-0.000849628,-3.8734e-05,-6.88866e-06,4.40386e-06,-1.00452e-05,-1.12806e-05,9.36272e-06,1.98475e-06,6.25609e-07,5.46555e-06,-1.46163e-05,-3.13993e-05,-9.62564e-07,-1.72561e-05,-6.03032e-05,1.07186e-06,-9.87485e-06,6.56125e-06,-2.09302e-06,-2.22339e-05,-6.0256e-06,4.98807e-08,4.55188e-06,-8.08536e-06,3.98961e-07,4.68018e-06,7.53781e-06,8.74269e-07,-1.89472e-05,4.79829e-06,-9.61231e-07,4.18607e-05,3.64197e-07
"32",-0.00106798,0.00025527,0.00119372,2.1466e-05,-2.16777e-05,-3.43725e-05,-2.96281e-05,-6.54868e-05,-3.99881e-05,2.82669e-05,1.02903e-06,-3.49671e-05,-8.38616e-06,1.63344e-05,-6.31822e-07,-0.000210953,-6.08453e-06,1.76683e-05,-0.000151857,-8.13836e-05,-9.1352e-05,1.84872e-05,4.22688e-05,3.63423e-06,-3.89148e-06,-7.44323e-05,-1.81807e-05,-0.000459197,-1.02234e-05,-0.000159072,-4.3593e-05,0.000271191,0.000157005,2.21704e-05,-5.54456e-05,7.01372e-05,4.45498e-05,7.92675e-05,2.56549e-05,-4.05331e-06,0.000305586,1.47911e-05,3.22559e-05,-3.03065e-05,-1.59227e-05,0.000829006,-1.27835e-06,2.0926e-05,1.8668e-05,1.21505e-05,-3.67694e-06,-5.54207e-06,-3.08481e-07,3.69642e-07,1.27755e-05,1.02805e-05,6.85543e-05,1.91535e-06,1.93517e-05,3.54824e-06,-3.56053e-05,-2.07582e-05,-4.4154e-07,5.9702e-06,-5.49506e-06,-2.23311e-06,-6.32762e-06,-4.96893e-06,-4.06689e-07,-3.57849e-05,-1.59045e-06,-2.88968e-06,4.17735e-06,2.21178e-05,-4.58039e-06,6.66284e-07,-2.98448e-06,8.01126e-07
"33",-0.00230712,-0.00219807,-0.000506323,-5.02892e-05,1.36612e-05,-5.08364e-05,-0.000119998,-0.000228229,-3.09649e-05,-4.56115e-05,4.14984e-06,-5.67759e-05,-3.36993e-05,7.78786e-05,-1.20269e-06,-0.00119334,0.000104882,6.05124e-05,-0.000154414,1.70916e-05,-3.60328e-05,-0.000279236,-0.000336774,9.3559e-06,-1.62862e-05,8.32066e-05,0.00030807,-0.000340029,5.18472e-05,6.06093e-05,4.26776e-05,0.000157005,0.0018616,0.000117686,5.25492e-05,0.000434265,7.0367e-05,0.000191065,7.35054e-06,-0.000335995,-9.44466e-05,4.80808e-05,-1.64978e-06,-9.658e-05,4.74995e-05,-0.000801972,4.65253e-05,2.87006e-05,3.17685e-06,3.01284e-05,3.47767e-05,4.9879e-05,-3.81822e-06,2.89679e-06,-1.70194e-05,-6.0438e-05,7.57221e-05,-5.02125e-06,-3.0416e-07,-7.38481e-06,-1.6574e-05,-0.000255253,-2.14225e-05,1.27718e-05,-4.74646e-05,-7.96162e-06,-3.1219e-05,-2.74558e-06,5.35471e-05,2.92055e-05,1.55139e-06,-5.87754e-06,1.26655e-05,-8.02526e-05,4.7264e-06,-4.72352e-07,-5.06451e-05,-1.70991e-06
"34",0.00153521,-0.000808068,0.000460805,-9.30654e-05,1.56008e-05,4.52004e-05,2.52392e-05,0.000132934,1.45104e-05,-1.99957e-05,8.18415e-05,-3.54655e-05,4.98029e-05,-5.84122e-05,6.08872e-06,-0.00217987,0.000315367,1.83686e-05,9.8563e-05,3.55633e-05,0.000101202,-0.00013188,-8.61847e-05,9.0293e-05,-3.00961e-05,0.000142721,9.17365e-05,0.000402173,6.6948e-05,-0.000121089,6.48632e-05,2.21704e-05,0.000117686,0.00275675,0.00113951,7.03028e-05,-6.2111e-05,-0.000196945,0.000162475,-1.89168e-06,-8.82594e-05,0.000113556,-0.000193185,-8.35662e-06,-7.07598e-05,0.0015266,-7.93394e-05,-4.16243e-05,-8.57572e-06,-3.21983e-05,9.23032e-06,1.74718e-05,-1.00709e-05,4.19607e-06,-2.25345e-05,2.01105e-05,-7.28767e-05,-1.01056e-05,1.89065e-05,-1.49505e-05,-3.17161e-06,2.75933e-06,-0.000341687,-0.000172773,9.95488e-06,-4.05268e-06,4.08003e-05,1.42137e-07,-3.82313e-06,6.09079e-06,-2.53696e-05,2.9677e-05,-8.74029e-07,3.82163e-05,-4.91866e-06,7.42892e-07,6.17621e-05,4.16897e-06
"35",0.00157434,0.00242949,0.00247528,-4.98806e-05,3.67168e-05,-1.01624e-05,-0.000118798,-0.000122646,-0.000105567,-2.35474e-05,-1.87567e-05,-7.58491e-05,2.59215e-05,-2.72869e-05,-5.45521e-07,-0.000497237,7.4433e-05,-0.000317864,-5.19269e-05,-8.51588e-05,-9.40604e-05,-0.000144536,-6.44569e-05,-1.92553e-06,-2.23385e-05,0.000123756,-8.45095e-06,0.00087865,-5.92813e-05,0.000130305,-3.32286e-05,-5.54456e-05,5.25492e-05,0.00113951,0.00182723,0.000132482,1.64496e-05,0.00012386,-1.24076e-05,-4.80169e-06,-0.000213311,-3.56547e-05,2.43406e-05,1.00907e-05,2.00556e-05,0.00145421,1.17911e-05,4.06895e-08,1.5437e-05,1.54793e-05,2.63854e-05,5.33491e-06,-4.01399e-06,4.76823e-06,-2.70701e-05,1.75166e-05,-8.80077e-05,4.08315e-06,1.01488e-05,4.93018e-07,6.91525e-06,7.36962e-06,-0.000177838,-0.000255176,-8.2384e-06,-7.80438e-06,-7.15542e-06,-9.29492e-06,-2.84718e-05,2.59162e-05,2.32529e-06,-1.97197e-07,-2.82953e-06,7.7657e-05,-1.08124e-05,9.91039e-07,-1.58733e-05,1.24627e-06
"36",0.000167708,-0.00170979,0.00203818,-5.4249e-05,-9.58221e-06,-5.30917e-05,-9.57269e-05,-9.70815e-05,0.000139829,2.64324e-05,-3.20389e-05,-0.000154322,-0.000151295,4.2108e-06,-1.35139e-06,-0.0039121,0.000584487,-0.00069524,-0.000430779,4.16877e-05,-9.29409e-05,-0.000140065,1.8106e-05,9.75666e-05,-1.31146e-05,-1.68279e-05,0.000124949,-0.000438746,6.37883e-05,0.00084667,6.14438e-05,7.01372e-05,0.000434265,7.03028e-05,0.000132482,0.00415119,-2.37323e-05,0.000244562,0.000155833,0.000102772,-9.03322e-05,-7.95409e-05,-6.84126e-05,-3.71282e-05,0.000156696,0.000267688,2.35408e-05,6.84144e-05,4.30102e-07,1.22496e-05,3.36654e-05,-2.33643e-05,-1.74814e-05,2.83937e-06,-4.30735e-06,-1.24947e-05,7.24805e-05,-1.35995e-05,-9.62298e-05,-1.29291e-05,-5.84352e-06,-5.83633e-05,1.33627e-05,-1.39503e-05,-0.000591108,9.94957e-06,-4.33298e-05,-1.98796e-05,-5.39022e-06,1.76445e-05,6.38475e-06,9.04678e-07,4.25706e-06,-0.000123013,8.82664e-06,1.34845e-07,-2.27952e-05,-2.01329e-07
"37",-0.00364694,0.000103339,-0.000657365,0.000131207,-0.000132635,-2.02682e-05,3.00578e-05,-5.22319e-05,-0.000102832,3.89431e-05,-3.09517e-05,-0.000129253,-4.22327e-05,7.97322e-06,2.26063e-06,0.000452021,-0.000150749,-0.000285725,4.94361e-05,-1.6851e-05,-2.34087e-05,-1.28753e-05,0.000194048,-0.000179199,1.75246e-05,-0.000150095,5.92369e-05,0.00025676,-8.47598e-05,-6.8383e-05,-2.71838e-06,4.45498e-05,7.0367e-05,-6.2111e-05,1.64496e-05,-2.37323e-05,0.00208522,0.000620711,-0.0003608,-4.7523e-05,-0.000201529,-1.62375e-05,-2.28062e-05,-2.15588e-05,5.33732e-05,0.00171345,8.59212e-05,1.45283e-05,1.68478e-05,2.97217e-06,-2.79865e-06,-5.44741e-05,2.52174e-05,-2.71377e-06,6.75948e-06,-3.11791e-05,-2.46349e-05,8.96494e-06,6.25018e-06,-1.11522e-06,-2.9049e-07,-1.06248e-05,-3.74782e-05,-1.15053e-06,3.02117e-05,-0.00027167,-9.90718e-05,4.62655e-05,-2.93984e-08,2.94612e-05,1.63668e-05,-1.06587e-05,3.9695e-06,5.35569e-05,-8.11131e-06,1.73668e-06,-7.60323e-05,-1.53104e-06
"38",-0.00172764,0.00393772,0.000495989,-2.41087e-06,-2.09361e-05,-0.000104875,-0.000167574,-0.000322738,-0.000127933,-4.5788e-06,-0.000129581,-0.000133101,-3.79213e-05,1.88876e-06,1.57885e-06,0.000154824,-5.18044e-05,-0.000104669,-7.63554e-05,1.3785e-05,2.65413e-05,-0.000233785,-0.000379878,-3.4938e-05,-8.28148e-06,7.04074e-06,2.24417e-05,0.0004474,-2.03364e-05,0.000449913,-1.06783e-05,7.92675e-05,0.000191065,-0.000196945,0.00012386,0.000244562,0.000620711,0.00265258,0.000158089,-5.83808e-05,-0.000128718,-0.000136595,-5.46301e-05,-3.70432e-05,3.44472e-05,0.00141645,6.56885e-05,2.78822e-05,9.6244e-06,1.43349e-05,3.43269e-05,5.53597e-05,4.29467e-06,5.25435e-07,-1.89055e-05,-1.48893e-05,-5.86328e-05,-3.70549e-06,-6.66271e-05,-8.47156e-07,-4.78704e-06,-3.32318e-05,-3.36255e-06,-1.32291e-05,-2.60573e-05,-7.99915e-05,-0.000365747,-2.25855e-05,-5.89184e-06,2.83667e-05,2.17525e-05,-2.71281e-06,6.08785e-06,2.2652e-05,-9.83434e-06,1.07775e-06,-1.18629e-05,-5.4061e-07
"39",-0.00108478,0.00253559,0.00198045,0.000156907,-4.02525e-05,-7.20825e-05,-4.90994e-05,9.84263e-05,-0.000204784,-3.28994e-05,-1.28778e-05,-0.000122216,-7.27509e-05,1.99305e-05,3.12503e-06,-0.000963535,-0.0002112,-0.000286589,4.99698e-05,-3.73248e-05,-0.000156904,-7.10399e-05,-0.000302373,0.000123416,-1.22132e-05,7.2888e-05,0.000107853,-0.000133758,0.000110057,3.31258e-05,3.85267e-05,2.56549e-05,7.35054e-06,0.000162475,-1.24076e-05,0.000155833,-0.0003608,0.000158089,0.00390861,0.000465048,-0.000197295,-4.23883e-05,-9.10271e-05,-7.75511e-06,2.3095e-05,0.00452485,0.000218835,4.54521e-05,2.09985e-05,4.83495e-05,-4.03055e-06,-3.59842e-05,-8.91534e-06,1.8203e-07,-1.35122e-05,3.13558e-06,7.17487e-05,-7.20299e-07,1.20386e-05,9.18656e-07,2.78441e-06,-2.60781e-06,-0.000116309,1.3775e-06,3.50039e-05,4.32913e-05,-4.46816e-05,-0.000499697,-6.95119e-05,1.08336e-05,4.35191e-05,-1.80998e-05,4.68546e-07,0.000203833,-2.8751e-05,3.38156e-06,-0.000216444,-4.03614e-06
"40",0.00301209,0.00140873,0.00199426,3.92083e-05,-0.000111094,-1.51519e-05,3.27895e-05,-5.66721e-05,0.000109937,-3.07234e-05,-2.6208e-05,9.05793e-05,8.81139e-05,-1.20673e-05,-2.48198e-06,-0.000750805,9.8108e-05,-0.000283429,0.000169883,-9.29361e-05,-0.000109264,0.000231608,5.78388e-05,4.95977e-06,-1.14236e-06,8.89329e-05,0.000309124,-0.00160922,1.41807e-05,-0.000108207,7.83813e-05,-4.05331e-06,-0.000335995,-1.89168e-06,-4.80169e-06,0.000102772,-4.7523e-05,-5.83808e-05,0.000465048,0.00233041,-4.82782e-05,-4.34581e-06,1.11044e-05,1.13083e-05,7.80305e-05,-0.00169978,4.25195e-05,-9.40461e-06,2.56594e-05,2.11693e-05,-2.319e-05,-2.23297e-05,3.18644e-07,-6.64206e-07,-8.62818e-06,-2.76677e-05,0.00020809,-2.0131e-06,1.32513e-05,-7.61498e-06,-1.22197e-06,5.48824e-05,-2.40674e-05,-2.19717e-05,2.69409e-06,1.88654e-06,-2.28376e-06,-7.04773e-05,-0.000310219,4.45484e-06,1.12083e-05,-1.04272e-05,-1.84789e-06,-6.89732e-05,1.07188e-05,-2.10909e-06,-3.51707e-05,-1.95852e-06
"41",-0.000114898,0.000452822,0.00237654,-5.73989e-05,3.13136e-05,-2.06894e-05,-7.17328e-05,-0.000244925,8.90661e-05,2.35894e-05,-2.0596e-05,2.78007e-05,4.40824e-05,4.19434e-05,-4.10649e-06,-0.00196278,0.000323883,0.000171817,-0.000326235,0.000341599,0.000699692,0.00030855,0.000174943,8.85192e-06,-2.67803e-05,-1.71031e-05,-0.000176092,-0.00024607,-1.04482e-05,0.000363566,-2.36104e-05,0.000305586,-9.44466e-05,-8.82594e-05,-0.000213311,-9.03322e-05,-0.000201529,-0.000128718,-0.000197295,-4.82782e-05,0.00253929,6.90617e-05,-8.37728e-06,8.76205e-06,-4.06052e-05,-0.000498531,-0.000131526,2.92649e-05,-4.58682e-05,-0.000106236,-3.80883e-05,2.18673e-05,-2.89962e-07,2.8904e-06,1.86312e-05,4.49838e-05,-3.8618e-07,1.73044e-06,-6.94145e-05,-5.09289e-06,-4.32654e-05,2.83513e-05,7.12984e-05,1.97041e-05,-1.59793e-05,3.7243e-05,3.64037e-05,3.50775e-05,1.43515e-05,-0.000311444,-3.26644e-05,2.52527e-05,-4.95668e-07,-0.0001273,7.97959e-06,-5.17421e-07,0.000102085,3.90426e-06
"42",-0.000463339,-0.000458684,0.00115996,4.14403e-05,4.27449e-06,4.65972e-06,1.61285e-05,-7.1253e-05,-0.000109743,5.20131e-06,2.94838e-05,-1.8825e-05,-4.3897e-06,3.689e-05,-3.27546e-06,-0.00131677,9.67952e-05,-0.000202547,1.37798e-07,-5.00186e-05,-2.48705e-05,-4.84864e-05,2.08495e-05,-4.29297e-05,2.25022e-06,4.27397e-05,9.78257e-06,-0.000268826,2.55136e-05,-0.000126937,-7.00529e-05,1.47911e-05,4.80808e-05,0.000113556,-3.56547e-05,-7.95409e-05,-1.62375e-05,-0.000136595,-4.23883e-05,-4.34581e-06,6.90617e-05,0.000430222,3.60103e-05,-4.87062e-06,1.61344e-05,0.00164998,4.44415e-05,9.83585e-06,5.82845e-06,1.23674e-05,3.06508e-06,-1.35116e-05,4.65904e-06,-4.71317e-07,-7.09703e-06,-4.01665e-06,1.89057e-05,-3.53486e-07,7.36992e-06,1.23958e-05,4.1038e-08,-7.39978e-06,-3.3426e-05,2.80059e-06,1.13185e-05,2.75696e-06,2.04636e-06,-2.18481e-06,1.56236e-06,-1.13598e-05,-4.96275e-05,-9.23232e-06,7.97514e-07,4.99873e-05,-9.1253e-06,1.336e-06,-5.15486e-05,-3.12556e-07
"43",-0.00164944,0.000151154,-0.000397567,-5.36719e-05,6.18796e-05,7.32706e-05,6.42267e-05,-5.73398e-05,-1.36424e-05,8.4371e-05,-1.75686e-05,8.38539e-05,-4.60988e-05,-7.93324e-07,-2.97502e-06,-0.000269641,7.42013e-05,-0.00013864,5.68642e-05,2.72e-05,-2.41799e-05,5.46168e-05,6.26202e-05,2.71088e-06,-9.3612e-06,-0.000172462,0.000119552,-0.000340758,3.7134e-05,0.000104955,-1.93245e-05,3.22559e-05,-1.64978e-06,-0.000193185,2.43406e-05,-6.84126e-05,-2.28062e-05,-5.46301e-05,-9.10271e-05,1.11044e-05,-8.37728e-06,3.60103e-05,0.00149655,-2.20439e-06,-3.12606e-06,-7.3469e-05,-5.47432e-05,-2.54134e-05,-7.32528e-06,-1.61397e-05,-1.15427e-05,9.14252e-06,-7.51443e-07,5.35932e-07,7.77409e-06,-8.51355e-06,1.29134e-05,-1.28046e-06,-1.26476e-05,1.3483e-06,-4.60041e-06,1.00899e-06,4.25444e-05,-7.94631e-06,-9.65421e-06,1.64021e-07,2.6563e-06,1.32567e-05,1.27288e-06,1.25538e-05,-1.28654e-05,-0.000154619,6.42702e-07,2.46123e-05,-8.27168e-08,3.21278e-07,2.57112e-05,1.91208e-06
"44",0.000385506,-3.34719e-06,6.72314e-05,-7.79344e-06,9.21247e-06,1.06673e-05,1.23093e-05,2.48672e-05,1.51518e-05,-6.52362e-06,3.66928e-06,4.82623e-06,4.35404e-06,-5.04935e-06,2.52975e-07,-9.31595e-06,1.12536e-05,3.72472e-06,2.4336e-05,-9.32552e-06,-5.57511e-06,9.37344e-06,1.0835e-05,2.84922e-06,1.92724e-06,7.79444e-06,-1.7908e-05,-1.56958e-06,2.22404e-06,-8.34538e-06,-3.4503e-06,-3.03065e-05,-9.658e-05,-8.35662e-06,1.00907e-05,-3.71282e-05,-2.15588e-05,-3.70432e-05,-7.75511e-06,1.13083e-05,8.76205e-06,-4.87062e-06,-2.20439e-06,2.40473e-05,1.85894e-06,-0.000209299,-3.75056e-06,-4.24279e-06,2.70425e-07,-4.66556e-07,-3.39517e-07,-4.56221e-07,-4.46814e-07,-2.83686e-07,-1.09425e-06,1.76329e-06,-3.14737e-06,-3.48898e-07,2.14629e-06,7.10036e-07,3.84812e-06,1.31347e-05,1.79409e-07,-3.17599e-06,3.08202e-06,3.37133e-06,6.60191e-06,1.22668e-06,-2.15984e-06,-6.6018e-07,1.29285e-07,8.64023e-07,-3.13281e-06,-7.20642e-06,1.37872e-06,-2.11412e-07,2.51515e-06,-1.40729e-09
"45",0.00245425,-0.00271783,-0.00485199,0.000387099,-1.68581e-05,-5.27987e-05,6.46688e-05,0.000252161,0.000571112,-3.50586e-05,-1.41553e-05,0.000141146,-3.50865e-05,-2.51593e-06,5.6761e-06,-7.83666e-05,-5.25198e-05,-0.000689908,-5.17923e-06,2.50506e-05,-2.78964e-05,-4.16648e-05,-7.19064e-05,-2.11801e-05,-1.92427e-06,2.28301e-05,0.000133238,9.56921e-05,3.55839e-06,7.9741e-05,-1.51594e-05,-1.59227e-05,4.74995e-05,-7.07598e-05,2.00556e-05,0.000156696,5.33732e-05,3.44472e-05,2.3095e-05,7.80305e-05,-4.06052e-05,1.61344e-05,-3.12606e-06,1.85894e-06,0.000562976,-0.0103801,0.000494053,0.000122034,3.09106e-05,8.44984e-05,1.29784e-05,-0.000128773,-4.47607e-06,-5.89267e-07,-1.13729e-05,-8.09777e-05,0.000138047,3.15166e-06,3.77322e-06,1.69077e-05,1.22745e-05,-1.80143e-05,-0.000210802,3.27052e-05,7.79952e-05,1.79952e-06,-7.04226e-05,-5.69778e-05,-3.14581e-05,-2.8588e-05,7.9718e-05,-5.37316e-05,-5.70368e-07,-0.000636458,6.74467e-05,-6.9474e-06,-0.000406515,-2.57341e-05
"46",-0.36715,-0.0435147,0.352866,0.00109022,0.000151681,-0.00159308,-0.00373354,-0.00515019,-0.0264912,0.00183206,-0.00162468,-0.0244408,-0.00704107,0.00509447,-0.00055504,-0.00208107,-0.0201176,-0.00153205,-0.00149169,-0.000725589,-0.000870143,-0.00190266,-0.00187677,0.00081024,-0.000102111,0.00130157,-0.00246371,-0.00468131,-0.000175505,-0.00062086,-0.000849628,0.000829006,-0.000801972,0.0015266,0.00145421,0.000267688,0.00171345,0.00141645,0.00452485,-0.00169978,-0.000498531,0.00164998,-7.3469e-05,-0.000209299,-0.0103801,0.725028,0.00190774,0.000707958,0.000250085,0.000238374,0.00022861,9.99202e-06,-9.60194e-05,-2.06906e-05,-0.000242752,0.000322234,0.000499838,-7.53738e-05,0.000441734,7.9619e-05,1.32091e-05,-0.000177748,-0.00100337,-0.000207379,0.000458612,-0.000239239,-0.000483689,-0.000552082,0.000239372,-6.23457e-05,0.000205844,-0.000464543,3.9567e-05,0.023273,-0.00328281,0.000521007,-0.00386026,0.000497603
"47",-0.00352911,0.00143086,-0.00123699,0.00100637,3.91858e-06,-0.000171993,9.47649e-05,0.000590379,-0.000165127,1.46607e-05,-6.10476e-05,-9.73521e-05,-7.76922e-05,3.40551e-05,1.4104e-06,5.07928e-05,-0.000932798,-0.000331287,7.44901e-06,-2.39365e-06,-9.25293e-05,-0.000132487,-0.000170952,8.68218e-06,-3.19092e-06,0.000112052,0.000105957,-8.22843e-05,-1.24824e-05,-4.29646e-05,-3.8734e-05,-1.27835e-06,4.65253e-05,-7.93394e-05,1.17911e-05,2.35408e-05,8.59212e-05,6.56885e-05,0.000218835,4.25195e-05,-0.000131526,4.44415e-05,-5.47432e-05,-3.75056e-06,0.000494053,0.00190774,0.00123808,0.000293605,9.08838e-05,0.000198145,3.68313e-05,-0.000312972,-1.53739e-05,-4.57931e-06,-4.98159e-05,-0.000167369,0.000361428,1.27239e-05,5.52576e-05,3.78168e-05,2.83494e-05,-4.74006e-05,-0.000545831,8.88899e-05,0.000282968,1.58482e-05,-0.000163971,-0.000149613,-4.65225e-05,-7.62113e-05,0.000208203,-0.00014002,5.58927e-08,0.000104418,-1.88332e-05,2.92116e-06,-0.00110986,-4.24976e-05
"48",-0.00115302,0.000404764,-0.000451815,0.000250199,5.50003e-06,-4.09153e-05,5.92916e-06,0.000125434,-4.85112e-05,1.72322e-05,-1.67329e-05,-2.33434e-05,-3.85334e-05,7.1824e-06,3.08745e-07,2.34585e-05,-0.000240849,-0.000106694,-0.000187682,3.30401e-05,-3.40973e-05,-1.77848e-05,-2.05882e-05,-1.75139e-06,-3.0706e-06,1.18778e-05,2.66191e-05,3.09831e-05,3.13343e-06,2.60766e-05,-6.88866e-06,2.0926e-05,2.87006e-05,-4.16243e-05,4.06895e-08,6.84144e-05,1.45283e-05,2.78822e-05,4.54521e-05,-9.40461e-06,2.92649e-05,9.83585e-06,-2.54134e-05,-4.24279e-06,0.000122034,0.000707958,0.000293605,0.000118231,1.53106e-05,5.43388e-05,7.58637e-06,-7.74316e-05,-1.95955e-06,-8.091e-07,-7.73222e-06,-4.1445e-05,8.57139e-05,1.53528e-06,3.16384e-06,8.55133e-06,9.57801e-07,-1.62635e-05,-0.000121757,2.16658e-05,5.33093e-05,6.57656e-06,-4.08566e-05,-3.28125e-05,-6.66637e-06,-2.99598e-05,4.98525e-05,-3.0173e-05,1.21097e-06,3.1208e-05,-5.50296e-06,9.17113e-07,-0.000259142,-9.81386e-06
"49",2.34959e-05,9.9615e-06,0.000172037,7.76475e-05,-3.84213e-06,-1.46812e-05,-6.61264e-07,2.62019e-05,-1.26745e-05,-1.07259e-06,-4.06465e-06,-2.27351e-05,1.17999e-06,7.08047e-06,2.71044e-07,1.31757e-05,-7.52917e-05,-1.97705e-05,2.25502e-05,-0.000227423,-2.28413e-06,-1.37303e-06,-3.76913e-05,-1.83013e-05,3.12133e-06,-4.13306e-06,-2.38951e-05,-0.000110721,1.16826e-05,-8.69955e-06,4.40386e-06,1.8668e-05,3.17685e-06,-8.57572e-06,1.5437e-05,4.30102e-07,1.68478e-05,9.6244e-06,2.09985e-05,2.56594e-05,-4.58682e-05,5.82845e-06,-7.32528e-06,2.70425e-07,3.09106e-05,0.000250085,9.08838e-05,1.53106e-05,6.90291e-05,1.08466e-05,-7.77793e-07,-2.04942e-05,2.32527e-06,-7.00932e-07,-8.09903e-07,-3.514e-06,4.9133e-05,-3.06246e-06,2.44651e-06,1.83752e-06,-1.68361e-06,-5.52217e-06,-3.89006e-05,-5.28556e-07,2.09703e-05,-4.68729e-06,-1.13737e-05,-6.38534e-06,-7.03438e-06,8.38663e-06,1.55344e-05,-1.0122e-05,1.09866e-07,1.32905e-05,-1.82197e-06,2.00031e-07,-8.10106e-05,-3.10101e-06
"50",2.3674e-05,0.000847799,0.000869666,0.000160932,1.71746e-06,-3.40296e-05,2.77968e-05,5.97314e-05,-1.81423e-05,-1.82872e-06,-1.07393e-05,-2.16695e-05,-1.65458e-05,5.64731e-06,-8.84371e-07,0.000221778,-0.000220445,-7.77474e-05,-2.43909e-05,1.09055e-06,-0.000262321,-4.27935e-05,-3.72807e-05,-1.0392e-05,-1.98938e-06,-2.73877e-06,6.13521e-05,-6.16492e-05,-6.42869e-06,3.02396e-05,-1.00452e-05,1.21505e-05,3.01284e-05,-3.21983e-05,1.54793e-05,1.22496e-05,2.97217e-06,1.43349e-05,4.83495e-05,2.11693e-05,-0.000106236,1.23674e-05,-1.61397e-05,-4.66556e-07,8.44984e-05,0.000238374,0.000198145,5.43388e-05,1.08466e-05,9.93079e-05,1.34245e-05,-4.71605e-05,6.18815e-07,-3.35751e-07,-4.6134e-06,-3.83767e-05,7.09913e-05,3.04091e-06,-1.70893e-06,9.67764e-06,2.37414e-06,-1.11277e-05,-8.13098e-05,1.42798e-05,4.5467e-05,6.63421e-06,-2.76886e-05,-2.62251e-05,-9.57349e-06,1.32149e-05,3.2181e-05,-2.21638e-05,-1.96974e-07,1.65452e-05,-3.38585e-06,3.83973e-07,-0.000178743,-6.67655e-06
"51",-0.000251449,0.000138234,-3.60773e-05,1.76462e-05,-2.16155e-06,4.75894e-07,-2.66247e-06,-3.08211e-05,-3.11241e-05,6.29598e-06,-1.19781e-05,-1.1315e-05,-1.18706e-05,3.62978e-06,4.82693e-08,-8.34559e-06,-3.30749e-05,-1.68531e-05,1.05672e-05,6.17854e-06,-2.4202e-05,-0.000254572,-0.000115431,2.71371e-05,1.08351e-06,4.09618e-06,2.93967e-05,2.18573e-05,8.46344e-07,6.69078e-06,-1.12806e-05,-3.67694e-06,3.47767e-05,9.23032e-06,2.63854e-05,3.36654e-05,-2.79865e-06,3.43269e-05,-4.03055e-06,-2.319e-05,-3.80883e-05,3.06508e-06,-1.15427e-05,-3.39517e-07,1.29784e-05,0.00022861,3.68313e-05,7.58637e-06,-7.77793e-07,1.34245e-05,6.84662e-05,1.91134e-05,-6.92723e-06,-4.90885e-07,-3.20839e-06,-1.44945e-05,1.11261e-05,-1.5637e-06,1.98737e-06,3.84114e-06,2.94711e-06,-8.19576e-06,-1.62297e-05,9.65017e-07,-1.35829e-06,9.99497e-07,-7.32753e-06,-1.73851e-06,2.32662e-06,9.34327e-06,6.38179e-06,-3.65535e-06,-5.53379e-08,1.68985e-05,-3.34625e-06,3.8917e-07,-3.55538e-05,-6.38651e-07
"52",0.000315926,-0.000322161,0.000394092,-0.000277039,2.03769e-06,3.74037e-05,-3.63229e-05,-0.000185406,1.5587e-05,1.32641e-06,-5.14092e-07,6.73367e-06,2.21731e-06,3.83595e-06,-8.89394e-07,3.02066e-05,0.000219898,7.25723e-05,2.02947e-05,-2.08006e-05,1.32315e-05,-7.68302e-05,-0.00034059,2.64671e-05,1.84053e-07,4.74128e-06,-6.57578e-06,0.000175972,-2.14123e-06,2.94207e-05,9.36272e-06,-5.54207e-06,4.9879e-05,1.74718e-05,5.33491e-06,-2.33643e-05,-5.44741e-05,5.53597e-05,-3.59842e-05,-2.23297e-05,2.18673e-05,-1.35116e-05,9.14252e-06,-4.56221e-07,-0.000128773,9.99202e-06,-0.000312972,-7.74316e-05,-2.04942e-05,-4.71605e-05,1.91134e-05,0.000171248,-2.2242e-06,8.81897e-07,4.70731e-06,3.55515e-05,-0.000123061,-4.40612e-06,-1.42448e-05,-8.96673e-06,-5.21049e-06,-3.8622e-06,0.000139578,-2.26908e-05,-6.9315e-05,3.66618e-06,2.63985e-05,3.77858e-05,1.27842e-05,2.46866e-05,-5.30758e-05,3.54072e-05,4.86963e-07,-1.2996e-05,2.0505e-06,-4.16981e-07,0.00027853,1.10953e-05
"53",0.000280852,7.23509e-05,0.00034965,-7.51939e-06,7.83212e-07,1.63365e-05,-8.73698e-06,-2.22021e-05,7.62373e-06,-3.18785e-06,5.31022e-06,-1.40877e-06,2.27442e-06,-1.54211e-06,-1.96695e-07,0.000184363,-4.56523e-05,-6.14712e-06,-3.30574e-06,-2.17518e-05,-8.95321e-06,3.00048e-05,3.13358e-05,-7.97342e-05,1.20933e-05,-2.71292e-05,-1.56543e-05,8.66378e-06,-6.30008e-06,2.28846e-05,1.98475e-06,-3.08481e-07,-3.81822e-06,-1.00709e-05,-4.01399e-06,-1.74814e-05,2.52174e-05,4.29467e-06,-8.91534e-06,3.18644e-07,-2.89962e-07,4.65904e-06,-7.51443e-07,-4.46814e-07,-4.47607e-06,-9.60194e-05,-1.53739e-05,-1.95955e-06,2.32527e-06,6.18815e-07,-6.92723e-06,-2.2242e-06,2.27783e-05,-3.43384e-06,8.7283e-06,1.81641e-06,-5.41792e-06,1.86766e-06,-9.19601e-06,-5.58702e-07,1.1083e-07,2.19981e-06,9.13019e-06,-3.06065e-07,2.4344e-06,-3.72013e-06,-7.98795e-08,6.14524e-07,1.09479e-06,8.67618e-07,-3.22507e-06,1.93205e-06,2.04462e-07,-5.28248e-06,7.56438e-07,-1.12938e-07,1.23162e-05,4.64683e-07
"54",5.97044e-05,3.48793e-05,-1.19307e-05,-4.56445e-06,-1.31109e-06,-3.05293e-06,-3.58643e-07,-1.39466e-06,2.66176e-06,8.26664e-07,-1.64748e-06,2.72859e-06,2.04583e-06,-4.63968e-07,-4.94416e-08,-1.07522e-05,7.97168e-06,-2.4603e-06,-3.27073e-06,3.85261e-06,-1.32037e-06,1.72694e-06,-1.3939e-08,1.19944e-05,-4.74943e-06,-2.40678e-06,-4.41454e-06,-5.67249e-06,-6.45959e-08,6.30484e-06,6.25609e-07,3.69642e-07,2.89679e-06,4.19607e-06,4.76823e-06,2.83937e-06,-2.71377e-06,5.25435e-07,1.8203e-07,-6.64206e-07,2.8904e-06,-4.71317e-07,5.35932e-07,-2.83686e-07,-5.89267e-07,-2.06906e-05,-4.57931e-06,-8.091e-07,-7.00932e-07,-3.35751e-07,-4.90885e-07,8.81897e-07,-3.43384e-06,1.38028e-06,4.26143e-07,2.35062e-06,-6.1607e-07,-8.26085e-08,-1.51362e-06,-2.13354e-07,-2.93916e-07,-6.71492e-07,1.02724e-06,-1.40123e-06,-1.60049e-06,1.75696e-07,2.25836e-08,7.05373e-07,2.68369e-07,-3.49071e-07,-8.88019e-07,5.31872e-07,4.61999e-08,-2.6556e-06,2.91896e-07,-5.38789e-08,4.23157e-06,1.70926e-07
"55",-0.000416444,-0.000375327,-0.000293951,-3.49877e-05,-8.09007e-06,2.28927e-06,1.04312e-05,1.71362e-05,2.87949e-05,9.16324e-06,4.65329e-06,2.38144e-05,-8.46298e-06,6.54941e-06,-1.12467e-08,0.000257257,-1.37871e-05,2.48811e-05,-1.29329e-05,-1.61942e-05,-1.81421e-05,3.71277e-06,3.71246e-05,-2.53526e-05,-1.90858e-06,-0.000334477,-7.87717e-05,-5.03521e-05,-1.57753e-05,3.01198e-05,5.46555e-06,1.27755e-05,-1.70194e-05,-2.25345e-05,-2.70701e-05,-4.30735e-06,6.75948e-06,-1.89055e-05,-1.35122e-05,-8.62818e-06,1.86312e-05,-7.09703e-06,7.77409e-06,-1.09425e-06,-1.13729e-05,-0.000242752,-4.98159e-05,-7.73222e-06,-8.09903e-07,-4.6134e-06,-3.20839e-06,4.70731e-06,8.7283e-06,4.26143e-07,8.61356e-05,2.54058e-05,-9.05042e-06,1.74567e-06,-8.16471e-06,-2.07979e-06,-4.59135e-06,3.06309e-06,2.59433e-05,4.89627e-07,-7.49824e-06,1.85567e-07,1.09834e-05,1.12687e-06,6.50603e-06,-2.92011e-06,-8.46721e-06,6.60257e-06,3.06619e-07,-2.86458e-05,3.09493e-06,-2.49419e-07,4.25775e-05,1.54273e-06
"56",-3.20981e-05,-0.000138137,0.000393859,-0.00013875,-5.62323e-06,9.61784e-06,-5.76741e-06,-9.68523e-05,4.58098e-05,2.34727e-05,1.32259e-06,-1.25699e-05,9.21344e-06,-8.44814e-06,3.04896e-07,0.000183415,9.93328e-05,8.17761e-05,9.84821e-06,-4.03839e-05,5.12457e-05,4.23648e-05,3.97739e-05,-1.4788e-05,-3.59321e-06,-8.9096e-05,-0.00057427,-2.80151e-05,-1.23941e-05,-2.26638e-05,-1.46163e-05,1.02805e-05,-6.0438e-05,2.01105e-05,1.75166e-05,-1.24947e-05,-3.11791e-05,-1.48893e-05,3.13558e-06,-2.76677e-05,4.49838e-05,-4.01665e-06,-8.51355e-06,1.76329e-06,-8.09777e-05,0.000322234,-0.000167369,-4.1445e-05,-3.514e-06,-3.83767e-05,-1.44945e-05,3.55515e-05,1.81641e-06,2.35062e-06,2.54058e-05,0.000156659,-3.8121e-05,-1.25871e-06,-4.54238e-06,-1.82906e-06,-6.82914e-06,1.9867e-05,6.57618e-05,-1.99981e-05,-3.83326e-05,4.94766e-06,2.24774e-05,1.17598e-05,1.92309e-06,4.41832e-06,-2.99381e-05,2.071e-05,-4.0176e-07,-2.28288e-05,2.60493e-06,-2.58351e-07,0.000136675,6.48203e-06
"57",-0.00111597,9.21477e-06,-0.000594683,0.000343716,-1.81244e-05,-3.90497e-05,-4.88489e-05,0.000192412,-5.01109e-05,7.26777e-06,-2.32263e-05,-3.06552e-05,-1.01281e-05,-6.12982e-07,8.1447e-07,-0.000159211,-0.000256895,-0.000105651,2.89027e-05,-0.000103438,-8.05777e-05,-2.82033e-05,8.30803e-05,7.47582e-06,-6.05421e-06,-3.08634e-05,-1.05351e-05,-0.00967519,3.89014e-05,-6.47468e-05,-3.13993e-05,6.85543e-05,7.57221e-05,-7.28767e-05,-8.80077e-05,7.24805e-05,-2.46349e-05,-5.86328e-05,7.17487e-05,0.00020809,-3.8618e-07,1.89057e-05,1.29134e-05,-3.14737e-06,0.000138047,0.000499838,0.000361428,8.57139e-05,4.9133e-05,7.09913e-05,1.11261e-05,-0.000123061,-5.41792e-06,-6.1607e-07,-9.05042e-06,-3.8121e-05,0.00116664,-1.44916e-06,3.40314e-05,1.49555e-05,-1.07608e-05,-3.71197e-05,-0.000148868,4.8455e-05,5.91089e-05,1.89668e-05,-2.64176e-05,-5.23228e-05,-6.78633e-05,-3.36905e-05,6.52434e-05,-4.50687e-05,1.53002e-06,5.46392e-05,-6.82029e-06,9.52837e-07,-0.000333934,-1.28495e-05
"58",6.73258e-05,9.51372e-05,3.11814e-05,2.07432e-05,-8.64823e-06,-8.52155e-06,2.01826e-05,2.39998e-05,-3.0649e-07,3.20432e-06,-2.78484e-07,7.18249e-06,-1.702e-06,1.08477e-06,-3.16382e-07,0.000322331,-9.49736e-05,1.00106e-05,6.84043e-06,1.03347e-05,-6.30629e-06,5.78709e-06,-1.21969e-06,-7.59467e-06,-5.84432e-07,-1.40614e-05,-1.39875e-05,5.09825e-05,-7.04714e-05,-3.82635e-05,-9.62564e-07,1.91535e-06,-5.02125e-06,-1.01056e-05,4.08315e-06,-1.35995e-05,8.96494e-06,-3.70549e-06,-7.20299e-07,-2.0131e-06,1.73044e-06,-3.53486e-07,-1.28046e-06,-3.48898e-07,3.15166e-06,-7.53738e-05,1.27239e-05,1.53528e-06,-3.06246e-06,3.04091e-06,-1.5637e-06,-4.40612e-06,1.86766e-06,-8.26085e-08,1.74567e-06,-1.25871e-06,-1.44916e-06,1.94647e-05,1.35357e-05,9.67291e-07,-6.64888e-07,2.5025e-06,-3.38505e-06,1.50319e-07,5.91107e-06,-6.63051e-07,-4.68609e-07,-1.13124e-06,1.73965e-06,-3.56719e-06,1.96932e-06,-2.17028e-06,8.21121e-08,1.43915e-07,1.16795e-07,-3.08806e-08,-1.33908e-05,-5.93249e-07
"59",-0.000850224,-0.000300405,-0.00120848,3.4966e-05,-1.01537e-05,-2.68787e-05,-2.07003e-06,4.13914e-05,-4.63849e-05,-6.53619e-06,4.54118e-06,2.77416e-05,-7.02911e-06,1.32165e-05,1.72052e-06,0.000192356,-9.38062e-05,4.53422e-05,3.37004e-05,-6.01859e-06,3.27468e-05,5.85883e-06,1.65921e-05,2.47916e-05,5.86381e-06,2.92717e-05,-2.56606e-05,-6.84565e-05,-4.52403e-05,-0.00102547,-1.72561e-05,1.93517e-05,-3.0416e-07,1.89065e-05,1.01488e-05,-9.62298e-05,6.25018e-06,-6.66271e-05,1.20386e-05,1.32513e-05,-6.94145e-05,7.36992e-06,-1.26476e-05,2.14629e-06,3.77322e-06,0.000441734,5.52576e-05,3.16384e-06,2.44651e-06,-1.70893e-06,1.98737e-06,-1.42448e-05,-9.19601e-06,-1.51362e-06,-8.16471e-06,-4.54238e-06,3.40314e-05,1.35357e-05,0.000276153,2.97364e-06,-4.8435e-06,-1.43438e-06,-2.63248e-05,2.7842e-06,4.00311e-05,-2.83763e-06,7.79882e-06,-4.44573e-06,-4.7323e-06,7.66771e-06,7.6639e-06,-1.22939e-05,1.24378e-07,3.53439e-05,-5.97735e-06,6.74577e-07,-5.02746e-05,-1.88622e-06
"60",-5.83426e-05,2.00223e-05,-4.82121e-05,3.04202e-05,-2.93823e-06,-1.13957e-05,3.19328e-06,8.98899e-06,-1.10657e-05,-3.77634e-06,-3.44095e-06,-2.24516e-06,-1.11341e-05,3.76757e-06,1.91722e-07,0.000114164,-5.87413e-05,-1.4632e-05,5.90791e-07,4.87118e-06,-7.75815e-06,-1.38306e-05,-5.29904e-06,1.51958e-06,2.3491e-07,9.47304e-06,-1.56777e-05,-5.24738e-05,-9.58351e-07,-1.45673e-05,-6.03032e-05,3.54824e-06,-7.38481e-06,-1.49505e-05,4.93018e-07,-1.29291e-05,-1.11522e-06,-8.47156e-07,9.18656e-07,-7.61498e-06,-5.09289e-06,1.23958e-05,1.3483e-06,7.10036e-07,1.69077e-05,7.9619e-05,3.78168e-05,8.55133e-06,1.83752e-06,9.67764e-06,3.84114e-06,-8.96673e-06,-5.58702e-07,-2.13354e-07,-2.07979e-06,-1.82906e-06,1.49555e-05,9.67291e-07,2.97364e-06,1.60058e-05,1.92253e-07,1.75383e-06,-1.35935e-05,3.069e-06,1.07116e-05,3.13417e-06,-4.40785e-06,-4.56763e-06,-1.17595e-06,-2.13652e-06,3.1664e-06,-4.91297e-06,-3.72685e-07,8.27741e-06,-1.43683e-06,1.8347e-07,-3.40014e-05,-1.30656e-06
"61",0.000121995,2.78428e-05,-9.92742e-05,1.91396e-05,2.43831e-06,-1.79657e-07,9.2895e-06,1.69568e-05,-2.17702e-06,-4.15375e-06,-1.05658e-06,8.07292e-07,2.5022e-06,-2.35584e-06,-1.88336e-08,2.00884e-05,-2.45722e-05,-8.62056e-06,2.31409e-05,1.39236e-05,8.229e-06,-6.92245e-06,-1.04183e-05,-2.81445e-07,2.22529e-07,1.5686e-05,1.38345e-05,7.30978e-05,2.05534e-06,2.00086e-05,1.07186e-06,-3.56053e-05,-1.6574e-05,-3.17161e-06,6.91525e-06,-5.84352e-06,-2.9049e-07,-4.78704e-06,2.78441e-06,-1.22197e-06,-4.32654e-05,4.1038e-08,-4.60041e-06,3.84812e-06,1.22745e-05,1.32091e-05,2.83494e-05,9.57801e-07,-1.68361e-06,2.37414e-06,2.94711e-06,-5.21049e-06,1.1083e-07,-2.93916e-07,-4.59135e-06,-6.82914e-06,-1.07608e-05,-6.64888e-07,-4.8435e-06,1.92253e-07,1.01875e-05,3.91436e-06,-1.2386e-05,6.73884e-07,7.61265e-06,8.91062e-07,-1.36239e-06,-1.66586e-06,-4.48035e-07,9.81113e-06,4.81264e-06,-3.23652e-06,-1.14527e-06,1.74332e-06,6.114e-08,4.68783e-10,-2.63872e-05,-9.2595e-07
"62",0.000609131,0.000326362,0.000243251,-2.63281e-05,5.03844e-06,4.55298e-06,2.41908e-05,3.08696e-05,1.83239e-05,1.15904e-05,7.64015e-06,2.152e-05,7.75195e-06,-1.75081e-05,5.80695e-07,0.00013657,5.26633e-06,1.03616e-05,2.39032e-05,-1.81995e-07,2.4221e-05,3.55985e-05,6.3282e-05,-2.87263e-06,3.16179e-06,-1.56203e-05,-5.74782e-05,5.54215e-05,-8.99723e-06,-1.43818e-06,-9.87485e-06,-2.07582e-05,-0.000255253,2.75933e-06,7.36962e-06,-5.83633e-05,-1.06248e-05,-3.32318e-05,-2.60781e-06,5.48824e-05,2.83513e-05,-7.39978e-06,1.00899e-06,1.31347e-05,-1.80143e-05,-0.000177748,-4.74006e-05,-1.62635e-05,-5.52217e-06,-1.11277e-05,-8.19576e-06,-3.8622e-06,2.19981e-06,-6.71492e-07,3.06309e-06,1.9867e-05,-3.71197e-05,2.5025e-06,-1.43438e-06,1.75383e-06,3.91436e-06,7.17272e-05,1.70477e-05,-8.20843e-06,5.11772e-06,2.6174e-06,8.46338e-06,4.52914e-06,-1.23323e-05,-6.54336e-06,-7.58917e-06,4.22002e-06,-4.09983e-06,-5.70575e-06,1.24474e-06,-1.96693e-07,4.19841e-05,1.419e-06
"63",0.00116838,-0.000784775,0.000436743,-0.000439041,-4.44454e-06,5.31862e-05,-4.82914e-05,-0.000284269,6.06759e-05,-5.87335e-06,1.16653e-05,2.94642e-05,1.13082e-05,2.44203e-07,-1.70373e-06,0.00027312,0.000346026,0.000148887,-2.41107e-05,-1.57458e-08,3.42814e-05,7.13261e-05,7.16559e-05,-1.37621e-05,5.35037e-06,-7.03095e-05,-4.83697e-05,-5.3862e-06,-5.78983e-06,2.63643e-05,6.56125e-06,-4.4154e-07,-2.14225e-05,-0.000341687,-0.000177838,1.33627e-05,-3.74782e-05,-3.36255e-06,-0.000116309,-2.40674e-05,7.12984e-05,-3.3426e-05,4.25444e-05,1.79409e-07,-0.000210802,-0.00100337,-0.000545831,-0.000121757,-3.89006e-05,-8.13098e-05,-1.62297e-05,0.000139578,9.13019e-06,1.02724e-06,2.59433e-05,6.57618e-05,-0.000148868,-3.38505e-06,-2.63248e-05,-1.35935e-05,-1.2386e-05,1.70477e-05,0.000339991,7.21813e-06,-0.00013456,-3.83619e-06,6.53188e-05,6.84563e-05,2.30588e-05,3.21743e-05,-9.08939e-05,5.78025e-05,6.73117e-07,-4.04694e-05,8.56655e-06,-1.25479e-06,0.000493709,1.84946e-05
"64",-0.000641869,-0.00029318,-0.000524189,8.14093e-05,-3.95878e-06,-2.3751e-05,2.21423e-05,6.96249e-05,-4.94282e-06,-4.08281e-06,-3.70682e-06,-1.85352e-06,-1.08378e-05,1.43052e-05,-1.00013e-06,0.000126759,-9.3153e-05,3.27464e-05,6.6617e-06,1.77713e-05,1.10547e-05,9.53677e-06,-7.23315e-06,-3.06137e-06,4.64692e-06,-1.04388e-05,1.22992e-05,-0.000116636,3.1372e-06,-1.14697e-05,-2.09302e-06,5.9702e-06,1.27718e-05,-0.000172773,-0.000255176,-1.39503e-05,-1.15053e-06,-1.32291e-05,1.3775e-06,-2.19717e-05,1.97041e-05,2.80059e-06,-7.94631e-06,-3.17599e-06,3.27052e-05,-0.000207379,8.88899e-05,2.16658e-05,-5.28556e-07,1.42798e-05,9.65017e-07,-2.26908e-05,-3.06065e-07,-1.40123e-06,4.89627e-07,-1.99981e-05,4.8455e-05,1.50319e-07,2.7842e-06,3.069e-06,6.73884e-07,-8.20843e-06,7.21813e-06,7.52035e-05,2.12212e-05,4.68141e-06,-1.37883e-05,-6.87177e-06,4.5924e-06,-1.19999e-05,1.45513e-05,-8.08388e-06,5.86267e-07,-3.24927e-07,9.63093e-07,6.80366e-08,-7.91718e-05,-3.40477e-06
"65",-0.00094414,0.000742269,-0.000517408,0.000251979,-1.40719e-06,-2.73053e-05,4.62279e-05,0.000162968,-4.5952e-05,6.86777e-06,-8.08417e-06,4.73063e-06,9.04723e-06,3.38962e-06,1.19899e-06,0.000615108,-0.000368963,4.30735e-05,6.13522e-05,-8.50761e-06,-1.57001e-05,4.64217e-06,-5.61027e-05,-1.37188e-05,1.87442e-06,2.07172e-05,1.74945e-05,4.57734e-05,-1.42331e-05,-0.000120278,-2.22339e-05,-5.49506e-06,-4.74646e-05,9.95488e-06,-8.2384e-06,-0.000591108,3.02117e-05,-2.60573e-05,3.50039e-05,2.69409e-06,-1.59793e-05,1.13185e-05,-9.65421e-06,3.08202e-06,7.79952e-05,0.000458612,0.000282968,5.33093e-05,2.09703e-05,4.5467e-05,-1.35829e-06,-6.9315e-05,2.4344e-06,-1.60049e-06,-7.49824e-06,-3.83326e-05,5.91089e-05,5.91107e-06,4.00311e-05,1.07116e-05,7.61265e-06,5.11772e-06,-0.00013456,2.12212e-05,0.00021596,1.92809e-06,-2.81159e-05,-2.91362e-05,-3.80195e-06,-2.66681e-05,4.84277e-05,-3.31842e-05,-1.44529e-06,4.10553e-05,-5.293e-06,5.74387e-07,-0.00025668,-9.4994e-06
"66",0.000701926,4.2122e-06,0.000341328,3.7439e-06,2.05646e-05,-7.98909e-08,-4.79761e-06,3.15486e-05,1.99084e-05,-4.04796e-06,-8.91756e-07,2.56921e-05,2.40111e-07,8.12251e-07,-9.08734e-07,-3.06141e-05,-1.17382e-05,4.05903e-05,-1.32149e-05,1.20701e-05,-1.24508e-05,-4.16095e-06,-3.52042e-05,2.39135e-05,-2.6291e-06,1.15793e-05,-2.84068e-05,-3.69183e-05,8.2106e-06,1.39845e-05,-6.0256e-06,-2.23311e-06,-7.96162e-06,-4.05268e-06,-7.80438e-06,9.94957e-06,-0.00027167,-7.99915e-05,4.32913e-05,1.88654e-06,3.7243e-05,2.75696e-06,1.64021e-07,3.37133e-06,1.79952e-06,-0.000239239,1.58482e-05,6.57656e-06,-4.68729e-06,6.63421e-06,9.99497e-07,3.66618e-06,-3.72013e-06,1.75696e-07,1.85567e-07,4.94766e-06,1.89668e-05,-6.63051e-07,-2.83763e-06,3.13417e-06,8.91062e-07,2.6174e-06,-3.83619e-06,4.68141e-06,1.92809e-06,7.03593e-05,1.91997e-05,-1.98849e-05,-3.06713e-06,-1.23491e-05,1.7969e-06,-2.49475e-06,-7.67366e-07,-1.58027e-05,2.12582e-06,-3.45885e-07,-1.58143e-05,-8.39487e-07
"67",0.00075755,-0.000610681,-0.000226068,-0.000121517,4.5354e-06,3.51799e-05,1.80778e-05,2.05408e-05,4.67792e-05,2.32568e-06,2.35619e-05,3.59793e-05,1.55272e-05,-1.23085e-05,1.033e-06,2.42347e-05,0.000112384,8.263e-05,9.57329e-06,2.02985e-06,1.26434e-05,4.54123e-05,9.51045e-05,5.73915e-06,1.23398e-06,-3.15843e-05,-1.98621e-05,-5.94505e-05,-3.15073e-07,-5.9902e-05,4.98807e-08,-6.32762e-06,-3.1219e-05,4.08003e-05,-7.15542e-06,-4.33298e-05,-9.90718e-05,-0.000365747,-4.46816e-05,-2.28376e-06,3.64037e-05,2.04636e-06,2.6563e-06,6.60191e-06,-7.04226e-05,-0.000483689,-0.000163971,-4.08566e-05,-1.13737e-05,-2.76886e-05,-7.32753e-06,2.63985e-05,-7.98795e-08,2.25836e-08,1.09834e-05,2.24774e-05,-2.64176e-05,-4.68609e-07,7.79882e-06,-4.40785e-06,-1.36239e-06,8.46338e-06,6.53188e-05,-1.37883e-05,-2.81159e-05,1.91997e-05,0.000118082,2.05233e-05,5.49762e-06,8.87855e-06,-2.67601e-05,1.92549e-05,-1.18292e-06,-2.11947e-05,4.65601e-06,-6.19608e-07,0.000143694,5.26526e-06
"68",0.000555967,-0.000662784,-0.000415784,-0.000109213,-5.23283e-06,1.39987e-05,3.48127e-05,-9.24888e-05,3.36234e-05,7.31727e-06,1.58026e-05,2.41763e-05,2.79816e-05,-7.67572e-06,-1.02158e-07,4.52157e-05,0.000104585,5.21438e-05,-8.27117e-06,2.30271e-06,2.77537e-05,3.41147e-06,3.80111e-05,-4.62802e-06,1.24392e-06,-8.74748e-06,2.91845e-05,3.57071e-05,-6.95523e-07,-9.28514e-06,4.55188e-06,-4.96893e-06,-2.74558e-06,1.42137e-07,-9.29492e-06,-1.98796e-05,4.62655e-05,-2.25855e-05,-0.000499697,-7.04773e-05,3.50775e-05,-2.18481e-06,1.32567e-05,1.22668e-06,-5.69778e-05,-0.000552082,-0.000149613,-3.28125e-05,-6.38534e-06,-2.62251e-05,-1.73851e-06,3.77858e-05,6.14524e-07,7.05373e-07,1.12687e-06,1.17598e-05,-5.23228e-05,-1.13124e-06,-4.44573e-06,-4.56763e-06,-1.66586e-06,4.52914e-06,6.84563e-05,-6.87177e-06,-2.91362e-05,-1.98849e-05,2.05233e-05,0.000135227,2.47231e-05,9.27658e-06,-2.52434e-05,1.29863e-05,-4.07749e-07,-3.29301e-05,5.27253e-06,-7.30312e-07,0.00013346,5.26761e-06
"69",-0.000449871,-0.000569848,-9.62295e-05,-3.77285e-05,1.38275e-05,4.60113e-06,3.81294e-06,-6.51457e-06,-2.07397e-05,-4.80963e-06,9.92543e-06,-2.12918e-05,-9.60274e-06,5.80658e-06,-1.0011e-07,0.000111946,-9.22002e-06,5.97115e-05,-2.46783e-05,1.82247e-05,1.65522e-05,-1.97364e-05,2.648e-06,-1.45818e-06,-6.01782e-07,-1.79069e-05,-2.83264e-05,0.000217153,-4.0835e-06,4.08365e-06,-8.08536e-06,-4.06689e-07,5.35471e-05,-3.82313e-06,-2.84718e-05,-5.39022e-06,-2.93984e-08,-5.89184e-06,-6.95119e-05,-0.000310219,1.43515e-05,1.56236e-06,1.27288e-06,-2.15984e-06,-3.14581e-05,0.000239372,-4.65225e-05,-6.66637e-06,-7.03438e-06,-9.57349e-06,2.32662e-06,1.27842e-05,1.09479e-06,2.68369e-07,6.50603e-06,1.92309e-06,-6.78633e-05,1.73965e-06,-4.7323e-06,-1.17595e-06,-4.48035e-07,-1.23323e-05,2.30588e-05,4.5924e-06,-3.80195e-06,-3.06713e-06,5.49762e-06,2.47231e-05,8.49473e-05,1.09986e-06,-7.64706e-06,4.48687e-06,5.38686e-07,1.62564e-05,-1.45893e-06,3.2238e-07,4.28535e-05,1.74816e-06
"70",0.000277168,-1.7893e-05,0.00011992,-7.76547e-05,-9.37672e-07,1.21424e-05,2.45979e-06,-4.64609e-05,9.41517e-07,-6.08179e-06,9.64688e-06,-9.28889e-07,7.78825e-06,9.54099e-07,-2.81293e-07,0.000228397,5.22839e-06,2.80339e-06,5.10858e-05,-4.73013e-05,-8.61108e-05,-2.73312e-05,-4.48441e-06,-5.14486e-06,2.51737e-06,1.11846e-05,4.19205e-05,4.00482e-05,2.24162e-06,-4.56733e-05,3.98961e-07,-3.57849e-05,2.92055e-05,6.09079e-06,2.59162e-05,1.76445e-05,2.94612e-05,2.83667e-05,1.08336e-05,4.45484e-06,-0.000311444,-1.13598e-05,1.25538e-05,-6.6018e-07,-2.8588e-05,-6.23457e-05,-7.62113e-05,-2.99598e-05,8.38663e-06,1.32149e-05,9.34327e-06,2.46866e-05,8.67618e-07,-3.49071e-07,-2.92011e-06,4.41832e-06,-3.36905e-05,-3.56719e-06,7.66771e-06,-2.13652e-06,9.81113e-06,-6.54336e-06,3.21743e-05,-1.19999e-05,-2.66681e-05,-1.23491e-05,8.87855e-06,9.27658e-06,1.09986e-06,9.58126e-05,-1.1261e-05,3.89355e-06,2.48691e-07,8.17528e-06,-3.13654e-07,-5.52958e-08,6.17781e-05,2.7992e-06
"71",-0.000594805,0.000218182,-0.000298529,0.000171324,-1.20541e-06,-3.10742e-05,1.47384e-05,0.000116396,-1.11113e-05,1.91203e-06,-1.38038e-05,-1.74885e-05,-1.59474e-05,3.86865e-06,6.21551e-07,0.000192647,-0.000196448,-3.35943e-05,5.37775e-07,1.87578e-06,-1.19029e-05,-1.9888e-05,-3.12208e-05,5.70343e-06,-9.36165e-07,1.4363e-05,2.10824e-05,1.5432e-05,-4.5949e-06,-7.53265e-07,4.68018e-06,-1.59045e-06,1.55139e-06,-2.53696e-05,2.32529e-06,6.38475e-06,1.63668e-05,2.17525e-05,4.35191e-05,1.12083e-05,-3.26644e-05,-4.96275e-05,-1.28654e-05,1.29285e-07,7.9718e-05,0.000205844,0.000208203,4.98525e-05,1.55344e-05,3.2181e-05,6.38179e-06,-5.30758e-05,-3.22507e-06,-8.88019e-07,-8.46721e-06,-2.99381e-05,6.52434e-05,1.96932e-06,7.6639e-06,3.1664e-06,4.81264e-06,-7.58917e-06,-9.08939e-05,1.45513e-05,4.84277e-05,1.7969e-06,-2.67601e-05,-2.52434e-05,-7.64706e-06,-1.1261e-05,4.96541e-05,-2.29079e-05,-2.18879e-07,6.8165e-06,-1.98586e-06,3.62491e-07,-0.000187024,-7.09438e-06
"72",0.000825558,-0.000123117,-9.75514e-05,-0.000114424,-7.75769e-06,1.12452e-05,-1.78419e-05,-6.16122e-05,2.95613e-05,-1.48709e-05,1.08271e-05,1.87261e-05,1.32085e-05,-6.99969e-06,4.35063e-07,1.12412e-05,0.000112818,5.27357e-05,-9.70241e-06,-3.87604e-06,6.52303e-06,1.23515e-05,1.15136e-05,-6.44302e-07,5.78125e-07,-1.84654e-06,-2.79855e-05,4.70776e-05,2.44229e-06,-1.07323e-05,7.53781e-06,-2.88968e-06,-5.87754e-06,2.9677e-05,-1.97197e-07,9.04678e-07,-1.06587e-05,-2.71281e-06,-1.80998e-05,-1.04272e-05,2.52527e-05,-9.23232e-06,-0.000154619,8.64023e-07,-5.37316e-05,-0.000464543,-0.00014002,-3.0173e-05,-1.0122e-05,-2.21638e-05,-3.65535e-06,3.54072e-05,1.93205e-06,5.31872e-07,6.60257e-06,2.071e-05,-4.50687e-05,-2.17028e-06,-1.22939e-05,-4.91297e-06,-3.23652e-06,4.22002e-06,5.78025e-05,-8.08388e-06,-3.31842e-05,-2.49475e-06,1.92549e-05,1.29863e-05,4.48687e-06,3.89355e-06,-2.29079e-05,5.04626e-05,5.93687e-08,-2.20102e-05,3.7383e-06,-6.20055e-07,0.000129939,4.64313e-06
"73",-7.29028e-05,-1.25908e-05,-8.61714e-06,8.65705e-07,-2.02062e-06,-2.12716e-06,-4.68114e-06,-7.99259e-06,-2.67476e-06,1.03228e-06,-3.64224e-07,-2.49452e-06,-1.52054e-06,9.72441e-07,-3.95183e-08,1.10831e-06,-1.66601e-06,-1.79555e-08,-3.86865e-06,9.68687e-07,1.21117e-07,-4.29305e-08,-9.30177e-07,-5.65782e-07,-2.70921e-07,-1.69008e-06,1.20857e-06,-3.65822e-06,-1.79965e-08,1.55694e-06,8.74269e-07,4.17735e-06,1.26655e-05,-8.74029e-07,-2.82953e-06,4.25706e-06,3.9695e-06,6.08785e-06,4.68546e-07,-1.84789e-06,-4.95668e-07,7.97514e-07,6.42702e-07,-3.13281e-06,-5.70368e-07,3.9567e-05,5.58927e-08,1.21097e-06,1.09866e-07,-1.96974e-07,-5.53379e-08,4.86963e-07,2.04462e-07,4.61999e-08,3.06619e-07,-4.0176e-07,1.53002e-06,8.21121e-08,1.24378e-07,-3.72685e-07,-1.14527e-06,-4.09983e-06,6.73117e-07,5.86267e-07,-1.44529e-06,-7.67366e-07,-1.18292e-06,-4.07749e-07,5.38686e-07,2.48691e-07,-2.18879e-07,5.93687e-08,1.03057e-06,1.19526e-06,-2.73981e-07,4.47973e-08,2.55431e-07,2.89618e-08
"74",-0.00927783,0.0124353,0.00857157,6.32698e-05,2.75827e-05,-4.80777e-05,-8.82792e-05,-0.000126426,-0.00187769,8.72851e-05,-9.55375e-05,-0.000397929,1.51937e-05,-5.52186e-05,-1.04259e-05,-0.000125949,-0.000652773,0.000592618,-4.23641e-05,-2.84789e-05,-6.69653e-05,-6.89597e-05,-2.8468e-05,3.05595e-05,5.96294e-06,0.000117514,-2.06404e-05,-0.000497744,2.38947e-05,-7.50131e-05,-1.89472e-05,2.21178e-05,-8.02526e-05,3.82163e-05,7.7657e-05,-0.000123013,5.35569e-05,2.2652e-05,0.000203833,-6.89732e-05,-0.0001273,4.99873e-05,2.46123e-05,-7.20642e-06,-0.000636458,0.023273,0.000104418,3.1208e-05,1.32905e-05,1.65452e-05,1.68985e-05,-1.2996e-05,-5.28248e-06,-2.6556e-06,-2.86458e-05,-2.28288e-05,5.46392e-05,1.43915e-07,3.53439e-05,8.27741e-06,1.74332e-06,-5.70575e-06,-4.04694e-05,-3.24927e-07,4.10553e-05,-1.58027e-05,-2.11947e-05,-3.29301e-05,1.62564e-05,8.17528e-06,6.8165e-06,-2.20102e-05,1.19526e-06,0.00213186,-0.000207001,2.07507e-05,-0.000126051,1.20374e-05
"75",0.00153328,-0.00127919,-0.00159798,-8.30566e-06,-2.53864e-07,9.14874e-06,1.51539e-05,2.88281e-05,0.000207198,-1.91551e-05,1.14294e-05,7.99966e-05,8.91249e-06,-8.41096e-06,1.6348e-06,2.24773e-05,9.60175e-05,-3.36616e-05,7.50612e-06,4.05898e-06,7.67809e-06,1.31985e-05,9.97778e-06,-4.43385e-06,-8.84026e-08,-1.32213e-05,3.21359e-06,3.39521e-05,-2.38854e-06,1.76944e-05,4.79829e-06,-4.58039e-06,4.7264e-06,-4.91866e-06,-1.08124e-05,8.82664e-06,-8.11131e-06,-9.83434e-06,-2.8751e-05,1.07188e-05,7.97959e-06,-9.1253e-06,-8.27168e-08,1.37872e-06,6.74467e-05,-0.00328281,-1.88332e-05,-5.50296e-06,-1.82197e-06,-3.38585e-06,-3.34625e-06,2.0505e-06,7.56438e-07,2.91896e-07,3.09493e-06,2.60493e-06,-6.82029e-06,1.16795e-07,-5.97735e-06,-1.43683e-06,6.114e-08,1.24474e-06,8.56655e-06,9.63093e-07,-5.293e-06,2.12582e-06,4.65601e-06,5.27253e-06,-1.45893e-06,-3.13654e-07,-1.98586e-06,3.7383e-06,-2.73981e-07,-0.000207001,2.51213e-05,-2.93907e-06,2.23499e-05,-1.56004e-06
"76",-0.000377652,-2.03843e-05,0.0002241,1.24736e-06,2.72443e-07,-1.41622e-06,-2.38531e-06,-4.42084e-06,-2.33322e-05,2.71119e-06,-1.67294e-06,-1.86739e-05,-6.33175e-06,3.88079e-06,-3.37983e-07,-1.61351e-06,-1.52599e-05,-1.28164e-06,-1.24314e-06,-3.74582e-07,-3.35618e-07,-1.95498e-06,-1.89536e-06,5.44082e-07,6.50644e-08,9.22489e-07,-8.67983e-07,-3.243e-06,-5.60028e-08,-1.53873e-06,-9.61231e-07,6.66284e-07,-4.72352e-07,7.42892e-07,9.91039e-07,1.34845e-07,1.73668e-06,1.07775e-06,3.38156e-06,-2.10909e-06,-5.17421e-07,1.336e-06,3.21278e-07,-2.11412e-07,-6.9474e-06,0.000521007,2.92116e-06,9.17113e-07,2.00031e-07,3.83973e-07,3.8917e-07,-4.16981e-07,-1.12938e-07,-5.38789e-08,-2.49419e-07,-2.58351e-07,9.52837e-07,-3.08806e-08,6.74577e-07,1.8347e-07,4.68783e-10,-1.96693e-07,-1.25479e-06,6.80366e-08,5.74387e-07,-3.45885e-07,-6.19608e-07,-7.30312e-07,3.2238e-07,-5.52958e-08,3.62491e-07,-6.20055e-07,4.47973e-08,2.07507e-05,-2.93907e-06,4.65784e-07,-3.5753e-06,2.4401e-07
"77",0.00373561,-0.000750984,-0.000112311,-0.000889834,-3.8039e-05,0.000122342,-3.33986e-05,-0.000377581,0.000187673,2.56525e-06,6.46789e-05,0.000155035,9.48443e-05,-6.02016e-05,4.93334e-07,-8.71266e-05,0.000911606,0.000339276,-2.08981e-05,-1.44156e-05,6.33701e-05,8.3973e-05,0.00012447,1.02887e-05,4.52111e-06,-7.09588e-05,1.59287e-05,0.000118043,3.06622e-05,6.38474e-05,4.18607e-05,-2.98448e-06,-5.06451e-05,6.17621e-05,-1.58733e-05,-2.27952e-05,-7.60323e-05,-1.18629e-05,-0.000216444,-3.51707e-05,0.000102085,-5.15486e-05,2.57112e-05,2.51515e-06,-0.000406515,-0.00386026,-0.00110986,-0.000259142,-8.10106e-05,-0.000178743,-3.55538e-05,0.00027853,1.23162e-05,4.23157e-06,4.25775e-05,0.000136675,-0.000333934,-1.33908e-05,-5.02746e-05,-3.40014e-05,-2.63872e-05,4.19841e-05,0.000493709,-7.91718e-05,-0.00025668,-1.58143e-05,0.000143694,0.00013346,4.28535e-05,6.17781e-05,-0.000187024,0.000129939,2.55431e-07,-0.000126051,2.23499e-05,-3.5753e-06,0.00116034,3.30114e-05
"78",-7.74688e-05,-7.84139e-05,0.000378556,-3.55715e-05,7.13475e-07,3.384e-06,-9.97329e-06,-3.78658e-05,-1.25503e-05,-2.03431e-07,3.53943e-07,-1.56211e-05,-2.21866e-06,2.8993e-06,-5.86148e-07,-1.40704e-06,1.70504e-05,9.85912e-06,-1.26556e-06,1.07246e-07,2.13449e-06,2.6323e-06,4.70108e-06,-3.89337e-10,-5.24466e-08,-3.80213e-06,-8.51887e-06,-1.17207e-06,-2.4431e-10,8.17421e-07,3.64197e-07,8.01126e-07,-1.70991e-06,4.16897e-06,1.24627e-06,-2.01329e-07,-1.53104e-06,-5.4061e-07,-4.03614e-06,-1.95852e-06,3.90426e-06,-3.12556e-07,1.91208e-06,-1.40729e-09,-2.57341e-05,0.000497603,-4.24976e-05,-9.81386e-06,-3.10101e-06,-6.67655e-06,-6.38651e-07,1.10953e-05,4.64683e-07,1.70926e-07,1.54273e-06,6.48203e-06,-1.28495e-05,-5.93249e-07,-1.88622e-06,-1.30656e-06,-9.2595e-07,1.419e-06,1.84946e-05,-3.40477e-06,-9.4994e-06,-8.39487e-07,5.26526e-06,5.26761e-06,1.74816e-06,2.7992e-06,-7.09438e-06,4.64313e-06,2.89618e-08,1.20374e-05,-1.56004e-06,2.4401e-07,3.30114e-05,2.18986e-06
