"age","category","Freq"
"61","0",278
"62","0",307
"63","0",306
"64","0",247
"65","0",263
"66","0",260
"67","0",210
"68","0",211
"69","0",152
"70","0",156
"71","0",121
"72","0",135
"73","0",87
"74","0",112
"75","0",77
"76","0",0
"77","0",0
"78","0",0
"79","0",0
"80","0",0
"81","0",0
"82","0",0
"83","0",0
"84","0",0
"85","0",0
"86","0",0
"87","0",0
"88","0",0
"89","0",0
"90","0",0
"92","0",0
"61","1",0
"62","1",0
"63","1",0
"64","1",0
"65","1",0
"66","1",0
"67","1",0
"68","1",0
"69","1",0
"70","1",0
"71","1",0
"72","1",0
"73","1",0
"74","1",0
"75","1",0
"76","1",73
"77","1",65
"78","1",48
"79","1",52
"80","1",27
"81","1",21
"82","1",20
"83","1",9
"84","1",12
"85","1",7
"86","1",4
"87","1",5
"88","1",2
"89","1",3
"90","1",3
"92","1",1
