"parameter","matrix","row","column","estimate","se"
1,"lambda","X2","SX",0.77796024,0.10914863
2,"lambda","X3","SX",0.68014765,0.13395447
3,"lambda","X4","SX",1.1126386,0.14680395
4,"theta","X1","X1",0.69808471,0.086468905
5,"theta","X2","X2",0.65531212,0.026313491
6,"theta","X3","X3",0.5455761,0.02358846
7,"theta","X4","X4",0.5364356,0.058243874
8,"theta","X5","X5",0.50106567,0.038221277
9,"theta","Y1","X1",-0.027834274,0.02747581
10,"theta","Y1","Y1",0.55369502,0.033657845
11,"theta","Y2","X2",-0.066337898,0.01664
12,"theta","Y2","Y2",0.6355052,0.024995161
13,"theta","Y3","X3",-0.048045307,0.01740814
14,"theta","Y3","Y3",0.57475847,0.028155522
15,"theta","Y4","X4",-0.051159073,0.030182559
16,"theta","Y4","Y4",0.58392626,0.039127622
17,"theta","Y5","X5",-0.030611714,0.028846268
18,"theta","Y5","Y5",0.61206859,0.058278717
19,"alpha","1","IX",-0.11883117,0.11521991
20,"alpha","1","SX",0.18663356,0.14428318
21,"alpha","1","IY",0.24918115,0.10022701
22,"alpha","1","SY",-0.16394183,0.24784696
23,"beta","IX","C1",-0.14080536,0.031006478
24,"beta","IX","C2",0.090784334,0.04810264
25,"beta","IX","C3",-0.023171235,0.046684422
26,"beta","IX","C4",-0.045539949,0.045085315
27,"beta","IX","C5",-0.078338005,0.052381951
28,"beta","IX","C6",0.0079103233,0.021957083
29,"beta","IX","C7",-0.00089025166,0.0052275783
30,"beta","IX","C8",-0.24582073,0.054588985
31,"beta","IX","C9",0.10664746,0.069056652
32,"beta","IX","C10",-0.083309248,0.17595197
33,"beta","IX","C11",-0.075398929,0.059177306
34,"beta","IX","C12",0.009411701,0.017709546
35,"beta","IX","C13",0.040880714,0.021203892
36,"beta","IX","C14",0.0089953635,0.044955213
37,"beta","IX","C15",-0.051272143,0.046032127
38,"beta","IX","C16",0.17036644,0.044146799
39,"beta","IX","C17",0.10946946,0.05189307
40,"beta","IX","C18",0.24198183,0.045900051
41,"beta","IX","C19",-0.010664321,0.045181215
42,"beta","IX","C20",0.27910647,0.059809819
43,"beta","IX","C21",0.15307343,0.044471849
44,"beta","IX","C22",-0.10845129,0.057289287
45,"beta","IX","C23",0.024347501,0.017736323
46,"beta","IX","C24",-0.0011927156,0.0048923469
47,"beta","SX","C1",0.023500863,0.041360594
48,"beta","SX","C2",-0.021687882,0.060905926
49,"beta","SX","C3",0.032712888,0.060191002
50,"beta","SX","C4",0.12217192,0.05489416
51,"beta","SX","C5",-0.012788385,0.06667874
52,"beta","SX","C6",-0.027249783,0.029379953
53,"beta","SX","C7",-2.898096e-05,0.0068310802
54,"beta","SX","C8",0.054602753,0.06917908
55,"beta","SX","C9",0.0075639971,0.087440312
56,"beta","SX","C10",-0.12551291,0.32208565
57,"beta","SX","C11",0.00415501,0.08235421
58,"beta","SX","C12",0.017888322,0.024324594
59,"beta","SX","C13",-0.020199308,0.023396872
60,"beta","SX","C14",-0.028355012,0.055795576
61,"beta","SX","C15",0.038205475,0.060018297
62,"beta","SX","C16",-0.060363583,0.057372916
63,"beta","SX","C17",0.045045868,0.070876226
64,"beta","SX","C18",-0.1190602,0.059311461
65,"beta","SX","C19",-0.014931913,0.060449366
66,"beta","SX","C20",-0.10576572,0.072649658
67,"beta","SX","C21",-0.055763487,0.057734162
68,"beta","SX","C22",0.12892081,0.069165431
69,"beta","SX","C23",-0.059216842,0.027527099
70,"beta","SX","C24",0.0062996652,0.0064259251
71,"beta","IY","IX",-0.355129,0.15039256
72,"beta","IY","C1",-0.21894038,0.036096003
73,"beta","IY","C2",-0.064861529,0.039692316
74,"beta","IY","C3",-0.17133535,0.039534166
75,"beta","IY","C4",-0.061891064,0.039261244
76,"beta","IY","C5",0.23942478,0.047416653
77,"beta","IY","C6",-0.0028653259,0.019654455
78,"beta","IY","C7",0.0079356944,0.0048792083
79,"beta","IY","C8",-0.044114426,0.059421744
80,"beta","IY","C9",0.10053365,0.065890782
81,"beta","IY","C10",0.020341363,0.19919281
82,"beta","IY","C11",-0.12683393,0.056628615
83,"beta","IY","C12",-0.0576097,0.016274329
84,"beta","IY","C13",-0.010276951,0.015870981
85,"beta","IY","C14",0.090076707,0.037294783
86,"beta","IY","C15",0.48473758,0.043590687
87,"beta","IY","C16",-0.094102629,0.044095904
88,"beta","IY","C17",-0.21272768,0.051274866
89,"beta","IY","C18",0.034564342,0.052291684
90,"beta","IY","C19",0.06578777,0.043670911
91,"beta","IY","C20",0.093327276,0.067355126
92,"beta","IY","C21",0.035951443,0.045803159
93,"beta","IY","C22",-0.023412643,0.049656555
94,"beta","IY","C23",0.12951778,0.022540661
95,"beta","IY","C24",-0.01136412,0.0039099879
96,"beta","SY","IX",0.10481901,0.27616748
97,"beta","SY","SX",-0.25420362,0.63739258
98,"beta","SY","IY",0.42482433,0.29961669
99,"beta","SY","C1",0.036626834,0.10401651
100,"beta","SY","C2",0.013832633,0.080672987
101,"beta","SY","C3",0.096276745,0.098003834
102,"beta","SY","C4",0.18569276,0.11658756
103,"beta","SY","C5",-0.19992921,0.10768132
104,"beta","SY","C6",0.049408752,0.044386122
105,"beta","SY","C7",-0.017145734,0.0097331135
106,"beta","SY","C8",0.043072972,0.12664828
107,"beta","SY","C9",-0.15098038,0.11695252
108,"beta","SY","C10",0.20109774,0.32678905
109,"beta","SY","C11",0.2619454,0.13003975
110,"beta","SY","C12",0.052797928,0.038395405
111,"beta","SY","C13",0.03131355,0.036260687
112,"beta","SY","C14",-0.17888933,0.083607227
113,"beta","SY","C15",-0.45216638,0.16427492
114,"beta","SY","C16",0.010423163,0.10320915
115,"beta","SY","C17",0.26920909,0.11361111
116,"beta","SY","C18",0.046798024,0.14918393
117,"beta","SY","C19",0.066002376,0.090303399
118,"beta","SY","C20",-0.12487148,0.16658014
119,"beta","SY","C21",0.014506442,0.10289483
120,"beta","SY","C22",0.15085384,0.13997227
121,"beta","SY","C23",-0.13270856,0.073468044
122,"beta","SY","C24",0.0077628172,0.0093326196
123,"psi","IX","IX",0.22697704,0.081188321
124,"psi","SX","IX",-0.0039793719,0.096674979
125,"psi","SX","SX",0.098394021,0.11560631
126,"psi","IY","SX",-0.023317991,0.040040094
127,"psi","IY","IY",0.20599401,0.034337826
128,"psi","SY","SY",0.032605179,0.1282189
