"id","z","spec","member","attempt","category","kind","created","input_sha256","data_sha256"
"SD_D0_SYNTHETIC_0_synthetic","SD","D0",0,"synthetic","SYNTHETIC","linear","2026-10-08 02:15:50.813308","3eaccc4d49494c338d53906db807a3d575e673095e314c293dfdb7ef96210118","582e14ce035f027fca9bd4fbb8e41319c2a85c928ef618e790a6b8c49c785e13"
"SD_D1_SYNTHETIC_0_synthetic","SD","D1",0,"synthetic","SYNTHETIC","lms_latent","2026-10-08 02:15:55.073882","65838ec931f634bda89c401d656b6edd12d4360528dce01e175ad83b5ee92eac","582e14ce035f027fca9bd4fbb8e41319c2a85c928ef618e790a6b8c49c785e13"
"SD_E1_SYNTHETIC_0_synthetic","SD","E1",0,"synthetic","SYNTHETIC","lms_observed","2026-10-08 02:17:28.264964","33d6749086f9c938f5aea2110bff7fc9807cff8cefb2e4797c9d8082b1ed7e80","582e14ce035f027fca9bd4fbb8e41319c2a85c928ef618e790a6b8c49c785e13"
"SD_H4_EDU_SYNTHETIC_0_synthetic","SD","H4_EDU",0,"synthetic","SYNTHETIC","lms_observed","2026-10-08 02:18:22.836038","cb8b1bfebb3c26159fd23567d3f0ae7b0d8210c8723f5e46a02e574a923ff9af","582e14ce035f027fca9bd4fbb8e41319c2a85c928ef618e790a6b8c49c785e13"
"SD_D0_Z0_1_base","SD","D0",1,"base","TARGET","linear","2026-10-08 02:20:37.627616","b74e2a5e39aadaba5b55966f3b6fbf4549bc249fb30d4420bce89d084a7bbecb","aba3e18819adc647848159ec0f18b66a6e295bcb114c549eac01634b6e994dc8"
"SD_D0_Z0_1_repair_start","SD","D0",1,"repair_start","REPAIR","linear","2026-10-08 02:21:14.541132","c2e38e7131bba6397d197f98b3c9e8e522c9fd21190eb2315dd8eecabab7004d","aba3e18819adc647848159ec0f18b66a6e295bcb114c549eac01634b6e994dc8"
"SD_D1_Z0_1_base","SD","D1",1,"base","TARGET","lms_latent","2026-10-08 02:21:57.496972","3d0979ea4f5229a28a1b24683884bb9db65baf078c40febadc3533d45de8316a","aba3e18819adc647848159ec0f18b66a6e295bcb114c549eac01634b6e994dc8"
"SEXGAP_D0_Z0_1_base","SEXGAP","D0",1,"base","TARGET","linear","2026-10-08 09:30:21.644104","975b91173c58f44007a3f7ca578d57fba036254b0f99cbdd4d9c5135d6df8d17","3b61b0b5f3b5e6c5b103382f90a6f759fbcd13c339ab2670dee6ba10e109ee20"
"SEXGAP_D0_Z0_1_repair_start","SEXGAP","D0",1,"repair_start","REPAIR","linear","2026-10-08 09:30:57.832189","739e4efa6519569f27b6f48477509dadef863af8ce0403a23301accd612e1e38","3b61b0b5f3b5e6c5b103382f90a6f759fbcd13c339ab2670dee6ba10e109ee20"
"SEXGAP_D1_Z0_1_base","SEXGAP","D1",1,"base","TARGET","lms_latent","2026-10-08 09:31:36.679611","708ec5cc661435cf558779227328f5cfbee2c50d014db8761fae04ec56beee35","3b61b0b5f3b5e6c5b103382f90a6f759fbcd13c339ab2670dee6ba10e109ee20"
"SEXGAP_D1_Z0_1_repair_start","SEXGAP","D1",1,"repair_start","REPAIR","lms_latent","2026-10-08 09:48:12.261649","efbc7fe501031bc91213e4af1662dc2940de5b984d21c9e36820914ca165f84f","3b61b0b5f3b5e6c5b103382f90a6f759fbcd13c339ab2670dee6ba10e109ee20"
"OLDEST_D0_Z0_1_base","OLDEST","D0",1,"base","TARGET","linear","2026-10-08 12:25:15.188076","5d9560130de7bf1fc575460a0335d0f6ce154d2e221a4461b25ff601e7c6261a","05601bc6f5f95ebb48ad34aa81175b9ecbef2c59fbf1d491897b20594827959f"
"OLDEST_D0_Z0_2_base","OLDEST","D0",2,"base","TARGET","linear","2026-10-08 12:25:51.989559","b50bdcb5b481a810d616793bfd6e35a80ab8b66ce74874adac11388efb4c5369","aa258b160ca35a15518c0d51e7238e800783a13236617a1d00a3f44c3eb4d8ce"
"OLDEST_D0_Z0_3_base","OLDEST","D0",3,"base","TARGET","linear","2026-10-08 12:26:31.031527","ca442903d683ce585caba788da36d144930d4d7debb8732f89d4a69be1291a9f","7b0f40b23fbc30bfc8790e6d51bf7b801c5982751ecb2f8fd5bca78604f3a832"
"OLDEST_D0_Z0_4_base","OLDEST","D0",4,"base","TARGET","linear","2026-10-08 12:27:17.040517","e40f8f6467bfd642d19905db1e27241ebd2b1ff6737f0a03bf431ac35e2ade3c","a21aba294824ab1b2b2d1aba21a6ee6ee0c05aa5632dea10098edb0f33dcbe27"
"OLDEST_D0_Z0_5_base","OLDEST","D0",5,"base","TARGET","linear","2026-10-08 12:27:53.188163","04ff073a4761994a302cad06ef8ce8956bfd4e0a47f3c354349712ef0b74a0eb","5019e0fcc915c76e128c0c1c99f31eaa626ebef3913cce2ac8264a337a2a0f74"
"OLDEST_D0_Z0_6_base","OLDEST","D0",6,"base","TARGET","linear","2026-10-08 12:28:25.973825","b3bef39f12cdd594068ce3c1c38eb204e313fcb924f27cd666fa8e72cd3aac1d","c0ea37fde5aa9573a109dd7e40ec020a3be1434f23120671ea6ac6a0a2ee9da1"
"OLDEST_D0_Z0_6_repair_start","OLDEST","D0",6,"repair_start","REPAIR","linear","2026-10-08 12:29:01.466969","276da5229a88d05d016e7278ca82f955f5136fe73fd325e6ffb30273d704a7c9","c0ea37fde5aa9573a109dd7e40ec020a3be1434f23120671ea6ac6a0a2ee9da1"
"OLDEST_D1_Z0_1_base","OLDEST","D1",1,"base","TARGET","lms_latent","2026-10-08 12:29:44.04376","038dc977ec235c29e1639f37dd3ff7350c519c551d9dc9140601b301a1fa14cb","05601bc6f5f95ebb48ad34aa81175b9ecbef2c59fbf1d491897b20594827959f"
"OLDEST_D1_Z0_1_repair_em","OLDEST","D1",1,"repair_em","REPAIR","lms_latent","2026-10-08 18:29:53.390398","cf963be2310048bee798c49e6990d6084ded438530e424490e697eeb26d47209","05601bc6f5f95ebb48ad34aa81175b9ecbef2c59fbf1d491897b20594827959f"
"SONGAP_D0_Z0_1_base","SONGAP","D0",1,"base","TARGET","linear","2026-10-08 22:23:19.055781","03dfa7321a8b2b5262be44331ef7c6936c368b27b06a423cf6fb8238a635bb71","564f2f342fe35c0d6600e7f8dfa01c8df61bb6aad3338776379a312a47ccdc59"
"SONGAP_D0_Z0_1_repair_start","SONGAP","D0",1,"repair_start","REPAIR","linear","2026-10-08 22:24:01.485006","52a2f9eefa9bbf26d1592d2072027cff137486b152e4063f2f0e54b972d6cd49","564f2f342fe35c0d6600e7f8dfa01c8df61bb6aad3338776379a312a47ccdc59"
"SONGAP_D1_Z0_1_base","SONGAP","D1",1,"base","TARGET","lms_latent","2026-10-08 22:24:56.192644","e18e58621314549d514275419a5359c0765efa83c29f9e2ded48b261bd7df61f","564f2f342fe35c0d6600e7f8dfa01c8df61bb6aad3338776379a312a47ccdc59"
"SONGAP_D1_Z0_1_repair_start","SONGAP","D1",1,"repair_start","REPAIR","lms_latent","2026-10-09 01:42:58.678528","a24d2687e311c58256b750464eb60b6474ce4de6f753edff691c23cf9124036b","564f2f342fe35c0d6600e7f8dfa01c8df61bb6aad3338776379a312a47ccdc59"
