"z","variable","column","retained","reason"
"SD","sex12","c1",TRUE,"retained"
"SD","edu12","c2",TRUE,"retained"
"SD","urban12","c3",TRUE,"retained"
"SD","prov122","c4",TRUE,"retained"
"SD","prov123","c5",TRUE,"retained"
"SD","cdn12","c6",TRUE,"retained"
"SD","cdar12","c7",TRUE,"retained"
"SD","cdsc121","c8",TRUE,"retained"
"SD","cdsc122","c9",TRUE,"retained"
"SD","minor12","c10",TRUE,"retained"
"SD","ageg12","c11",TRUE,"retained"
"SD","pinc12","c12",TRUE,"retained"
"SD","pinc212","c13",TRUE,"retained"
"SD","cores12","c14",TRUE,"retained"
"SD","heal121","c15",TRUE,"retained"
"SD","heal123","c16",TRUE,"retained"
"SD","marr12","c17",TRUE,"retained"
"SD","eco122","c18",TRUE,"retained"
"SD","eco123","c19",TRUE,"retained"
"SD","hwc122","c20",TRUE,"retained"
"SD","hwc123","c21",TRUE,"retained"
"SD","hukou12","c22",TRUE,"retained"
"SD","adl12","c23",TRUE,"retained"
"SD","finc12","c24",TRUE,"retained"
"SEXGAP","sex12","c1",TRUE,"retained"
"SEXGAP","edu12","c2",TRUE,"retained"
"SEXGAP","urban12","c3",TRUE,"retained"
"SEXGAP","prov122","c4",TRUE,"retained"
"SEXGAP","prov123","c5",TRUE,"retained"
"SEXGAP","cdn12","c6",TRUE,"retained"
"SEXGAP","cdar12","c7",TRUE,"retained"
"SEXGAP","cdsc121","c8",FALSE,"zero_variance_in_member"
"SEXGAP","cdsc122","c9",FALSE,"zero_variance_in_member"
"SEXGAP","minor12","c10",TRUE,"retained"
"SEXGAP","ageg12","c11",TRUE,"retained"
"SEXGAP","pinc12","c12",TRUE,"retained"
"SEXGAP","pinc212","c13",TRUE,"retained"
"SEXGAP","cores12","c14",TRUE,"retained"
"SEXGAP","heal121","c15",TRUE,"retained"
"SEXGAP","heal123","c16",TRUE,"retained"
"SEXGAP","marr12","c17",TRUE,"retained"
"SEXGAP","eco122","c18",TRUE,"retained"
"SEXGAP","eco123","c19",TRUE,"retained"
"SEXGAP","hwc122","c20",TRUE,"retained"
"SEXGAP","hwc123","c21",TRUE,"retained"
"SEXGAP","hukou12","c22",TRUE,"retained"
"SEXGAP","adl12","c23",TRUE,"retained"
"SEXGAP","finc12","c24",TRUE,"retained"
"OLDEST","sex12","c1",TRUE,"retained"
"OLDEST","edu12","c2",TRUE,"retained"
"OLDEST","urban12","c3",TRUE,"retained"
"OLDEST","prov122","c4",TRUE,"retained"
"OLDEST","prov123","c5",TRUE,"retained"
"OLDEST","cdn12","c6",TRUE,"retained"
"OLDEST","cdar12","c7",TRUE,"retained"
"OLDEST","cdsc121","c8",TRUE,"retained"
"OLDEST","cdsc122","c9",TRUE,"retained"
"OLDEST","minor12","c10",TRUE,"retained"
"OLDEST","ageg12","c11",TRUE,"retained"
"OLDEST","pinc12","c12",TRUE,"retained"
"OLDEST","pinc212","c13",TRUE,"retained"
"OLDEST","cores12","c14",TRUE,"retained"
"OLDEST","heal121","c15",TRUE,"retained"
"OLDEST","heal123","c16",TRUE,"retained"
"OLDEST","marr12","c17",TRUE,"retained"
"OLDEST","eco122","c18",TRUE,"retained"
"OLDEST","eco123","c19",TRUE,"retained"
"OLDEST","hwc122","c20",TRUE,"retained"
"OLDEST","hwc123","c21",TRUE,"retained"
"OLDEST","hukou12","c22",TRUE,"retained"
"OLDEST","adl12","c23",TRUE,"retained"
"OLDEST","finc12","c24",TRUE,"retained"
"SONGAP","sex12","c1",TRUE,"retained"
"SONGAP","edu12","c2",TRUE,"retained"
"SONGAP","urban12","c3",TRUE,"retained"
"SONGAP","prov122","c4",TRUE,"retained"
"SONGAP","prov123","c5",TRUE,"retained"
"SONGAP","cdn12","c6",TRUE,"retained"
"SONGAP","cdar12","c7",TRUE,"retained"
"SONGAP","cdsc121","c8",TRUE,"retained"
"SONGAP","cdsc122","c9",FALSE,"zero_variance_in_member"
"SONGAP","minor12","c10",TRUE,"retained"
"SONGAP","ageg12","c11",TRUE,"retained"
"SONGAP","pinc12","c12",TRUE,"retained"
"SONGAP","pinc212","c13",TRUE,"retained"
"SONGAP","cores12","c14",TRUE,"retained"
"SONGAP","heal121","c15",TRUE,"retained"
"SONGAP","heal123","c16",TRUE,"retained"
"SONGAP","marr12","c17",TRUE,"retained"
"SONGAP","eco122","c18",TRUE,"retained"
"SONGAP","eco123","c19",TRUE,"retained"
"SONGAP","hwc122","c20",TRUE,"retained"
"SONGAP","hwc123","c21",TRUE,"retained"
"SONGAP","hukou12","c22",TRUE,"retained"
"SONGAP","adl12","c23",TRUE,"retained"
"SONGAP","finc12","c24",TRUE,"retained"
