"","V1","V2","V3","V4","V5","V6","V7","V8","V9","V10","V11","V12","V13","V14","V15","V16","V17","V18","V19","V20","V21","V22","V23","V24","V25","V26","V27","V28","V29","V30","V31","V32","V33","V34","V35","V36","V37","V38","V39","V40","V41","V42","V43","V44","V45","V46","V47","V48","V49","V50","V51","V52","V53","V54","V55","V56","V57","V58","V59","V60","V61","V62","V63","V64","V65","V66","V67","V68","V69","V70","V71","V72","V73","V74","V75","V76","V77","V78","V79","V80","V81","V82"
"1",0.0026068483,0.0010236485,0.0019171778,0.0001189943,0.00030995788,-0.00029701911,-0.00057030682,-0.00010633155,2.9685919e-05,-0.00024824941,0.0004562368,-5.8285994e-05,-5.3062965e-05,-6.4841564e-05,5.7853174e-06,6.9600778e-05,3.3289465e-05,2.0370176e-05,-1.312794e-06,-3.2534969e-05,-8.3626862e-05,-0.00042632685,7.3732317e-06,-0.00023221296,4.4433675e-06,-1.1816353e-05,2.6151029e-05,-5.2466352e-05,-2.5309143e-06,-9.0234115e-05,1.3583166e-05,3.1327936e-06,0.00014662744,-7.7348859e-05,-3.4325114e-05,-3.8856352e-05,-0.00024394816,0.00025056435,-3.2463027e-05,4.1161679e-05,-8.0911044e-05,0.00012579612,-5.4886883e-05,0.00022825667,0.00030861272,0.00058336488,-0.00022996267,-0.00063587352,8.3207721e-05,0.00025235119,-7.4640481e-06,3.2046715e-05,6.5468554e-05,-0.0021887979,0.0021725745,-0.0011627298,7.1106082e-05,0.0003958095,0.0006440031,0.00065505473,0.00015381852,-0.00025762926,-4.2678854e-05,0.00015020246,4.8750823e-05,-2.5070748e-06,-1.5214389e-05,-3.2419677e-05,0.00015619473,-0.00090775437,-7.1148187e-05,-0.00062720639,9.1762255e-05,0.00071288929,0.0004777647,-0.0005731557,0.00024433648,-0.00051163186,0.00051440523,-0.00013050596,-0.00027342252,0.00031734933
"2",0.0010236485,0.0022749237,0.0011986392,-0.00015451342,0.00028028939,-0.00017915227,-0.0004189977,6.4104271e-05,-0.00018075705,-7.7587947e-05,0.00030027081,0.00015573112,-0.00012085895,-7.7570979e-05,8.8625756e-06,-2.939112e-06,5.5444428e-05,1.9415632e-05,-2.987628e-05,5.5681145e-05,2.9523672e-06,-0.00028822502,1.43018e-05,4.9785201e-05,2.7824596e-05,-6.1200511e-06,-4.7609759e-05,-1.5555161e-05,-4.1762848e-06,-9.3536842e-05,1.7352586e-06,-3.163164e-06,7.1537321e-05,-2.5398664e-06,2.9259167e-05,1.574464e-06,-1.0422992e-05,-0.00023374458,6.8364505e-05,-0.00012100308,-0.00018768664,7.9854989e-05,5.6149702e-06,2.9399665e-05,-0.00024021522,0.00048924569,0.000290361,4.35069e-05,-0.00030978428,0.00029959776,-0.00016491063,-4.7418287e-05,-0.00014729378,0.0002477525,-0.00054373679,0.0001928188,-0.00046785284,0.00043398373,0.00061066698,0.00054020656,0.00033336488,0.00029101631,2.3572497e-05,0.000126325,4.3265022e-05,-7.5310294e-05,1.8412269e-06,2.4746903e-05,1.4508083e-05,-0.00074445376,-0.00010318643,-0.00010318297,-8.6372306e-05,-0.00019944829,0.00032831021,-0.00040052873,-1.5019331e-06,-0.00040003382,0.00028826488,-8.5683721e-05,-5.2056069e-05,1.9523059e-05
"3",0.0019171778,0.0011986392,0.0047590349,-0.00030716854,0.00013462313,-0.00094377486,-0.00034185462,9.5538727e-05,8.5038977e-05,-0.00098373904,0.00083207588,-0.000456212,-0.00015093546,-3.9393101e-05,-5.6488892e-05,5.9943047e-05,9.8423747e-05,3.1748099e-05,2.6211179e-05,-0.00011717535,-4.2734194e-05,-0.001019061,-5.4911572e-05,-0.00019039192,6.1126943e-05,-6.5848538e-05,-2.1340877e-05,-3.483612e-05,-3.6348191e-05,-5.6958382e-05,-3.1402263e-05,2.3380553e-06,0.00027199423,-0.00019268298,-3.7575581e-05,-0.00024868439,-0.00033323712,0.00078641616,-0.00013465195,0.00050739887,-3.1572784e-05,4.5188851e-05,0.00028958511,2.1835992e-05,3.4212151e-05,-0.00027853129,-0.00015478154,-0.00098163969,0.00046486472,0.00074043216,4.04929e-05,-3.4471465e-05,0.00013613212,-0.0022115421,0.001452883,-0.0020689554,-0.00093536674,0.0031397275,0.0006240791,0.0001866786,0.00014010216,-4.6177192e-06,1.7034083e-05,-2.3648497e-06,7.5863087e-05,-3.4423643e-05,2.2723079e-06,-7.4291901e-05,6.3137385e-05,-0.00079320942,-0.0013623587,-0.0012962472,0.00059267022,0.0010860907,0.00099743959,-0.001534988,0.00016262443,-0.0012971115,0.0016851616,-0.00062397467,-0.00030523678,0.00068550721
"4",0.0001189943,-0.00015451342,-0.00030716854,0.0072821111,0.0038846091,0.0037241496,-0.00015982478,-0.0001739135,5.944857e-05,7.6671164e-05,1.2364053e-05,4.303437e-05,1.1754982e-05,4.5747977e-05,6.7684715e-05,-8.711975e-05,-1.5941253e-05,5.1050996e-05,5.9611187e-05,-6.3684251e-05,2.5316865e-06,0.00041847587,-0.00018771375,-0.0025190149,0.00011474655,8.4388979e-05,0.00045558025,-1.6191879e-05,-5.0013278e-05,-0.00014555308,9.3307208e-05,4.3650914e-05,-0.00026595079,0.00013191534,0.00018159079,0.0012038957,3.6871739e-05,-0.00028616478,-2.9040024e-05,-0.00017201527,-0.00037829287,0.00032219684,-0.00029761964,3.2590417e-05,9.356928e-05,0.00023598459,0.00014199533,-3.3937129e-05,0.00071266254,-0.00068192577,-2.5077498e-05,2.2725435e-05,-1.0370947e-05,-0.0037900787,0.0047321438,-0.0015863085,0.0015462352,-0.0031292445,-0.00012867559,2.4374808e-06,0.00042800864,-0.00084802695,0.00065371071,0.00022633039,-0.00066051672,-0.00097521624,-0.00019163593,0.0015215308,0.00030089507,-0.00041924248,0.00057467199,-0.00047769156,0.00023121483,0.00091548186,-0.00068165818,0.00032389521,0.0011653605,0.0010301558,-0.00094303262,0.00090111142,-0.0021738443,0.0011037736
"5",0.00030995788,0.00028028939,0.00013462313,0.0038846091,0.0068956986,0.0040263836,-0.00023611477,-1.9925041e-05,2.5687682e-05,-1.3880799e-05,2.9316507e-05,-5.5900005e-05,6.9494535e-05,4.2488003e-05,-5.1642503e-05,-4.7419162e-05,0.0001154852,8.422845e-05,2.4091849e-05,-2.1688865e-05,-1.4713271e-05,-0.00042390834,-0.00019419819,-0.0015028024,3.8055139e-05,1.0540222e-05,0.00016739901,7.2616627e-05,-0.00013945928,-0.0004022622,6.0404151e-05,-1.1996422e-05,-0.00023593948,9.9966771e-05,3.0005781e-05,0.0014193257,0.0001418196,-0.00018099235,7.0525166e-05,1.9321579e-06,-3.7040775e-05,-0.00024745631,-0.00019816953,-0.00010641551,-0.00021875726,0.00046497054,-0.00013284064,0.00017365332,0.0001019123,-0.00013144673,9.4881883e-05,-0.00022891439,-0.00039709581,-0.00085197719,0.0013743253,-0.00039921986,-0.00043106021,0.0027544622,-0.00013371918,0.00031767991,-7.7499762e-05,-0.00018106679,0.00021425121,0.00032207192,-0.00096724337,-0.00018375896,-0.00014929028,0.0020822176,0.0002277734,-0.00041777526,0.00036603234,-0.00026399647,4.8525755e-05,-0.0001483097,0.00026265199,-0.00027619707,0.00046825873,-0.00053259475,0.0002197887,0.00050798038,-0.00099397369,-0.000850246
"6",-0.00029701911,-0.00017915227,-0.00094377486,0.0037241496,0.0040263836,0.0093743051,6.8307044e-05,-0.00010509255,-6.3095204e-05,0.0002681008,-0.00016631306,-3.0719785e-06,8.0885148e-05,2.1155635e-05,-8.5343707e-05,-0.0001059553,3.6251157e-05,7.4439107e-05,-9.268737e-05,-5.0657509e-05,-1.1744299e-05,0.00076549682,-0.00022768944,-0.00031818505,-4.2405608e-05,4.1664136e-05,0.00010041905,-8.5540463e-06,-0.00013015767,-7.5205004e-05,-5.1783208e-05,-7.0498138e-05,-0.0013943182,0.00024634505,0.00025223061,0.0020197493,0.00013937448,-0.00057101428,-1.7593747e-05,-0.00018168771,-8.8344541e-05,0.00013538703,-0.00015866726,-0.00020313827,-9.3223411e-05,0.00041586513,2.1479362e-05,0.0005888999,0.00042887224,-0.0009838498,0.00013190047,-0.00018974621,-0.00011049116,-0.0018311144,0.0029461776,-0.0007608665,0.00077070008,-1.3228051e-05,0.00036846627,0.0002393124,4.2713413e-05,-0.00024341189,0.00036350224,-0.0001554986,-0.00047445937,-0.00058973223,0.00011502,0.0010408516,0.00018462479,-2.6610628e-05,0.00045872461,-0.00015257236,0.00012717076,2.5987692e-05,-0.00090928975,0.00089193072,-0.00023042945,0.0012440851,-0.0013521829,0.0010963372,0.00031232635,-0.0033723819
"7",-0.00057030682,-0.0004189977,-0.00034185462,-0.00015982478,-0.00023611477,6.8307044e-05,0.0012926878,1.2185114e-05,-2.6190881e-06,5.6468363e-05,-1.9492442e-05,-2.6552872e-05,-1.9393033e-05,1.5528375e-05,-5.2095557e-05,2.4377363e-06,-1.7355572e-05,-1.151629e-05,4.8126228e-05,-1.8111587e-05,7.491607e-06,0.00020546043,-3.4117884e-05,0.00016953403,-3.8299867e-05,-6.7102392e-06,-9.8928116e-06,2.1579261e-05,1.0472219e-05,8.6914501e-06,-1.2475291e-05,-4.0563554e-05,-4.3687116e-05,2.2987468e-05,-1.1554437e-05,-5.1522486e-06,4.9805091e-06,-3.6148791e-05,-5.2245984e-05,9.6347845e-06,-3.6385248e-05,-6.6489248e-05,0.00011654834,-0.00018063841,9.7730085e-05,-0.0002001878,0.00019393647,-3.856892e-05,-0.00042758499,0.00012357191,2.9526628e-05,4.462571e-06,0.00012803386,0.0026833832,-0.003228711,0.001110643,-0.00051766004,0.00057856061,0.00018078766,-0.00028682395,-0.00015672902,5.7368882e-05,4.2851984e-05,-2.926681e-05,0.00012710295,3.9414779e-05,3.7814966e-05,-0.00011201795,-0.00060092932,0.00093390206,-0.00085487438,0.00044511222,-0.00010621109,-0.00046064302,-0.00016007727,0.00017197984,-0.00010680438,9.2866445e-05,-7.2151452e-05,-5.9419847e-05,0.00012857546,-0.0001316969
"8",-0.00010633155,6.4104271e-05,9.5538727e-05,-0.0001739135,-1.9925041e-05,-0.00010509255,1.2185114e-05,0.00039467754,-7.2603771e-06,-2.1070347e-05,-3.0807614e-05,1.6064024e-05,3.1124848e-05,3.9220904e-05,-1.216229e-05,-1.6589206e-06,1.7518345e-06,6.1564885e-06,-7.0116455e-06,3.7621558e-06,1.8078566e-05,-5.9747172e-05,3.8356612e-06,6.3797257e-05,2.1941106e-05,-5.8651154e-06,-6.7748163e-06,1.1287086e-05,7.0909671e-06,6.2662843e-06,-1.3444712e-06,1.2347082e-05,5.5616449e-05,-1.4905707e-05,-5.6848737e-06,-1.667407e-05,4.1635852e-05,-3.0237646e-05,4.5256819e-05,-4.298484e-05,3.8356904e-05,-1.3853221e-05,-4.5227682e-05,1.0912111e-05,-3.9653471e-05,-1.3680539e-05,0.0001209258,2.0728841e-05,-3.1517448e-05,9.6828311e-06,3.7833649e-05,-3.931423e-05,-2.4185521e-05,0.00039757825,-0.00041124275,0.00028411813,-0.00019481255,0.0002907093,-0.00011299888,-3.3731397e-05,6.9013412e-05,5.7024087e-05,-5.1365577e-05,1.224466e-05,-4.5599767e-05,4.8719108e-05,-1.9881903e-05,2.7719987e-06,-3.2550158e-05,2.8342951e-05,-6.9762437e-05,2.4486363e-05,-5.3487768e-05,-0.00022832069,4.9463498e-05,-4.3775176e-05,-4.1280539e-05,-7.5041808e-05,9.5946605e-05,-4.4846123e-05,5.9956108e-05,2.5905849e-06
"9",2.9685919e-05,-0.00018075705,8.5038977e-05,5.944857e-05,2.5687682e-05,-6.3095204e-05,-2.6190881e-06,-7.2603771e-06,0.00033236994,-4.5156379e-05,1.4063158e-05,-3.6645948e-05,3.7094384e-05,6.7555785e-06,1.8586978e-05,2.6890805e-05,-1.9796535e-05,-1.419944e-05,-8.1158105e-06,-1.2210506e-05,-3.2752085e-06,1.4393964e-06,-8.8094058e-06,-4.9987598e-05,-1.5154133e-06,6.3935733e-06,4.1165191e-07,-1.1011637e-05,1.3846482e-05,2.8661716e-05,3.3372189e-06,-1.1996552e-06,1.2691577e-05,-2.6235253e-06,-3.9185406e-07,-8.7710248e-06,-4.6473031e-05,0.00011225677,5.3137763e-06,1.9609307e-05,3.4146191e-05,-7.1338187e-06,-6.5755773e-06,4.1587832e-05,3.53487e-05,-0.00011937247,-5.4762927e-05,-7.1556984e-05,-2.4147195e-05,5.7646289e-05,-4.1671313e-06,-2.0269568e-05,1.1183919e-05,-0.00020925289,0.00029059979,-0.00016218102,-6.4999635e-05,6.4413525e-05,-5.6290096e-05,5.8097382e-05,-2.6595863e-05,-2.0057985e-05,3.2036649e-06,-5.3005276e-05,4.4746564e-05,-4.605783e-05,2.1272984e-06,1.8864803e-05,1.2638763e-05,9.7343137e-06,2.7668141e-06,-6.2034708e-05,5.4391046e-05,8.3075388e-05,1.0001275e-05,-1.0762167e-06,7.4720398e-05,7.4609042e-06,4.0515982e-05,4.4359895e-06,-3.9108959e-05,5.2801066e-05
"10",-0.00024824941,-7.7587947e-05,-0.00098373904,7.6671164e-05,-1.3880799e-05,0.0002681008,5.6468363e-05,-2.1070347e-05,-4.5156379e-05,0.00077620605,-0.00020108247,0.00011787579,1.2260232e-05,4.0664882e-06,1.1718687e-05,-8.5593143e-06,1.0304453e-05,1.891207e-05,-3.4715128e-05,3.9833457e-05,1.3938656e-05,0.00023099871,3.058617e-05,7.3395408e-05,-4.8670296e-06,5.4597166e-05,4.2433431e-05,-1.5823437e-05,-4.5501832e-06,-2.8458569e-05,8.2166921e-05,-7.2702748e-06,-4.6224675e-05,6.3078544e-05,1.1564861e-05,7.4711328e-05,7.6127146e-05,-0.00027035398,6.4620439e-05,-0.00015914774,-2.997675e-05,5.4029447e-05,-0.00017120168,6.9610314e-05,6.7709066e-05,0.00013788219,9.7597584e-05,0.00023909938,-0.00016116974,-0.000173603,2.3068361e-05,1.8592123e-05,-0.00011610021,0.00064283217,-0.00066154778,0.00058427281,0.0002364843,-0.00078069031,-9.9286564e-05,2.9151466e-05,8.796015e-06,-4.3549317e-06,-2.7408671e-05,0.00012386793,1.5168311e-05,1.5238858e-05,-2.1509355e-05,-7.6297892e-05,-8.3175963e-05,0.00018968609,0.00022656355,0.00031725998,-0.0001789423,-0.00026401663,-0.00023331244,0.00036760688,-8.3581353e-05,0.00029978699,-0.00039193974,0.00020125947,0.00014411485,-0.00021410138
"11",0.0004562368,0.00030027081,0.00083207588,1.2364053e-05,2.9316507e-05,-0.00016631306,-1.9492442e-05,-3.0807614e-05,1.4063158e-05,-0.00020108247,0.0006491975,-9.1764775e-05,-5.2089138e-06,-1.0405132e-05,4.3080233e-05,2.3628546e-05,-6.1457529e-06,4.2860989e-06,-2.068756e-05,1.1956569e-05,-6.0372304e-06,-0.00014930051,-2.1783961e-06,-2.5729578e-05,-2.9507286e-06,-4.7761585e-06,-9.8295338e-07,-2.3522425e-05,-1.7950443e-05,8.3340059e-07,-3.6631915e-05,9.032014e-06,3.221239e-05,4.7776099e-05,1.1559203e-06,-3.738732e-05,-0.0001247485,0.00015483115,-1.8962045e-05,0.00010603808,-5.2974934e-05,5.1618044e-05,0.00010532955,3.966579e-05,5.2988e-05,-5.7461743e-05,-5.3716431e-05,-0.00021370873,0.00011657431,6.9144454e-05,7.8816162e-06,-6.0451924e-06,-1.0942144e-06,-0.00047875436,0.00018879663,-0.00038597445,-0.00016084559,0.00040029646,0.0003599616,2.0046937e-05,1.4970872e-05,-5.3250416e-05,8.0354568e-05,5.3918701e-05,3.9239833e-05,-0.00011513512,-4.199477e-05,1.3905147e-05,5.4443271e-05,-0.00013865985,-0.00034812456,-0.0002182843,9.8499931e-05,0.00019891311,0.00015481336,-0.00032053849,2.4454352e-05,-0.0001916886,0.00029362831,-0.00010079146,-0.00013203316,0.00018336149
"12",-5.8285994e-05,0.00015573112,-0.000456212,4.303437e-05,-5.5900005e-05,-3.0719785e-06,-2.6552872e-05,1.6064024e-05,-3.6645948e-05,0.00011787579,-9.1764775e-05,0.00061363949,2.0976197e-05,-2.3818563e-05,3.9318621e-05,-5.9898038e-07,-5.4314543e-06,2.5998116e-05,-2.7849178e-05,7.0340879e-05,-2.2190021e-06,0.00012041328,7.7813122e-05,-1.3216938e-05,-1.2154322e-05,1.2593735e-05,1.1593975e-05,7.6753227e-08,7.5332984e-06,-5.6553819e-06,1.2001596e-05,-1.6168796e-05,9.6358477e-06,1.6031193e-05,2.9867949e-05,-8.4463438e-06,5.0047118e-05,-0.00013160961,8.0950356e-05,-0.00013409467,-4.4685838e-05,7.6778718e-06,-9.3350675e-05,7.0148279e-05,-2.7376007e-05,0.00015985556,-0.00010201125,0.00011856024,-0.00061844613,3.0320753e-05,-3.3571813e-05,-3.7646221e-05,-0.00014588912,0.0023477004,-0.0024750144,0.0014792986,-0.00041230179,-0.00045684173,5.4306371e-05,-1.1782059e-05,3.8564045e-05,0.00014810392,4.1688129e-06,3.2022711e-06,1.149527e-05,2.6900623e-05,2.4765117e-05,1.0454955e-05,0.00011840387,-8.4038069e-05,0.0002605334,0.00059231658,-0.00031859477,-0.00089233033,-8.5526554e-05,0.00011347193,4.2898005e-05,0.00012957098,-0.00020037392,0.00016001471,-2.857551e-05,6.9856928e-06
"13",-5.3062965e-05,-0.00012085895,-0.00015093546,1.1754982e-05,6.9494535e-05,8.0885148e-05,-1.9393033e-05,3.1124848e-05,3.7094384e-05,1.2260232e-05,-5.2089138e-06,2.0976197e-05,0.00078243833,-6.2477281e-06,-1.6817668e-05,1.6853346e-05,-3.1085077e-05,-9.3752673e-06,-2.6685357e-05,-2.8932728e-05,9.4124648e-05,-1.6624919e-05,9.946497e-05,-4.5810959e-05,5.5996533e-05,-1.0910789e-05,1.5305545e-06,-1.1056968e-05,2.8737095e-06,3.4897061e-05,-5.9371689e-06,2.7458766e-05,9.951422e-06,1.400791e-05,-2.485369e-05,6.7694917e-06,-2.0626989e-05,2.2697968e-05,4.1261977e-05,-4.3353942e-05,7.1125555e-05,-5.733204e-05,4.8489258e-05,-2.3396818e-05,5.3165772e-05,-9.5739469e-05,7.0890895e-05,-6.4099502e-05,-7.8628658e-06,-0.00015757883,3.0777292e-05,-6.5479527e-05,-0.00011917392,0.00052371162,-0.00032379985,0.0011278353,-0.00010045709,-0.0002774575,5.6535232e-06,0.00010425989,3.1915946e-05,-6.3664158e-06,9.4504107e-06,-4.8331373e-05,-0.00011631419,2.8391439e-05,7.7545642e-05,0.00013870473,3.2793717e-05,3.0770278e-05,0.00014100792,0.00010968083,-0.00041149816,-0.00096838561,-2.457819e-05,4.6809132e-05,8.9181727e-06,4.976434e-05,-2.7420661e-05,8.1171632e-05,1.6224475e-05,-6.4288588e-05
"14",-6.4841564e-05,-7.7570979e-05,-3.9393101e-05,4.5747977e-05,4.2488003e-05,2.1155635e-05,1.5528375e-05,3.9220904e-05,6.7555785e-06,4.0664882e-06,-1.0405132e-05,-2.3818563e-05,-6.2477281e-06,0.00021859383,4.9391158e-05,-7.9852011e-06,1.8167845e-05,-9.4069248e-06,-2.5537456e-06,-8.1157384e-06,2.6820545e-05,2.672354e-05,6.3078866e-06,-2.7291022e-05,1.6980835e-05,1.7522536e-05,7.6122418e-06,-1.4467261e-05,7.459062e-06,1.5596888e-05,8.0378731e-06,4.731515e-06,-4.1877522e-06,-1.3372177e-05,-7.7758946e-06,2.4598102e-05,-6.1230749e-06,5.5989964e-05,2.364347e-05,-6.6837401e-06,-1.1003821e-05,4.1305588e-05,1.7404681e-05,3.2736057e-05,1.607132e-06,-7.070856e-05,-4.1561229e-05,-1.8165264e-05,7.7312508e-06,-4.3219408e-05,-1.2622139e-05,1.045655e-05,-1.9517983e-05,1.2497953e-05,4.947779e-05,-2.3860142e-05,3.6607182e-05,-2.3568076e-05,-9.2574205e-05,-5.8785144e-05,-1.556709e-05,-3.6304378e-06,-2.6856818e-06,4.6106421e-05,-2.0219392e-05,-1.9707668e-05,-3.6188932e-05,-1.7606394e-05,-5.0972234e-06,4.8975869e-05,-3.9611124e-05,-8.1947101e-06,2.0521819e-07,4.1811438e-05,-2.6381804e-05,2.3301971e-05,3.3340686e-05,4.6310689e-05,-8.7579917e-06,1.9354302e-05,-1.7408388e-05,6.5540587e-06
"15",5.7853174e-06,8.8625756e-06,-5.6488892e-05,6.7684715e-05,-5.1642503e-05,-8.5343707e-05,-5.2095557e-05,-1.216229e-05,1.8586978e-05,1.1718687e-05,4.3080233e-05,3.9318621e-05,-1.6817668e-05,4.9391158e-05,0.0003366533,3.2908718e-05,6.4555774e-06,-1.4474011e-06,-4.6694251e-05,1.1135702e-06,2.7615899e-06,1.3948967e-05,1.1998221e-05,-5.8263222e-05,-6.6742404e-06,3.8690213e-05,2.7439267e-05,-3.1847736e-05,4.6087198e-06,2.5063683e-05,8.3373904e-07,8.2402112e-06,7.8740381e-06,1.5811041e-05,-2.3952957e-07,-3.7791101e-05,-8.7352733e-05,4.1587396e-05,6.0363683e-05,-3.0904717e-05,-7.6651835e-05,6.3773803e-05,3.0754061e-05,8.130057e-05,1.4192207e-05,-6.2139309e-05,-1.8192836e-05,9.6518124e-06,-0.00012644375,-1.5382328e-05,-3.6875634e-05,-4.3106579e-05,-4.676135e-05,0.00016556416,-0.00016180805,0.00015773028,2.6766655e-05,-0.00035868976,0.00010489838,-9.8964547e-05,8.7046408e-05,6.4203605e-05,5.0255638e-05,0.00011137246,-7.2726442e-05,-2.2747151e-05,-9.8688241e-05,4.3419624e-05,3.2770054e-05,-3.203936e-05,4.9532951e-05,8.8855776e-05,-6.2762612e-05,1.3843211e-05,1.8554497e-05,2.5297931e-05,1.9703567e-05,1.4920624e-05,-3.2769255e-05,5.0089876e-05,-6.4276376e-05,0.00010381512
"16",6.9600778e-05,-2.939112e-06,5.9943047e-05,-8.711975e-05,-4.7419162e-05,-0.0001059553,2.4377363e-06,-1.6589206e-06,2.6890805e-05,-8.5593143e-06,2.3628546e-05,-5.9898038e-07,1.6853346e-05,-7.9852011e-06,3.2908718e-05,0.0001885267,4.3551607e-05,3.0234504e-06,4.0515702e-06,-1.6589739e-05,7.579117e-06,-4.5895925e-05,2.5877556e-05,8.6977002e-06,1.2281837e-05,1.4676358e-06,4.6908547e-06,2.6217616e-05,1.1156231e-05,-5.5520197e-06,-2.3776447e-05,-7.1552083e-06,3.9431813e-06,-3.4551817e-06,3.3715027e-06,-3.8762545e-05,-1.9400201e-05,6.3552674e-05,-7.913956e-06,5.2958334e-05,1.2439423e-05,-4.1792586e-05,1.3747863e-05,-4.1669526e-05,3.2868056e-05,-9.6492271e-05,2.9465584e-05,-4.2070518e-05,-3.7895178e-05,6.7560082e-06,7.4309483e-05,-9.5781742e-05,5.7187255e-06,5.492097e-05,-4.7011887e-05,0.00011694902,1.0597617e-05,4.9113223e-05,-1.266802e-05,-0.00011427358,8.9863592e-05,-9.5001719e-07,-4.8023644e-06,4.7423209e-05,-3.5807112e-05,4.6757936e-05,-4.1939873e-05,4.3728265e-05,-3.1893897e-05,-2.9498071e-05,4.2097068e-05,2.3543777e-05,-4.6300906e-05,-5.8890087e-05,3.7948147e-07,-2.5030346e-05,-5.4982147e-05,-3.9417844e-05,6.5360443e-05,-2.8811981e-05,3.1598849e-05,1.0713602e-05
"17",3.3289465e-05,5.5444428e-05,9.8423747e-05,-1.5941253e-05,0.0001154852,3.6251157e-05,-1.7355572e-05,1.7518345e-06,-1.9796535e-05,1.0304453e-05,-6.1457529e-06,-5.4314543e-06,-3.1085077e-05,1.8167845e-05,6.4555774e-06,4.3551607e-05,0.00041183741,-3.4794658e-07,5.5735391e-08,-8.8801847e-06,-5.989179e-05,-3.9411988e-05,-2.0362811e-05,-6.1607005e-05,4.9323081e-06,-8.5724735e-06,1.0173314e-05,-5.3080166e-07,1.5083291e-05,1.8479213e-06,4.7323472e-06,-4.3307842e-06,7.0241662e-06,2.9970477e-06,-2.4542021e-05,-1.5900278e-05,-3.3126211e-06,3.4089571e-06,3.5045483e-06,2.3322053e-05,1.8520985e-05,4.9795924e-05,1.1852312e-05,-3.2366016e-05,1.3268219e-06,-6.6374236e-05,0.00012281456,-0.00011137933,9.4732102e-05,-1.2318582e-05,0.00010650819,-5.3686351e-05,-2.3648143e-05,-0.00018413049,0.00012987529,-0.00010831357,1.0789387e-05,0.0001232961,1.2481131e-05,-7.2034214e-05,4.1620005e-05,-5.350641e-05,-1.1442318e-05,-2.4501263e-06,-8.1764156e-05,4.3134346e-05,1.0269493e-05,-8.0158219e-05,6.9290399e-06,-3.2158296e-05,5.2447434e-06,-3.2730254e-05,1.8344355e-05,7.5901008e-05,1.9083692e-05,-4.8991739e-05,7.4873636e-06,-2.655395e-05,3.0250289e-05,-1.8256209e-05,-1.7635934e-05,9.0568665e-05
"18",2.0370176e-05,1.9415632e-05,3.1748099e-05,5.1050996e-05,8.422845e-05,7.4439107e-05,-1.151629e-05,6.1564885e-06,-1.419944e-05,1.891207e-05,4.2860989e-06,2.5998116e-05,-9.3752673e-06,-9.4069248e-06,-1.4474011e-06,3.0234504e-06,-3.4794658e-07,0.00022892594,2.7682393e-05,-3.8748917e-05,5.9596722e-06,-1.4526944e-05,-6.3034028e-06,1.1174502e-05,1.408762e-05,1.7033699e-06,4.6291432e-06,-6.6711248e-06,2.7852279e-07,-8.318697e-06,2.5700277e-05,1.5744887e-05,2.4175006e-05,-2.2351352e-05,-8.4229876e-06,2.9834808e-05,-2.0490399e-05,-3.9704664e-05,5.3110267e-05,-7.570472e-05,5.4186679e-05,-3.1981036e-05,-2.2654178e-05,0.00011185153,1.9274363e-05,4.6046041e-05,-4.2608898e-05,4.8756506e-05,-3.4492184e-05,8.0350338e-06,-3.0432839e-05,-7.5000821e-06,-3.2712621e-05,0.00022820108,-0.00034639398,0.00012787271,-7.8288166e-05,0.00019609514,-7.7405927e-05,7.7441691e-05,-3.1219638e-05,0.00011392356,3.5816473e-05,-4.0942678e-05,-7.1211492e-05,-5.5040805e-06,3.8898076e-05,2.9959887e-05,-1.2655975e-05,-2.1102806e-05,-2.2110155e-05,2.2536836e-05,-2.4458401e-05,-0.00010970504,-8.6517622e-06,-2.7981414e-05,-3.160347e-05,-1.9777067e-05,2.726508e-06,-3.7121649e-06,1.1713441e-05,-7.1836556e-05
"19",-1.312794e-06,-2.987628e-05,2.6211179e-05,5.9611187e-05,2.4091849e-05,-9.268737e-05,4.8126228e-05,-7.0116455e-06,-8.1158105e-06,-3.4715128e-05,-2.068756e-05,-2.7849178e-05,-2.6685357e-05,-2.5537456e-06,-4.6694251e-05,4.0515702e-06,5.5735391e-08,2.7682393e-05,0.00037396345,3.0021934e-06,-8.5550876e-05,1.068914e-05,-2.2900891e-05,-6.5973085e-05,2.3690582e-06,-2.4498539e-05,1.7980205e-05,3.1439529e-05,-1.802479e-05,4.8886134e-06,-4.2953156e-06,1.9884747e-05,1.91134e-05,-2.1720733e-05,-4.2759167e-05,-1.9590047e-05,3.8558806e-05,2.6018396e-06,-3.6351384e-05,-6.1202649e-05,3.8141603e-05,-3.9152332e-05,-2.6170456e-05,-2.2926445e-05,-2.6004273e-07,4.8377329e-05,1.3668126e-05,-4.2174874e-05,-3.9159292e-06,6.0913118e-05,7.7298504e-06,-4.5929585e-05,7.2563244e-05,-0.00019873572,0.00022175693,-8.7030232e-05,2.5616302e-05,0.00013936443,-7.3593117e-05,0.00010607999,4.9482332e-05,-4.6437731e-05,6.22631e-05,-4.3968768e-05,-6.0894094e-06,6.7752565e-05,-3.3321884e-06,4.9869702e-06,-2.4182861e-05,-9.3951556e-06,5.89138e-06,-1.4552626e-05,3.9610918e-05,1.4848383e-05,-1.5317997e-05,1.1108218e-05,7.3507926e-06,1.8734433e-06,5.9913348e-05,-4.6006143e-06,-5.8915236e-05,9.0484321e-05
"20",-3.2534969e-05,5.5681145e-05,-0.00011717535,-6.3684251e-05,-2.1688865e-05,-5.0657509e-05,-1.8111587e-05,3.7621558e-06,-1.2210506e-05,3.9833457e-05,1.1956569e-05,7.0340879e-05,-2.8932728e-05,-8.1157384e-06,1.1135702e-06,-1.6589739e-05,-8.8801847e-06,-3.8748917e-05,3.0021934e-06,0.00027649633,3.9755189e-05,2.0937782e-05,-5.7991043e-06,-8.4822263e-07,-1.3755442e-05,6.9036533e-06,-9.7682337e-06,-1.1310736e-06,5.7468854e-06,1.2666999e-06,5.863395e-06,5.8884903e-06,7.7306274e-06,3.1078928e-05,5.1355947e-05,9.9973621e-07,1.635234e-05,2.6236189e-05,2.1129594e-05,2.3534134e-05,-0.00011935043,2.7811595e-05,-7.5446899e-05,5.8952804e-05,4.6629224e-05,2.1877766e-05,-1.8312346e-05,-1.2622873e-05,-5.8522184e-05,4.1313235e-05,1.0024606e-05,1.1313472e-05,-7.3619968e-05,0.00034138648,-0.0005628005,0.00019555811,-0.00015852245,8.0404985e-05,6.8009152e-05,2.1187502e-05,1.287184e-05,-1.712215e-05,9.7334448e-05,5.9036902e-05,6.5416095e-05,-6.4423494e-05,-4.6404393e-06,8.3171761e-06,6.0456359e-05,-3.6692008e-05,3.28249e-05,7.0842835e-05,-3.3184775e-05,-0.00018231819,3.9393981e-05,7.9218183e-06,6.2636986e-05,-6.8308508e-06,-1.8239292e-05,9.1519949e-07,4.1442742e-06,-3.0352115e-06
"21",-8.3626862e-05,2.9523672e-06,-4.2734194e-05,2.5316865e-06,-1.4713271e-05,-1.1744299e-05,7.491607e-06,1.8078566e-05,-3.2752085e-06,1.3938656e-05,-6.0372304e-06,-2.2190021e-06,9.4124648e-05,2.6820545e-05,2.7615899e-06,7.579117e-06,-5.989179e-05,5.9596722e-06,-8.5550876e-05,3.9755189e-05,0.0006327203,-3.8976897e-05,3.8505846e-05,2.4754485e-05,-4.9130513e-06,1.4371688e-05,-8.632633e-06,-1.2123877e-06,1.7614749e-05,-5.9088366e-06,-1.620725e-05,-1.3393006e-05,4.4718787e-05,5.8439633e-05,9.5841305e-05,3.0557085e-05,1.9961424e-05,1.153619e-06,2.4238179e-06,6.5082101e-05,-1.4693636e-05,-9.1511298e-05,-2.053182e-05,1.2896589e-05,-2.9691829e-05,1.4093251e-05,-4.6030833e-05,4.8052461e-05,-1.8087991e-05,-5.3131654e-05,-2.4816555e-05,4.1958945e-05,-1.2361374e-06,0.00060360783,-0.00060845382,0.00048961157,-0.00019086554,-4.6074146e-05,-0.0001633682,-2.8269164e-06,-0.0001092711,4.4104043e-05,-2.0724568e-05,3.7509679e-05,-4.3549672e-05,1.5946528e-05,4.5612179e-08,1.4858291e-05,-1.7285712e-05,4.7806146e-06,-4.8176881e-05,-7.614786e-07,-3.6676816e-05,-0.00067028899,4.5831752e-05,-1.7466947e-06,1.8162925e-05,-2.5201239e-05,-1.7915893e-05,-1.2942031e-05,5.1354555e-05,-6.9124882e-05
"22",-0.00042632685,-0.00028822502,-0.001019061,0.00041847587,-0.00042390834,0.00076549682,0.00020546043,-5.9747172e-05,1.4393964e-06,0.00023099871,-0.00014930051,0.00012041328,-1.6624919e-05,2.672354e-05,1.3948967e-05,-4.5895925e-05,-3.9411988e-05,-1.4526944e-05,1.068914e-05,2.0937782e-05,-3.8976897e-05,0.0010638844,9.8588099e-06,0.00020792594,-4.2235147e-05,7.1170674e-05,6.3931773e-05,-1.6583181e-05,-9.1476872e-06,1.1266775e-05,5.0182879e-05,1.0485228e-05,-0.00019046053,9.6377374e-05,3.4054911e-05,0.00017718302,0.00014593004,-0.0002132134,3.1481658e-05,-0.00028903415,-4.3512627e-05,0.00010015074,-0.00012854251,-0.0001280674,5.0539242e-05,4.894849e-05,0.0001608802,4.9694635e-05,0.00024724941,-0.00055248708,-6.1356653e-05,6.9618678e-05,0.00011306356,-0.0013081735,0.001627964,-0.00037573493,0.0012649636,-0.0027445468,1.5005879e-05,1.9230905e-05,0.00010323687,-0.00029860728,8.0124098e-05,-1.6407594e-05,1.5928814e-05,-0.00013388454,-3.7153625e-05,-0.00013037824,5.2938982e-05,0.00012673121,0.00028895626,3.8204612e-05,3.2514593e-05,0.00028549012,-0.00079923768,0.00093976753,-5.2517811e-05,0.001075688,-0.0011986388,0.00044196751,0.0001343558,-0.00039372462
"23",7.3732317e-06,1.43018e-05,-5.4911572e-05,-0.00018771375,-0.00019419819,-0.00022768944,-3.4117884e-05,3.8356612e-06,-8.8094058e-06,3.058617e-05,-2.1783961e-06,7.7813122e-05,9.946497e-05,6.3078866e-06,1.1998221e-05,2.5877556e-05,-2.0362811e-05,-6.3034028e-06,-2.2900891e-05,-5.7991043e-06,3.8505846e-05,9.8588099e-06,0.00044797781,9.5730455e-05,-1.5379819e-06,-1.5504501e-05,-5.7733088e-08,6.3631142e-06,-2.4628985e-05,1.9377018e-05,2.2420299e-06,2.0948089e-06,2.518158e-05,-2.5694836e-06,5.8535388e-05,-1.0852419e-05,2.1890952e-05,3.2533152e-05,1.0552544e-05,1.5256284e-05,7.9845223e-05,-1.891664e-05,-3.4996706e-05,5.5856659e-05,-4.5404791e-05,-8.2317046e-05,-2.0529704e-05,5.5095933e-05,-3.330438e-05,-0.00038408632,8.182826e-05,-2.9689406e-05,-0.00012494275,0.00019011189,-0.0002826696,0.00010924153,0.00047100478,-0.001325244,0.00011502533,-0.00026799963,0.00010264715,9.0829164e-05,-0.00010868739,8.7683795e-05,-1.9965784e-05,6.1265479e-05,-6.0785466e-05,-3.2685394e-05,-1.9473258e-05,4.341601e-06,-1.8122119e-05,0.00012417907,1.095362e-05,-5.9590199e-06,5.6454651e-05,1.0159845e-06,-2.3702156e-05,-5.4658158e-05,3.4874971e-05,0.00030470173,5.3643469e-05,-2.6707696e-05
"24",-0.00023221296,4.9785201e-05,-0.00019039192,-0.0025190149,-0.0015028024,-0.00031818505,0.00016953403,6.3797257e-05,-4.9987598e-05,7.3395408e-05,-2.5729578e-05,-1.3216938e-05,-4.5810959e-05,-2.7291022e-05,-5.8263222e-05,8.6977002e-06,-6.1607005e-05,1.1174502e-05,-6.5973085e-05,-8.4822263e-07,2.4754485e-05,0.00020792594,9.5730455e-05,0.0021477632,-7.0948238e-05,-9.1748676e-06,-0.00029402244,-5.2294078e-06,-8.5821248e-06,-4.3701964e-06,-6.1490296e-05,-7.1393076e-05,-8.4262887e-05,2.5341215e-05,-3.2935227e-05,-0.0001265283,3.7572495e-05,2.6321336e-05,-1.5091883e-05,-2.3742509e-05,0.00011364237,-4.3693733e-05,0.00011015625,-5.9565108e-05,-2.8326384e-05,-0.00010638971,-1.2957189e-05,0.00020719339,-0.00030504112,0.00032807498,6.6015669e-05,3.1041861e-06,5.2554103e-05,0.0014033976,-0.0016981739,0.00067578485,-0.00062988895,0.0014075215,0.00028435759,4.7891843e-05,-0.00013616486,0.00030341032,-0.00030556032,-3.2936183e-05,0.00038537356,0.00040830705,3.8079562e-05,-0.00082671444,-4.7835958e-05,0.00026133719,-0.00018939649,0.00024555014,-0.0001841605,-0.0004030684,7.2040603e-05,0.00019488777,-0.0011415488,3.3469098e-05,-7.8794337e-05,-0.00034116219,0.001822378,-0.0020146401
"25",4.4433675e-06,2.7824596e-05,6.1126943e-05,0.00011474655,3.8055139e-05,-4.2405608e-05,-3.8299867e-05,2.1941106e-05,-1.5154133e-06,-4.8670296e-06,-2.9507286e-06,-1.2154322e-05,5.5996533e-05,1.6980835e-05,-6.6742404e-06,1.2281837e-05,4.9323081e-06,1.408762e-05,2.3690582e-06,-1.3755442e-05,-4.9130513e-06,-4.2235147e-05,-1.5379819e-06,-7.0948238e-05,0.00021344165,1.5853439e-05,6.0670735e-05,-9.3488947e-06,4.6533497e-07,-4.7799301e-06,-2.4978395e-05,1.6113385e-06,2.4749297e-05,-3.5511571e-05,-2.302021e-05,-3.7819892e-05,-2.5290021e-05,-1.3580413e-05,4.4965757e-05,-7.8047752e-05,-1.3453956e-05,-3.4921743e-06,-7.0418808e-06,2.6041575e-05,1.8131267e-05,-5.1600511e-05,7.1874851e-05,7.6552746e-06,8.7523756e-06,-4.0659502e-05,3.2297532e-05,-4.9798613e-05,-2.15521e-05,-7.2230141e-05,0.00011156386,2.3084855e-05,1.3479053e-05,3.138378e-05,4.1802331e-05,4.6811771e-06,0.00012730151,6.6134696e-06,2.5106957e-05,1.4361987e-05,-2.067873e-05,4.2476512e-05,3.0939953e-05,6.8299979e-06,-1.8826716e-05,-1.2314673e-05,1.8110646e-05,-1.6571689e-06,1.7322212e-05,-4.4697024e-05,-1.6966831e-05,7.3912534e-06,5.3851265e-05,-2.8911745e-05,5.6236351e-05,7.584048e-06,-7.409722e-05,0.00011907685
"26",-1.1816353e-05,-6.1200511e-06,-6.5848538e-05,8.4388979e-05,1.0540222e-05,4.1664136e-05,-6.7102392e-06,-5.8651154e-06,6.3935733e-06,5.4597166e-05,-4.7761585e-06,1.2593735e-05,-1.0910789e-05,1.7522536e-05,3.8690213e-05,1.4676358e-06,-8.5724735e-06,1.7033699e-06,-2.4498539e-05,6.9036533e-06,1.4371688e-05,7.1170674e-05,-1.5504501e-05,-9.1748676e-06,1.5853439e-05,0.00021474103,5.8009222e-05,-4.4081785e-06,1.1833914e-05,-1.4744439e-05,-3.1356236e-06,-7.8406582e-06,1.1771377e-06,-1.121711e-05,-1.3516464e-05,9.8708166e-07,-1.4719188e-06,-1.4138932e-05,-3.2805524e-05,-1.1747886e-05,-3.2116903e-05,6.0525386e-05,-5.0828193e-05,-2.4995334e-06,-7.1121885e-07,-1.3645392e-05,2.9482344e-05,2.1720155e-05,9.8885155e-06,-4.0760527e-05,-1.6556361e-06,-8.5280283e-06,6.9619022e-05,-0.00023258433,0.00024134841,-7.3188002e-05,0.000162369,-0.00031088215,-1.4571997e-05,2.262418e-05,9.146084e-05,-6.5555582e-05,9.7525504e-06,-2.4498788e-05,-1.3354215e-05,-8.0538389e-05,-7.3713042e-06,3.1742914e-05,8.5469156e-06,-3.9464196e-05,2.8308732e-05,-5.3384324e-06,1.2580544e-05,8.6978651e-05,-9.2399515e-05,5.1282533e-05,8.15514e-06,9.4794901e-05,-8.5528036e-05,7.4017882e-05,-1.8003073e-05,-6.196355e-08
"27",2.6151029e-05,-4.7609759e-05,-2.1340877e-05,0.00045558025,0.00016739901,0.00010041905,-9.8928116e-06,-6.7748163e-06,4.1165191e-07,4.2433431e-05,-9.8295338e-07,1.1593975e-05,1.5305545e-06,7.6122418e-06,2.7439267e-05,4.6908547e-06,1.0173314e-05,4.6291432e-06,1.7980205e-05,-9.7682337e-06,-8.632633e-06,6.3931773e-05,-5.7733088e-08,-0.00029402244,6.0670735e-05,5.8009222e-05,0.00045974911,-2.991565e-05,-1.1255498e-05,-2.4487247e-05,-2.9212961e-05,1.9071961e-05,-3.1469758e-05,-6.8879007e-06,1.7188282e-05,-5.3733565e-06,-4.0372915e-05,-2.7390986e-05,-3.5648213e-05,6.6952226e-05,-3.7299435e-05,3.4601318e-05,2.9866111e-05,1.7879229e-05,2.9308005e-05,-2.0170076e-05,0.00011786764,-5.7625962e-05,7.1505426e-05,-0.00010056743,1.7401049e-05,8.4880986e-06,5.6206595e-05,-0.00036889865,0.00053293907,-0.00018818543,0.00022170568,-0.00044606861,-4.6490129e-05,-0.00011946659,0.00012668607,-0.00022586381,6.8125151e-05,1.0671059e-05,-6.9983598e-05,-4.1541898e-05,-6.7774447e-05,6.1205078e-05,-8.3504746e-06,-4.6764678e-05,7.4089671e-05,-7.6756368e-05,1.9625512e-05,0.0001342381,-6.2540753e-05,2.7210487e-05,0.00018863506,9.3142264e-05,-5.4411197e-05,0.00010606396,-0.00026136312,0.00025644188
"28",-5.2466352e-05,-1.5555161e-05,-3.483612e-05,-1.6191879e-05,7.2616627e-05,-8.5540463e-06,2.1579261e-05,1.1287086e-05,-1.1011637e-05,-1.5823437e-05,-2.3522425e-05,7.6753227e-08,-1.1056968e-05,-1.4467261e-05,-3.1847736e-05,2.6217616e-05,-5.3080166e-07,-6.6711248e-06,3.1439529e-05,-1.1310736e-06,-1.2123877e-06,-1.6583181e-05,6.3631142e-06,-5.2294078e-06,-9.3488947e-06,-4.4081785e-06,-2.991565e-05,0.00020339853,2.2248431e-05,1.6602079e-05,-2.6733644e-05,3.2324869e-06,-2.4327918e-05,-1.3776139e-05,-1.7350039e-05,1.3511814e-05,2.3255954e-05,9.5402087e-08,3.3148339e-06,-6.5529783e-07,4.0460174e-05,-3.1437991e-05,3.8089296e-05,-7.8900396e-05,-2.5828539e-05,-1.5987179e-05,2.7240699e-07,-6.0873275e-06,-2.6935818e-05,-1.887357e-06,5.9839196e-05,-3.3110018e-05,-5.1332959e-05,-3.7562512e-05,5.227495e-05,1.3212095e-05,-4.2346731e-06,0.00013568861,-5.9157205e-05,-1.9085989e-06,1.5985245e-05,2.3639028e-05,2.0219459e-06,-5.5759313e-05,-2.4540426e-05,-1.0822621e-05,1.1165698e-05,3.5675126e-05,4.3045943e-05,1.317311e-05,2.2823895e-05,3.9393601e-05,-9.189045e-06,2.4579834e-05,3.5598107e-05,-3.5476462e-06,4.888053e-06,-2.6720143e-05,2.1109466e-05,1.4509357e-07,1.493996e-05,-4.7596005e-05
"29",-2.5309143e-06,-4.1762848e-06,-3.6348191e-05,-5.0013278e-05,-0.00013945928,-0.00013015767,1.0472219e-05,7.0909671e-06,1.3846482e-05,-4.5501832e-06,-1.7950443e-05,7.5332984e-06,2.8737095e-06,7.459062e-06,4.6087198e-06,1.1156231e-05,1.5083291e-05,2.7852279e-07,-1.802479e-05,5.7468854e-06,1.7614749e-05,-9.1476872e-06,-2.4628985e-05,-8.5821248e-06,4.6533497e-07,1.1833914e-05,-1.1255498e-05,2.2248431e-05,0.00023193295,2.915501e-05,6.369816e-06,-1.7188907e-05,1.3468871e-05,-8.7568052e-06,-4.4934208e-06,-4.7485169e-05,-2.0034317e-05,1.2040434e-05,3.0879943e-05,-4.2123683e-06,-2.4672988e-05,2.7438391e-05,-2.0443928e-06,-8.6702631e-06,5.266083e-05,-8.4234902e-06,3.5293408e-05,-3.9812932e-05,2.4384248e-05,4.6552496e-06,-4.4230916e-05,1.6221137e-05,-1.9521859e-05,7.1176994e-05,-8.3025938e-05,4.7644348e-05,-7.8789284e-06,3.3085584e-05,-2.5983012e-05,2.3241281e-05,4.501614e-05,1.9215884e-05,1.3990536e-05,-1.5177473e-06,6.3527557e-05,-3.8242041e-05,-1.1322961e-05,-6.5405198e-05,-1.2431115e-05,-3.0947421e-06,-1.6038072e-05,-1.0874087e-05,-2.9365967e-05,-8.250839e-05,-1.4425744e-05,5.8273422e-06,-4.097464e-06,-6.8873897e-06,-3.2369121e-07,-2.5136352e-05,3.6440577e-06,4.8018544e-05
"30",-9.0234115e-05,-9.3536842e-05,-5.6958382e-05,-0.00014555308,-0.0004022622,-7.5205004e-05,8.6914501e-06,6.2662843e-06,2.8661716e-05,-2.8458569e-05,8.3340059e-07,-5.6553819e-06,3.4897061e-05,1.5596888e-05,2.5063683e-05,-5.5520197e-06,1.8479213e-06,-8.318697e-06,4.8886134e-06,1.2666999e-06,-5.9088366e-06,1.1266775e-05,1.9377018e-05,-4.3701964e-06,-4.7799301e-06,-1.4744439e-05,-2.4487247e-05,1.6602079e-05,2.915501e-05,0.00044164601,-1.5269953e-05,1.1356685e-05,-6.87564e-05,6.7232327e-07,2.5382264e-05,-0.0001225979,-4.0831522e-05,4.5250992e-05,2.9137779e-06,3.0137538e-05,-6.7732626e-05,6.6332907e-05,3.9896139e-07,3.6044551e-05,1.90129e-05,-9.0818262e-05,-9.1636681e-05,5.1690679e-05,4.0328029e-05,3.0134684e-05,-4.7008456e-05,1.9565769e-05,-1.038949e-05,-0.00013273824,0.00032346587,-9.1077707e-05,5.5712227e-05,-0.00040309296,-0.00015833508,-8.9800754e-05,-2.673432e-05,4.3275984e-05,6.2106899e-06,-3.5493423e-05,5.9567268e-05,-4.8478593e-05,-3.5184269e-05,-0.00011480389,4.308073e-05,4.5867446e-05,4.7666814e-05,-3.9450515e-05,4.4529439e-06,0.00013720969,4.7237219e-05,1.5017569e-05,5.324825e-05,9.5436193e-06,5.3254883e-06,-7.2795992e-06,-4.1783495e-05,7.7429883e-05
"31",1.3583166e-05,1.7352586e-06,-3.1402263e-05,9.3307208e-05,6.0404151e-05,-5.1783208e-05,-1.2475291e-05,-1.3444712e-06,3.3372189e-06,8.2166921e-05,-3.6631915e-05,1.2001596e-05,-5.9371689e-06,8.0378731e-06,8.3373904e-07,-2.3776447e-05,4.7323472e-06,2.5700277e-05,-4.2953156e-06,5.863395e-06,-1.620725e-05,5.0182879e-05,2.2420299e-06,-6.1490296e-05,-2.4978395e-05,-3.1356236e-06,-2.9212961e-05,-2.6733644e-05,6.369816e-06,-1.5269953e-05,0.00028923336,5.0876707e-05,8.7192114e-05,-1.3818741e-05,1.5320187e-05,1.5064325e-05,5.7684301e-05,-5.050562e-05,8.766685e-06,-4.4336868e-05,-1.1493473e-05,1.1979727e-05,-0.00011593941,2.1555638e-05,2.3115626e-05,9.0060285e-05,-1.3902798e-05,-5.7333123e-06,2.0849629e-05,-5.55602e-05,-2.8843505e-05,3.002529e-05,1.1861878e-05,-0.00014879689,0.00021625073,-6.929399e-05,0.00011123966,-0.00038638109,-0.00013727755,1.7315658e-06,3.3402591e-05,-5.8988482e-05,3.9645374e-06,4.4182164e-05,-4.1996844e-05,2.172414e-05,-3.3882384e-05,5.5613386e-05,-1.6326777e-05,-2.7397986e-06,3.4160765e-05,3.519057e-06,4.9708849e-06,0.00014984731,-5.172843e-05,3.9627213e-05,2.8115484e-05,8.0865136e-05,-0.00010300838,5.1837403e-05,-3.2993297e-05,6.5649108e-05
"32",3.1327936e-06,-3.163164e-06,2.3380553e-06,4.3650914e-05,-1.1996422e-05,-7.0498138e-05,-4.0563554e-05,1.2347082e-05,-1.1996552e-06,-7.2702748e-06,9.032014e-06,-1.6168796e-05,2.7458766e-05,4.731515e-06,8.2402112e-06,-7.1552083e-06,-4.3307842e-06,1.5744887e-05,1.9884747e-05,5.8884903e-06,-1.3393006e-05,1.0485228e-05,2.0948089e-06,-7.1393076e-05,1.6113385e-06,-7.8406582e-06,1.9071961e-05,3.2324869e-06,-1.7188907e-05,1.1356685e-05,5.0876707e-05,0.00023493764,7.6662738e-05,7.457191e-06,-2.7207748e-05,-2.8294172e-05,5.7612027e-06,-4.218179e-05,1.0501299e-06,3.3705995e-05,-3.3691575e-05,2.1345647e-05,1.0887526e-05,-2.4274863e-05,5.2580668e-05,2.4206358e-05,4.0418775e-05,-1.1657532e-05,4.4512954e-05,-2.2243469e-05,-2.6142182e-05,-3.0016571e-05,4.1557527e-05,-0.00038746696,0.0005068844,-0.0001608163,8.9726197e-05,-0.0002843181,-7.2411942e-05,-3.8298809e-06,7.6506199e-05,-3.8971347e-05,6.2048262e-05,5.7710654e-05,-1.6889324e-05,4.0138235e-06,-0.00011917228,4.5667264e-05,3.8104191e-05,-5.7829722e-05,3.7816257e-05,-3.7916721e-05,1.7806896e-05,8.7983192e-05,4.2417317e-07,-2.5649416e-05,4.3935914e-05,7.4794131e-06,-1.4039805e-06,4.2212124e-05,-9.1041184e-05,0.00012930323
"33",0.00014662744,7.1537321e-05,0.00027199423,-0.00026595079,-0.00023593948,-0.0013943182,-4.3687116e-05,5.5616449e-05,1.2691577e-05,-4.6224675e-05,3.221239e-05,9.6358477e-06,9.951422e-06,-4.1877522e-06,7.8740381e-06,3.9431813e-06,7.0241662e-06,2.4175006e-05,1.91134e-05,7.7306274e-06,4.4718787e-05,-0.00019046053,2.518158e-05,-8.4262887e-05,2.4749297e-05,1.1771377e-06,-3.1469758e-05,-2.4327918e-05,1.3468871e-05,-6.87564e-05,8.7192114e-05,7.6662738e-05,0.00075491498,-5.1976898e-05,-5.8552078e-05,-0.00024359314,3.6680474e-05,4.6628063e-05,-5.6733782e-06,4.0628324e-05,-1.9463163e-05,-4.0649337e-05,-6.1688878e-05,2.6920442e-05,-1.6458597e-05,-1.4977164e-05,3.7411932e-05,-4.4897821e-05,-4.7271955e-05,0.0001198515,5.015026e-05,-1.6440057e-06,3.2336741e-05,0.00031676233,-0.00042610353,0.00021678717,-0.00015594208,0.00010586212,-0.00013105984,-8.352602e-05,5.5815958e-05,1.4033661e-05,-5.0147328e-05,-7.337539e-06,3.5298611e-05,0.00014451038,-9.4608364e-05,7.5418459e-06,-1.5347958e-05,-5.1829632e-05,-1.3309176e-05,1.5861092e-05,-3.9327721e-05,-0.00011166468,0.00015861124,-0.00022644644,7.4861764e-05,-0.00026069932,0.00029161125,-0.00017681841,-0.00016525672,0.00049046611
"34",-7.7348859e-05,-2.5398664e-06,-0.00019268298,0.00013191534,9.9966771e-05,0.00024634505,2.2987468e-05,-1.4905707e-05,-2.6235253e-06,6.3078544e-05,4.7776099e-05,1.6031193e-05,1.400791e-05,-1.3372177e-05,1.5811041e-05,-3.4551817e-06,2.9970477e-06,-2.2351352e-05,-2.1720733e-05,3.1078928e-05,5.8439633e-05,9.6377374e-05,-2.5694836e-06,2.5341215e-05,-3.5511571e-05,-1.121711e-05,-6.8879007e-06,-1.3776139e-05,-8.7568052e-06,6.7232327e-07,-1.3818741e-05,7.457191e-06,-5.1976898e-05,0.00028482449,3.0926854e-05,8.1713576e-05,1.889058e-06,-9.8404294e-05,-3.9977561e-05,5.8029042e-06,1.3133288e-05,1.1507636e-06,2.5924523e-05,-7.1456949e-06,1.8582662e-05,5.6592073e-05,-8.9597282e-06,0.00011330598,1.2336631e-05,-4.7335626e-05,1.5365967e-06,5.0041736e-05,7.3822673e-06,-0.00014113935,0.00022166742,-4.5736197e-06,6.3695373e-05,-0.00027773585,4.5754451e-05,-1.9408152e-05,-8.8979654e-05,1.343399e-05,-5.3272716e-05,3.5076776e-05,2.1137238e-05,3.4026193e-05,-3.5955083e-05,-2.1289193e-05,5.3686425e-05,4.4913128e-06,7.4225899e-07,1.1406585e-05,-2.4331377e-05,-1.9332807e-05,-4.8880386e-05,9.2604145e-05,9.010866e-06,0.00010006576,-0.00021102853,3.226386e-05,-3.6930346e-06,-0.00010153839
"35",-3.4325114e-05,2.9259167e-05,-3.7575581e-05,0.00018159079,3.0005781e-05,0.00025223061,-1.1554437e-05,-5.6848737e-06,-3.9185406e-07,1.1564861e-05,1.1559203e-06,2.9867949e-05,-2.485369e-05,-7.7758946e-06,-2.3952957e-07,3.3715027e-06,-2.4542021e-05,-8.4229876e-06,-4.2759167e-05,5.1355947e-05,9.5841305e-05,3.4054911e-05,5.8535388e-05,-3.2935227e-05,-2.302021e-05,-1.3516464e-05,1.7188282e-05,-1.7350039e-05,-4.4934208e-06,2.5382264e-05,1.5320187e-05,-2.7207748e-05,-5.8552078e-05,3.0926854e-05,0.00032418176,0.00013743008,-5.3341635e-05,1.2598272e-05,3.91921e-05,3.5371695e-05,-4.0290659e-05,1.6074605e-05,1.8952767e-06,4.482554e-05,3.339481e-05,2.6764812e-05,-6.6139419e-07,2.1530852e-05,5.3395327e-05,-0.00011147705,3.3279441e-06,2.2168463e-06,-3.1515403e-05,-9.8304795e-05,1.9871854e-05,-9.7274966e-05,0.00016490545,-0.00053114959,3.9110562e-05,-0.00011887626,3.108645e-05,-4.482464e-05,-2.5346507e-05,3.4374454e-05,6.3971702e-05,-4.3548781e-05,-2.6640928e-05,5.620704e-05,-8.3774341e-06,-2.1682948e-05,-1.4881355e-05,-4.4898425e-06,5.2355238e-05,9.6659222e-05,-1.8390516e-05,1.1196874e-05,-4.0311161e-06,6.5446932e-05,-5.8904442e-05,8.7894723e-05,3.573977e-05,-5.2473133e-05
"36",-3.8856352e-05,1.574464e-06,-0.00024868439,0.0012038957,0.0014193257,0.0020197493,-5.1522486e-06,-1.667407e-05,-8.7710248e-06,7.4711328e-05,-3.738732e-05,-8.4463438e-06,6.7694917e-06,2.4598102e-05,-3.7791101e-05,-3.8762545e-05,-1.5900278e-05,2.9834808e-05,-1.9590047e-05,9.9973621e-07,3.0557085e-05,0.00017718302,-1.0852419e-05,-0.0001265283,-3.7819892e-05,9.8708166e-07,-5.3733565e-06,1.3511814e-05,-4.7485169e-05,-0.0001225979,1.5064325e-05,-2.8294172e-05,-0.00024359314,8.1713576e-05,0.00013743008,0.0012091839,5.6419517e-05,-0.00010561574,2.7210817e-05,-0.00010621183,-6.6017518e-05,3.9377996e-05,-4.1906762e-05,1.9309591e-05,-5.636503e-05,6.0469784e-05,-4.7177564e-06,8.2921509e-05,0.00019757896,-0.0002021507,-2.9634713e-05,9.1038591e-05,-0.00021187539,-0.00080277359,0.00090716914,-0.00030793995,0.00033494003,0.00011524525,0.00023011231,0.00012702623,-0.00013023792,5.2640124e-06,3.9003407e-05,0.00012761185,-0.0001465563,-0.00020950881,5.5701905e-05,0.00035820547,9.6567168e-05,-5.8192374e-05,0.000117749,-2.2632639e-05,6.0543855e-05,2.3171375e-05,-0.00018214706,0.00020466776,-7.647323e-05,0.00028009828,-0.00036900643,0.00031528854,0.00011468438,-0.0010179792
"37",-0.00024394816,-1.0422992e-05,-0.00033323712,3.6871739e-05,0.0001418196,0.00013937448,4.9805091e-06,4.1635852e-05,-4.6473031e-05,7.6127146e-05,-0.0001247485,5.0047118e-05,-2.0626989e-05,-6.1230749e-06,-8.7352733e-05,-1.9400201e-05,-3.3126211e-06,-2.0490399e-05,3.8558806e-05,1.635234e-05,1.9961424e-05,0.00014593004,2.1890952e-05,3.7572495e-05,-2.5290021e-05,-1.4719188e-06,-4.0372915e-05,2.3255954e-05,-2.0034317e-05,-4.0831522e-05,5.7684301e-05,5.7612027e-06,3.6680474e-05,1.889058e-06,-5.3341635e-05,5.6419517e-05,0.0023707159,-0.00062416216,0.00057380997,-0.0011484519,0.000519107,-0.0001154511,-0.0015433344,-0.0012906908,-0.0012157781,0.00040179744,0.00015574676,0.00022637753,2.4738357e-05,-3.9597126e-05,-0.00048376612,-0.00033522672,-0.00011144732,-0.00014554297,0.00024794785,0.00011205008,0.0002706323,-0.00044354879,0.00012274049,0.00077775942,0.00056321887,0.00024460435,-0.00041600678,-0.0001747758,-0.00041852566,0.00017413902,-1.459799e-05,7.0642303e-05,0.00014191424,-1.1640768e-05,0.00015392173,0.00013779498,-2.557839e-05,-0.00010895756,-9.697886e-05,0.00019614981,-0.0001205532,0.00020011364,-0.0002256706,0.00012140853,0.00018705502,-0.00022019198
"38",0.00025056435,-0.00023374458,0.00078641616,-0.00028616478,-0.00018099235,-0.00057101428,-3.6148791e-05,-3.0237646e-05,0.00011225677,-0.00027035398,0.00015483115,-0.00013160961,2.2697968e-05,5.5989964e-05,4.1587396e-05,6.3552674e-05,3.4089571e-06,-3.9704664e-05,2.6018396e-06,2.6236189e-05,1.153619e-06,-0.0002132134,3.2533152e-05,2.6321336e-05,-1.3580413e-05,-1.4138932e-05,-2.7390986e-05,9.5402087e-08,1.2040434e-05,4.5250992e-05,-5.050562e-05,-4.218179e-05,4.6628063e-05,-9.8404294e-05,1.2598272e-05,-0.00010561574,-0.00062416216,0.0029483915,-0.00017009667,0.0016464839,9.7951141e-05,0.00027759581,0.00035218648,0.00033898918,0.00016825568,-0.0017738724,-0.0015040568,-0.0016438839,0.00015552807,4.8871176e-05,0.00027625198,8.436405e-05,-4.5024498e-05,-0.00018857473,-1.8220516e-05,-0.00045992528,-0.00032426048,0.00036470742,-0.00039346842,-0.00089776899,-0.00072584262,-0.00075350327,4.5889487e-05,-6.0413988e-05,4.6447557e-05,-0.00030941001,1.9546302e-05,-0.00024069368,4.2600181e-05,4.3030056e-05,-0.00031858999,-0.0003147685,0.00025219962,0.00025244448,0.00027015205,-0.00029854263,0.00015373145,-0.00022296673,0.00028667417,-9.961306e-05,-4.9783513e-05,0.00017945822
"39",-3.2463027e-05,6.8364505e-05,-0.00013465195,-2.9040024e-05,7.0525166e-05,-1.7593747e-05,-5.2245984e-05,4.5256819e-05,5.3137763e-06,6.4620439e-05,-1.8962045e-05,8.0950356e-05,4.1261977e-05,2.364347e-05,6.0363683e-05,-7.913956e-06,3.5045483e-06,5.3110267e-05,-3.6351384e-05,2.1129594e-05,2.4238179e-06,3.1481658e-05,1.0552544e-05,-1.5091883e-05,4.4965757e-05,-3.2805524e-05,-3.5648213e-05,3.3148339e-06,3.0879943e-05,2.9137779e-06,8.766685e-06,1.0501299e-06,-5.6733782e-06,-3.9977561e-05,3.91921e-05,2.7210817e-05,0.00057380997,-0.00017009667,0.0025044127,-0.001650738,0.000102669,9.8201735e-05,-0.000392721,-0.00028190237,-0.00030596676,0.00015040442,2.1180088e-05,9.8175832e-05,-0.0001168502,0.00013627239,-0.0014524149,-0.0013729251,-0.0013209854,0.00051309859,-0.00055917467,0.00026097502,-0.00013410461,-0.00013319007,-7.1965578e-05,0.00099001167,0.00090259809,0.00077670035,-7.2752802e-05,0.00010067571,-9.6648916e-05,-0.00011614174,2.8857395e-05,-0.0001552855,2.0233546e-05,4.5665836e-05,3.7221196e-05,0.00019225154,-0.00016434124,-0.0001229024,-1.2566151e-06,4.2076461e-05,-0.00011913197,8.4296943e-05,7.0377405e-06,-3.0313294e-05,0.0001353123,-1.2768776e-05
"40",4.1161679e-05,-0.00012100308,0.00050739887,-0.00017201527,1.9321579e-06,-0.00018168771,9.6347845e-06,-4.298484e-05,1.9609307e-05,-0.00015914774,0.00010603808,-0.00013409467,-4.3353942e-05,-6.6837401e-06,-3.0904717e-05,5.2958334e-05,2.3322053e-05,-7.570472e-05,-6.1202649e-05,2.3534134e-05,6.5082101e-05,-0.00028903415,1.5256284e-05,-2.3742509e-05,-7.8047752e-05,-1.1747886e-05,6.6952226e-05,-6.5529783e-07,-4.2123683e-06,3.0137538e-05,-4.4336868e-05,3.3705995e-05,4.0628324e-05,5.8029042e-06,3.5371695e-05,-0.00010621183,-0.0011484519,0.0016464839,-0.001650738,0.0046902008,-0.00016467375,5.8660285e-05,0.00060342909,0.00064644889,0.00042314853,-0.00090240102,-0.00076862514,-0.00093389543,0.00021311607,-3.9034861e-05,0.001018329,0.00097075483,0.00073384841,0.0002115921,-0.00036771783,-0.00010070706,-0.00026650756,0.00025511571,-0.00056647441,-0.0027321664,-0.0023587894,-0.0023199405,0.00010095826,1.7033566e-05,0.0001620925,1.7293727e-05,6.0311511e-06,4.6631455e-05,-7.110805e-05,7.1388799e-05,-0.00033149357,-0.00026674586,0.00013998968,0.00028905359,0.00029725446,-0.0003742703,0.00024293211,-0.00030668553,0.00028828558,-5.6146376e-05,-0.00010415964,6.1592345e-05
"41",-8.0911044e-05,-0.00018768664,-3.1572784e-05,-0.00037829287,-3.7040775e-05,-8.8344541e-05,-3.6385248e-05,3.8356904e-05,3.4146191e-05,-2.997675e-05,-5.2974934e-05,-4.4685838e-05,7.1125555e-05,-1.1003821e-05,-7.6651835e-05,1.2439423e-05,1.8520985e-05,5.4186679e-05,3.8141603e-05,-0.00011935043,-1.4693636e-05,-4.3512627e-05,7.9845223e-05,0.00011364237,-1.3453956e-05,-3.2116903e-05,-3.7299435e-05,4.0460174e-05,-2.4672988e-05,-6.7732626e-05,-1.1493473e-05,-3.3691575e-05,-1.9463163e-05,1.3133288e-05,-4.0290659e-05,-6.6017518e-05,0.000519107,9.7951141e-05,0.000102669,-0.00016467375,0.0025840444,-0.00082157539,-0.00042796103,-0.000157378,-0.00050327425,-6.471355e-05,-0.00018131509,3.5129503e-05,0.00020785647,-0.00021906224,-5.055966e-05,2.1855784e-05,-0.00010749162,-0.000437578,0.00038509555,-9.4778095e-05,0.00032837637,0.00018441716,-1.8271813e-05,9.896003e-05,-0.00010723307,5.9799664e-05,-0.001631036,-0.0013523244,-0.0015314473,0.00050744453,0.0005486748,0.00038505204,6.2185541e-05,-3.6467742e-05,7.997223e-05,-4.9799759e-05,0.00010662115,9.4410286e-05,-0.00012170893,-5.2468888e-05,-0.00015609212,1.3416609e-05,9.7253593e-05,2.2769287e-05,0.00012910836,-0.00013182799
"42",0.00012579612,7.9854989e-05,4.5188851e-05,0.00032219684,-0.00024745631,0.00013538703,-6.6489248e-05,-1.3853221e-05,-7.1338187e-06,5.4029447e-05,5.1618044e-05,7.6778718e-06,-5.733204e-05,4.1305588e-05,6.3773803e-05,-4.1792586e-05,4.9795924e-05,-3.1981036e-05,-3.9152332e-05,2.7811595e-05,-9.1511298e-05,0.00010015074,-1.891664e-05,-4.3693733e-05,-3.4921743e-06,6.0525386e-05,3.4601318e-05,-3.1437991e-05,2.7438391e-05,6.6332907e-05,1.1979727e-05,2.1345647e-05,-4.0649337e-05,1.1507636e-06,1.6074605e-05,3.9377996e-05,-0.0001154511,0.00027759581,9.8201735e-05,5.8660285e-05,-0.00082157539,0.0022929826,8.4599252e-05,1.4132485e-06,0.00018156546,-0.00013007961,8.6389554e-05,-0.00033539695,9.2633213e-05,3.3557134e-05,-0.00011969394,-6.9119385e-05,-8.6361771e-05,-0.00047253969,0.00041727365,-0.00030471875,8.0192528e-05,-0.00063928529,-0.00011434487,1.3079247e-05,0.00029442216,-0.0002920562,0.00063341555,0.00042687687,0.00059322146,-0.0014192836,-0.0012936535,-0.0011490803,0.00011431022,-7.8786321e-05,-4.1595691e-05,1.5671285e-05,7.8967453e-06,0.00038383696,-5.0856665e-05,2.0437835e-05,4.6719877e-05,0.00017505437,-0.00011420406,0.00015517019,-9.4839831e-05,3.5194999e-05
"43",-5.4886883e-05,5.6149702e-06,0.00028958511,-0.00029761964,-0.00019816953,-0.00015866726,0.00011654834,-4.5227682e-05,-6.5755773e-06,-0.00017120168,0.00010532955,-9.3350675e-05,4.8489258e-05,1.7404681e-05,3.0754061e-05,1.3747863e-05,1.1852312e-05,-2.2654178e-05,-2.6170456e-05,-7.5446899e-05,-2.053182e-05,-0.00012854251,-3.4996706e-05,0.00011015625,-7.0418808e-06,-5.0828193e-05,2.9866111e-05,3.8089296e-05,-2.0443928e-06,3.9896139e-07,-0.00011593941,1.0887526e-05,-6.1688878e-05,2.5924523e-05,1.8952767e-06,-4.1906762e-05,-0.0015433344,0.00035218648,-0.000392721,0.00060342909,-0.00042796103,8.4599252e-05,0.0034067036,0.00014051697,0.00027082527,-0.00088528137,1.74045e-05,2.580089e-05,-8.5160045e-05,0.00011853819,0.0007201315,-3.8726047e-05,0.00013229217,0.00059392906,-0.00036909244,8.1476389e-05,-0.00051183669,0.00098591434,-0.00013004043,-0.0010635908,-0.00018992613,8.990773e-05,0.00096935124,-0.00012523154,0.00027474457,-0.00014947822,1.8372219e-05,-0.00010447071,-0.00023650816,0.00017226893,-0.00013049245,-5.0268695e-05,2.7988074e-05,2.0169043e-05,0.00013144096,-0.00015285286,-1.4960594e-05,-0.00013975524,0.00020391609,-0.00019405299,1.5250841e-05,-4.2541117e-06
"44",0.00022825667,2.9399665e-05,2.1835992e-05,3.2590417e-05,-0.00010641551,-0.00020313827,-0.00018063841,1.0912111e-05,4.1587832e-05,6.9610314e-05,3.966579e-05,7.0148279e-05,-2.3396818e-05,3.2736057e-05,8.130057e-05,-4.1669526e-05,-3.2366016e-05,0.00011185153,-2.2926445e-05,5.8952804e-05,1.2896589e-05,-0.0001280674,5.5856659e-05,-5.9565108e-05,2.6041575e-05,-2.4995334e-06,1.7879229e-05,-7.8900396e-05,-8.6702631e-06,3.6044551e-05,2.1555638e-05,-2.4274863e-05,2.6920442e-05,-7.1456949e-06,4.482554e-05,1.9309591e-05,-0.0012906908,0.00033898918,-0.00028190237,0.00064644889,-0.000157378,1.4132485e-06,0.00014051697,0.0036738007,-0.00040202861,-0.00010491729,-0.0006423413,0.00016498558,4.4966411e-05,1.1714951e-05,-3.4753102e-05,0.00089894246,-0.00026473754,-8.6844488e-05,-0.00023757601,-7.2818285e-05,3.9046649e-05,-3.7660785e-05,2.2880801e-05,-0.00029712012,-0.0014155346,0.00053000767,1.0655386e-05,0.00092329063,-8.6598338e-05,-3.3456673e-06,-9.7545794e-05,-5.6298678e-05,0.00023876698,-5.981509e-05,5.1169306e-05,-1.5474031e-05,5.7159752e-06,8.4839507e-05,0.00019544158,-3.4689074e-06,4.2925274e-05,-0.00021835615,7.9465096e-05,2.5204246e-05,-0.00011343156,0.00017964812
"45",0.00030861272,-0.00024021522,3.4212151e-05,9.356928e-05,-0.00021875726,-9.3223411e-05,9.7730085e-05,-3.9653471e-05,3.53487e-05,6.7709066e-05,5.2988e-05,-2.7376007e-05,5.3165772e-05,1.607132e-06,1.4192207e-05,3.2868056e-05,1.3268219e-06,1.9274363e-05,-2.6004273e-07,4.6629224e-05,-2.9691829e-05,5.0539242e-05,-4.5404791e-05,-2.8326384e-05,1.8131267e-05,-7.1121885e-07,2.9308005e-05,-2.5828539e-05,5.266083e-05,1.90129e-05,2.3115626e-05,5.2580668e-05,-1.6458597e-05,1.8582662e-05,3.339481e-05,-5.636503e-05,-0.0012157781,0.00016825568,-0.00030596676,0.00042314853,-0.00050327425,0.00018156546,0.00027082527,-0.00040202861,0.0035656851,-2.7245388e-05,0.00029116505,-0.00079818545,-7.819909e-05,1.4520146e-05,0.00036455766,-8.3320388e-06,0.00070514349,-0.00043042954,0.00048142453,-0.00025605467,0.00032300912,-0.00061277911,-0.00031743729,-0.00030696684,0.00040740289,-0.0015680466,0.00024277449,2.0278797e-05,0.0010279265,-0.00013403364,-9.1809669e-05,-0.00020731304,-0.00014207405,2.9225028e-05,-4.1368614e-05,-0.00015043686,-2.0358241e-05,4.9008112e-05,-0.00010416475,1.2396583e-05,8.3205329e-05,4.9631224e-05,-0.00010682442,-1.2269426e-05,-0.00015835861,0.00022723994
"46",0.00058336488,0.00048924569,-0.00027853129,0.00023598459,0.00046497054,0.00041586513,-0.0002001878,-1.3680539e-05,-0.00011937247,0.00013788219,-5.7461743e-05,0.00015985556,-9.5739469e-05,-7.070856e-05,-6.2139309e-05,-9.6492271e-05,-6.6374236e-05,4.6046041e-05,4.8377329e-05,2.1877766e-05,1.4093251e-05,4.894849e-05,-8.2317046e-05,-0.00010638971,-5.1600511e-05,-1.3645392e-05,-2.0170076e-05,-1.5987179e-05,-8.4234902e-06,-9.0818262e-05,9.0060285e-05,2.4206358e-05,-1.4977164e-05,5.6592073e-05,2.6764812e-05,6.0469784e-05,0.00040179744,-0.0017738724,0.00015040442,-0.00090240102,-6.471355e-05,-0.00013007961,-0.00088528137,-0.00010491729,-2.7245388e-05,0.0037541563,0.00029705199,0.00034034266,-0.00026099598,0.00012660713,-0.00051690986,0.00011410599,-6.6531864e-05,0.00027279754,-0.00026712526,0.00037353013,-0.0001028164,0.00013563374,0.00045653548,0.0020636738,9.4384116e-05,0.00010160279,-5.3889319e-05,7.6254539e-05,3.656184e-05,0.00023399982,2.2536519e-05,0.00016490535,-9.5555331e-06,-0.00023201056,0.00024122281,0.00020124641,-0.00016871031,-0.00021113105,-7.5397005e-05,2.0639655e-05,6.224292e-05,2.4520068e-05,-0.00010295902,3.2268452e-05,-7.5381698e-05,-1.038755e-05
"47",-0.00022996267,0.000290361,-0.00015478154,0.00014199533,-0.00013284064,2.1479362e-05,0.00019393647,0.0001209258,-5.4762927e-05,9.7597584e-05,-5.3716431e-05,-0.00010201125,7.0890895e-05,-4.1561229e-05,-1.8192836e-05,2.9465584e-05,0.00012281456,-4.2608898e-05,1.3668126e-05,-1.8312346e-05,-4.6030833e-05,0.0001608802,-2.0529704e-05,-1.2957189e-05,7.1874851e-05,2.9482344e-05,0.00011786764,2.7240699e-07,3.5293408e-05,-9.1636681e-05,-1.3902798e-05,4.0418775e-05,3.7411932e-05,-8.9597282e-06,-6.6139419e-07,-4.7177564e-06,0.00015574676,-0.0015040568,2.1180088e-05,-0.00076862514,-0.00018131509,8.6389554e-05,1.74045e-05,-0.0006423413,0.00029116505,0.00029705199,0.0036517341,-0.00017415265,0.00025502742,-6.9157655e-05,6.573019e-05,-0.00018346696,0.00016870805,-0.00097061775,0.0010311129,-8.9825872e-05,0.00028812316,-0.00038774428,0.00044672156,0.00032916545,0.0017062622,-0.00034708058,5.4746572e-06,0.00019317597,1.648617e-05,1.6504162e-05,0.00018938423,-0.0001919237,-1.8730341e-06,-3.1727997e-05,-1.5577529e-05,1.7025242e-06,-9.3411593e-05,0.00014357319,-0.0001255306,0.00012321816,1.1366842e-06,0.00014826615,-0.00012951586,-1.0954492e-05,-8.1012025e-05,2.0626712e-05
"48",-0.00063587352,4.35069e-05,-0.00098163969,-3.3937129e-05,0.00017365332,0.0005888999,-3.856892e-05,2.0728841e-05,-7.1556984e-05,0.00023909938,-0.00021370873,0.00011856024,-6.4099502e-05,-1.8165264e-05,9.6518124e-06,-4.2070518e-05,-0.00011137933,4.8756506e-05,-4.2174874e-05,-1.2622873e-05,4.8052461e-05,4.9694635e-05,5.5095933e-05,0.00020719339,7.6552746e-06,2.1720155e-05,-5.7625962e-05,-6.0873275e-06,-3.9812932e-05,5.1690679e-05,-5.7333123e-06,-1.1657532e-05,-4.4897821e-05,0.00011330598,2.1530852e-05,8.2921509e-05,0.00022637753,-0.0016438839,9.8175832e-05,-0.00093389543,3.5129503e-05,-0.00033539695,2.580089e-05,0.00016498558,-0.00079818545,0.00034034266,-0.00017415265,0.0038660101,-0.00033543488,-2.5373672e-05,-0.00013032788,7.3669929e-05,-0.00038989695,0.0014708177,-0.0010427366,0.00092621864,-0.00037857467,0.00040820384,5.7819226e-05,-0.00018356398,-0.00015785717,0.0022294522,-6.545746e-05,-0.00013304218,-5.2166914e-05,0.00024531325,-6.0061632e-05,0.00054339162,-9.0351141e-05,7.5682796e-05,0.00040739153,0.00046702752,-0.00019332089,-0.00066051644,-6.7710003e-05,9.5616861e-05,-0.00026372343,-1.3735035e-05,-8.0536731e-06,8.1345703e-05,0.0002788572,-0.00045323795
"49",8.3207721e-05,-0.00030978428,0.00046486472,0.00071266254,0.0001019123,0.00042887224,-0.00042758499,-3.1517448e-05,-2.4147195e-05,-0.00016116974,0.00011657431,-0.00061844613,-7.8628658e-06,7.7312508e-06,-0.00012644375,-3.7895178e-05,9.4732102e-05,-3.4492184e-05,-3.9159292e-06,-5.8522184e-05,-1.8087991e-05,0.00024724941,-3.330438e-05,-0.00030504112,8.7523756e-06,9.8885155e-06,7.1505426e-05,-2.6935818e-05,2.4384248e-05,4.0328029e-05,2.0849629e-05,4.4512954e-05,-4.7271955e-05,1.2336631e-05,5.3395327e-05,0.00019757896,2.4738357e-05,0.00015552807,-0.0001168502,0.00021311607,0.00020785647,9.2633213e-05,-8.5160045e-05,4.4966411e-05,-7.819909e-05,-0.00026099598,0.00025502742,-0.00033543488,0.0038858997,-0.0014772665,-0.00014300484,7.1928426e-05,0.0005592474,-0.0089147448,0.008143802,-0.0043844314,0.0028772871,-0.0022253359,0.00026622477,-1.1172849e-05,6.3900191e-05,-0.0008814596,1.6922842e-05,5.4672542e-05,-0.00026940149,-0.00022624117,-9.84071e-05,2.5320734e-05,0.00088225819,-0.000433333,9.1540646e-05,-0.0017034684,0.00096918609,0.0025131096,-0.00037119008,0.00028551201,0.00027928523,0.00055636906,-0.00042059609,0.00028735835,-0.00026147085,7.6175037e-05
"50",0.00025235119,0.00029959776,0.00074043216,-0.00068192577,-0.00013144673,-0.0009838498,0.00012357191,9.6828311e-06,5.7646289e-05,-0.000173603,6.9144454e-05,3.0320753e-05,-0.00015757883,-4.3219408e-05,-1.5382328e-05,6.7560082e-06,-1.2318582e-05,8.0350338e-06,6.0913118e-05,4.1313235e-05,-5.3131654e-05,-0.00055248708,-0.00038408632,0.00032807498,-4.0659502e-05,-4.0760527e-05,-0.00010056743,-1.887357e-06,4.6552496e-06,3.0134684e-05,-5.55602e-05,-2.2243469e-05,0.0001198515,-4.7335626e-05,-0.00011147705,-0.0002021507,-3.9597126e-05,4.8871176e-05,0.00013627239,-3.9034861e-05,-0.00021906224,3.3557134e-05,0.00011853819,1.1714951e-05,1.4520146e-05,0.00012660713,-6.9157655e-05,-2.5373672e-05,-0.0014772665,0.0027193198,-0.00023798723,-2.0021858e-05,-0.00022154212,0.0036038268,-0.0035824239,0.0013983766,-0.0030241619,0.0038397221,-0.00019644768,0.00047476867,-0.00017393047,0.00050715107,-6.0212394e-05,4.8774932e-05,0.00045292423,0.00011045367,-2.1517384e-06,-0.00024998281,-0.00021287556,0.00013670848,-0.00047492102,0.00028530538,-0.00038277057,-0.00083747303,0.00085648526,-0.0006381598,-0.00021245211,-0.00072762171,0.00074471328,-0.0010100479,0.00028569458,4.5557721e-05
"51",-7.4640481e-06,-0.00016491063,4.04929e-05,-2.5077498e-05,9.4881883e-05,0.00013190047,2.9526628e-05,3.7833649e-05,-4.1671313e-06,2.3068361e-05,7.8816162e-06,-3.3571813e-05,3.0777292e-05,-1.2622139e-05,-3.6875634e-05,7.4309483e-05,0.00010650819,-3.0432839e-05,7.7298504e-06,1.0024606e-05,-2.4816555e-05,-6.1356653e-05,8.182826e-05,6.6015669e-05,3.2297532e-05,-1.6556361e-06,1.7401049e-05,5.9839196e-05,-4.4230916e-05,-4.7008456e-05,-2.8843505e-05,-2.6142182e-05,5.015026e-05,1.5365967e-06,3.3279441e-06,-2.9634713e-05,-0.00048376612,0.00027625198,-0.0014524149,0.001018329,-5.055966e-05,-0.00011969394,0.0007201315,-3.4753102e-05,0.00036455766,-0.00051690986,6.573019e-05,-0.00013032788,-0.00014300484,-0.00023798723,0.0036136698,-0.00013497567,5.1366733e-05,0.00040869465,-0.00023439628,0.00015813754,0.00014072812,0.00042900561,1.5554467e-05,-0.0022015362,7.3955626e-05,-8.8907362e-05,-0.00015492611,-8.6914719e-05,0.00028740803,0.00031896452,-6.09655e-05,8.7031555e-05,-0.0001598748,9.244122e-05,8.1735505e-05,6.1880879e-05,1.575509e-05,-0.00017703716,8.6386613e-05,-2.210006e-05,-7.7764773e-06,-0.00016176101,0.00012769786,0.00010835882,8.0792617e-05,-0.00025027854
"52",3.2046715e-05,-4.7418287e-05,-3.4471465e-05,2.2725435e-05,-0.00022891439,-0.00018974621,4.462571e-06,-3.931423e-05,-2.0269568e-05,1.8592123e-05,-6.0451924e-06,-3.7646221e-05,-6.5479527e-05,1.045655e-05,-4.3106579e-05,-9.5781742e-05,-5.3686351e-05,-7.5000821e-06,-4.5929585e-05,1.1313472e-05,4.1958945e-05,6.9618678e-05,-2.9689406e-05,3.1041861e-06,-4.9798613e-05,-8.5280283e-06,8.4880986e-06,-3.3110018e-05,1.6221137e-05,1.9565769e-05,3.002529e-05,-3.0016571e-05,-1.6440057e-06,5.0041736e-05,2.2168463e-06,9.1038591e-05,-0.00033522672,8.436405e-05,-0.0013729251,0.00097075483,2.1855784e-05,-6.9119385e-05,-3.8726047e-05,0.00089894246,-8.3320388e-06,0.00011410599,-0.00018346696,7.3669929e-05,7.1928426e-05,-2.0021858e-05,-0.00013497567,0.0034799081,-2.8240767e-05,-0.00060546753,0.00063822092,-0.00031516145,0.0003300586,-0.00035882112,2.0287641e-05,-0.00011249688,-0.0023007599,3.2521773e-05,-9.342549e-05,-0.00010871993,-8.2640929e-05,-2.8584098e-05,0.00025686215,0.00011326928,9.0367371e-05,6.76819e-05,-3.0041027e-05,-0.00010275893,3.0223346e-05,0.00040273332,-0.00010263038,0.00013072485,4.0091938e-05,0.00011534917,-0.00026202508,-2.7710536e-05,-8.4465975e-05,0.00022519987
"53",6.5468554e-05,-0.00014729378,0.00013613212,-1.0370947e-05,-0.00039709581,-0.00011049116,0.00012803386,-2.4185521e-05,1.1183919e-05,-0.00011610021,-1.0942144e-06,-0.00014588912,-0.00011917392,-1.9517983e-05,-4.676135e-05,5.7187255e-06,-2.3648143e-05,-3.2712621e-05,7.2563244e-05,-7.3619968e-05,-1.2361374e-06,0.00011306356,-0.00012494275,5.2554103e-05,-2.15521e-05,6.9619022e-05,5.6206595e-05,-5.1332959e-05,-1.9521859e-05,-1.038949e-05,1.1861878e-05,4.1557527e-05,3.2336741e-05,7.3822673e-06,-3.1515403e-05,-0.00021187539,-0.00011144732,-4.5024498e-05,-0.0013209854,0.00073384841,-0.00010749162,-8.6361771e-05,0.00013229217,-0.00026473754,0.00070514349,-6.6531864e-05,0.00016870805,-0.00038989695,0.0005592474,-0.00022154212,5.1366733e-05,-2.8240767e-05,0.0036772423,-0.0019365551,0.0018700725,-0.0010648497,0.00071530651,-0.00030255899,-3.0678634e-05,9.6539258e-07,0.00018981128,-0.0024285888,0.00010313894,-7.5876384e-05,8.6105689e-06,0.00017147621,-0.00010915359,-0.00010844936,-1.0254995e-06,-9.5138826e-05,3.3618978e-05,-0.00041675683,0.0003066033,0.00048518478,-0.00021151258,9.3850842e-05,5.7822858e-05,0.00010204172,-0.00010673153,-7.5524797e-05,-8.2288114e-05,2.5543616e-05
"54",-0.0021887979,0.0002477525,-0.0022115421,-0.0037900787,-0.00085197719,-0.0018311144,0.0026833832,0.00039757825,-0.00020925289,0.00064283217,-0.00047875436,0.0023477004,0.00052371162,1.2497953e-05,0.00016556416,5.492097e-05,-0.00018413049,0.00022820108,-0.00019873572,0.00034138648,0.00060360783,-0.0013081735,0.00019011189,0.0014033976,-7.2230141e-05,-0.00023258433,-0.00036889865,-3.7562512e-05,7.1176994e-05,-0.00013273824,-0.00014879689,-0.00038746696,0.00031676233,-0.00014113935,-9.8304795e-05,-0.00080277359,-0.00014554297,-0.00018857473,0.00051309859,0.0002115921,-0.000437578,-0.00047253969,0.00059392906,-8.6844488e-05,-0.00043042954,0.00027279754,-0.00097061775,0.0014708177,-0.0089147448,0.0036038268,0.00040869465,-0.00060546753,-0.0019365551,0.049938209,-0.053961151,0.024885542,-0.015847133,0.014836013,-0.00019463655,-0.0011966379,-0.0013792139,0.0042700753,0.00038357445,-0.0002329903,0.00079888408,0.00077418425,0.00052203011,-0.00036785954,-0.0035975668,0.0043760676,-0.0035602165,0.0068114959,-0.003580655,-0.016224823,0.0017404328,-0.0014924991,-0.00071498785,-0.0025291362,0.0026975415,-0.0014309725,0.0012234378,-0.00098017344
"55",0.0021725745,-0.00054373679,0.001452883,0.0047321438,0.0013743253,0.0029461776,-0.003228711,-0.00041124275,0.00029059979,-0.00066154778,0.00018879663,-0.0024750144,-0.00032379985,4.947779e-05,-0.00016180805,-4.7011887e-05,0.00012987529,-0.00034639398,0.00022175693,-0.0005628005,-0.00060845382,0.001627964,-0.0002826696,-0.0016981739,0.00011156386,0.00024134841,0.00053293907,5.227495e-05,-8.3025938e-05,0.00032346587,0.00021625073,0.0005068844,-0.00042610353,0.00022166742,1.9871854e-05,0.00090716914,0.00024794785,-1.8220516e-05,-0.00055917467,-0.00036771783,0.00038509555,0.00041727365,-0.00036909244,-0.00023757601,0.00048142453,-0.00026712526,0.0010311129,-0.0010427366,0.008143802,-0.0035824239,-0.00023439628,0.00063822092,0.0018700725,-0.053961151,0.065057423,-0.026746254,0.016888824,-0.017397308,-0.0014755876,0.0012498937,0.0019256509,-0.0046726579,-0.00050472266,0.00010780125,-0.0010622641,-0.00052870046,-0.00045482027,0.00094393077,0.0033031954,-0.0048818069,0.0059075537,-0.0074181613,0.0032954608,0.017627888,-0.002125009,0.0020692848,0.00061352183,0.0030006474,-0.0035277305,0.0016777639,-0.0014500548,0.00096786521
"56",-0.0011627298,0.0001928188,-0.0020689554,-0.0015863085,-0.00039921986,-0.0007608665,0.001110643,0.00028411813,-0.00016218102,0.00058427281,-0.00038597445,0.0014792986,0.0011278353,-2.3860142e-05,0.00015773028,0.00011694902,-0.00010831357,0.00012787271,-8.7030232e-05,0.00019555811,0.00048961157,-0.00037573493,0.00010924153,0.00067578485,2.3084855e-05,-7.3188002e-05,-0.00018818543,1.3212095e-05,4.7644348e-05,-9.1077707e-05,-6.929399e-05,-0.0001608163,0.00021678717,-4.5736197e-06,-9.7274966e-05,-0.00030793995,0.00011205008,-0.00045992528,0.00026097502,-0.00010070706,-9.4778095e-05,-0.00030471875,8.1476389e-05,-7.2818285e-05,-0.00025605467,0.00037353013,-8.9825872e-05,0.00092621864,-0.0043844314,0.0013983766,0.00015813754,-0.00031516145,-0.0010648497,0.024885542,-0.026746254,0.016311317,-0.0077408516,0.0062257057,-2.233786e-05,7.5918809e-05,-0.00051986211,0.0019281016,0.00026645629,-0.0001801001,-1.1663106e-05,0.00058012245,0.00040728282,3.3476723e-05,-0.0011247548,0.001595581,-0.00081369956,0.0041108238,-0.0034441198,-0.010309333,0.00057052883,-0.00033111952,-0.00045595431,-0.00086815436,0.00094661025,-0.00056788749,0.00065036233,-0.00059354824
"57",7.1106082e-05,-0.00046785284,-0.00093536674,0.0015462352,-0.00043106021,0.00077070008,-0.00051766004,-0.00019481255,-6.4999635e-05,0.0002364843,-0.00016084559,-0.00041230179,-0.00010045709,3.6607182e-05,2.6766655e-05,1.0597617e-05,1.0789387e-05,-7.8288166e-05,2.5616302e-05,-0.00015852245,-0.00019086554,0.0012649636,0.00047100478,-0.00062988895,1.3479053e-05,0.000162369,0.00022170568,-4.2346731e-06,-7.8789284e-06,5.5712227e-05,0.00011123966,8.9726197e-05,-0.00015594208,6.3695373e-05,0.00016490545,0.00033494003,0.0002706323,-0.00032426048,-0.00013410461,-0.00026650756,0.00032837637,8.0192528e-05,-0.00051183669,3.9046649e-05,0.00032300912,-0.0001028164,0.00028812316,-0.00037857467,0.0028772871,-0.0030241619,0.00014072812,0.0003300586,0.00071530651,-0.015847133,0.016888824,-0.0077408516,0.0094776955,-0.010583842,0.00010185475,-0.00068559414,0.00062089977,-0.0021326374,-0.00038230127,0.00011342622,-0.0004966814,-0.00019384093,-0.00027268451,6.1155074e-05,0.00083196889,-0.00087554584,0.0013724839,-0.0017038529,0.0011081856,0.0054672936,-0.0016830994,0.001846763,0.00039487013,0.0018033158,-0.0020282591,0.0014333493,-0.00064540393,0.00044472439
"58",0.0003958095,0.00043398373,0.0031397275,-0.0031292445,0.0027544622,-1.3228051e-05,0.00057856061,0.0002907093,6.4413525e-05,-0.00078069031,0.00040029646,-0.00045684173,-0.0002774575,-2.3568076e-05,-0.00035868976,4.9113223e-05,0.0001232961,0.00019609514,0.00013936443,8.0404985e-05,-4.6074146e-05,-0.0027445468,-0.001325244,0.0014075215,3.138378e-05,-0.00031088215,-0.00044606861,0.00013568861,3.3085584e-05,-0.00040309296,-0.00038638109,-0.0002843181,0.00010586212,-0.00027773585,-0.00053114959,0.00011524525,-0.00044354879,0.00036470742,-0.00013319007,0.00025511571,0.00018441716,-0.00063928529,0.00098591434,-3.7660785e-05,-0.00061277911,0.00013563374,-0.00038774428,0.00040820384,-0.0022253359,0.0038397221,0.00042900561,-0.00035882112,-0.00030255899,0.014836013,-0.017397308,0.0062257057,-0.010583842,0.028471835,8.8962711e-05,0.0015834464,-0.0018073772,0.0028411401,-2.1643587e-05,-0.00060804358,0.00013182003,0.00075964585,0.00033467849,0.00041195506,-0.00085858486,0.0009022071,-0.0022896152,0.00091560407,-0.00074629572,-0.0045981344,0.0026089426,-0.0030507843,-0.0011097843,-0.0041832547,0.0046642908,-0.0038153006,0.0017495019,-0.0028323846
"59",0.0006440031,0.00061066698,0.0006240791,-0.00012867559,-0.00013371918,0.00036846627,0.00018078766,-0.00011299888,-5.6290096e-05,-9.9286564e-05,0.0003599616,5.4306371e-05,5.6535232e-06,-9.2574205e-05,0.00010489838,-1.266802e-05,1.2481131e-05,-7.7405927e-05,-7.3593117e-05,6.8009152e-05,-0.0001633682,1.5005879e-05,0.00011502533,0.00028435759,4.1802331e-05,-1.4571997e-05,-4.6490129e-05,-5.9157205e-05,-2.5983012e-05,-0.00015833508,-0.00013727755,-7.2411942e-05,-0.00013105984,4.5754451e-05,3.9110562e-05,0.00023011231,0.00012274049,-0.00039346842,-7.1965578e-05,-0.00056647441,-1.8271813e-05,-0.00011434487,-0.00013004043,2.2880801e-05,-0.00031743729,0.00045653548,0.00044672156,5.7819226e-05,0.00026622477,-0.00019644768,1.5554467e-05,2.0287641e-05,-3.0678634e-05,-0.00019463655,-0.0014755876,-2.233786e-05,0.00010185475,8.8962711e-05,0.0060983446,0.00052581362,0.00023096001,0.00072596173,-0.00019431741,0.00042345908,-7.5537404e-05,-2.4845199e-05,0.00010441906,-4.0951275e-05,0.00023781358,-0.00013599313,-0.0007141619,0.00015479361,5.7324178e-05,-0.00010584631,-7.1922762e-06,-0.00038743366,-0.00045201043,0.00014625775,7.9112092e-05,2.7788121e-05,0.00056819144,-0.0005953596
"60",0.00065505473,0.00054020656,0.0001866786,2.4374808e-06,0.00031767991,0.0002393124,-0.00028682395,-3.3731397e-05,5.8097382e-05,2.9151466e-05,2.0046937e-05,-1.1782059e-05,0.00010425989,-5.8785144e-05,-9.8964547e-05,-0.00011427358,-7.2034214e-05,7.7441691e-05,0.00010607999,2.1187502e-05,-2.8269164e-06,1.9230905e-05,-0.00026799963,4.7891843e-05,4.6811771e-06,2.262418e-05,-0.00011946659,-1.9085989e-06,2.3241281e-05,-8.9800754e-05,1.7315658e-06,-3.8298809e-06,-8.352602e-05,-1.9408152e-05,-0.00011887626,0.00012702623,0.00077775942,-0.00089776899,0.00099001167,-0.0027321664,9.896003e-05,1.3079247e-05,-0.0010635908,-0.00029712012,-0.00030696684,0.0020636738,0.00032916545,-0.00018356398,-1.1172849e-05,0.00047476867,-0.0022015362,-0.00011249688,9.6539258e-07,-0.0011966379,0.0012498937,7.5918809e-05,-0.00068559414,0.0015834464,0.00052581362,0.0063464228,0.00019510191,0.00019791852,0.00029931957,-0.00010284844,-0.00022194972,-0.00054958567,0.00022434631,2.7075843e-05,0.00035737513,-0.00052975471,0.00033785249,-4.425297e-05,-0.00033138418,-0.00037739223,-9.2576319e-05,-0.00015421545,-0.00030011778,0.00010562427,4.6336834e-05,-0.00024352123,7.8863945e-05,-8.4325916e-05
"61",0.00015381852,0.00033336488,0.00014010216,0.00042800864,-7.7499762e-05,4.2713413e-05,-0.00015672902,6.9013412e-05,-2.6595863e-05,8.796015e-06,1.4970872e-05,3.8564045e-05,3.1915946e-05,-1.556709e-05,8.7046408e-05,8.9863592e-05,4.1620005e-05,-3.1219638e-05,4.9482332e-05,1.287184e-05,-0.0001092711,0.00010323687,0.00010264715,-0.00013616486,0.00012730151,9.146084e-05,0.00012668607,1.5985245e-05,4.501614e-05,-2.673432e-05,3.3402591e-05,7.6506199e-05,5.5815958e-05,-8.8979654e-05,3.108645e-05,-0.00013023792,0.00056321887,-0.00072584262,0.00090259809,-0.0023587894,-0.00010723307,0.00029442216,-0.00018992613,-0.0014155346,0.00040740289,9.4384116e-05,0.0017062622,-0.00015785717,6.3900191e-05,-0.00017393047,7.3955626e-05,-0.0023007599,0.00018981128,-0.0013792139,0.0019256509,-0.00051986211,0.00062089977,-0.0018073772,0.00023096001,0.00019510191,0.0059914606,-0.00052582644,-3.5401456e-05,0.00028028778,6.2238456e-06,0.0001237266,-0.00056673973,-0.00016451635,-2.0625046e-05,-0.00042544778,0.00023932457,-6.4808666e-05,6.0381058e-05,0.00020888466,-0.00010605589,4.6363872e-05,8.8263349e-05,0.0001115837,-6.2436809e-05,0.00027236442,-0.00016933526,0.00012052737
"62",-0.00025762926,0.00029101631,-4.6177192e-06,-0.00084802695,-0.00018106679,-0.00024341189,5.7368882e-05,5.7024087e-05,-2.0057985e-05,-4.3549317e-06,-5.3250416e-05,0.00014810392,-6.3664158e-06,-3.6304378e-06,6.4203605e-05,-9.5001719e-07,-5.350641e-05,0.00011392356,-4.6437731e-05,-1.712215e-05,4.4104043e-05,-0.00029860728,9.0829164e-05,0.00030341032,6.6134696e-06,-6.5555582e-05,-0.00022586381,2.3639028e-05,1.9215884e-05,4.3275984e-05,-5.8988482e-05,-3.8971347e-05,1.4033661e-05,1.343399e-05,-4.482464e-05,5.2640124e-06,0.00024460435,-0.00075350327,0.00077670035,-0.0023199405,5.9799664e-05,-0.0002920562,8.990773e-05,0.00053000767,-0.0015680466,0.00010160279,-0.00034708058,0.0022294522,-0.0008814596,0.00050715107,-8.8907362e-05,3.2521773e-05,-0.0024285888,0.0042700753,-0.0046726579,0.0019281016,-0.0021326374,0.0028411401,0.00072596173,0.00019791852,-0.00052582644,0.0066824223,-7.5171393e-05,-0.00010651255,0.00026110081,1.7869702e-05,0.00026610881,-3.3941639e-05,-0.00020086387,0.00024737067,-0.00020518845,0.0006590646,-0.00023947264,-0.0013852626,0.00047793703,-0.00041201165,-0.00037307273,-0.0005990685,0.00068656902,-0.00023577542,0.00032364676,-0.00017594627
"63",-4.2678854e-05,2.3572497e-05,1.7034083e-05,0.00065371071,0.00021425121,0.00036350224,4.2851984e-05,-5.1365577e-05,3.2036649e-06,-2.7408671e-05,8.0354568e-05,4.1688129e-06,9.4504107e-06,-2.6856818e-06,5.0255638e-05,-4.8023644e-06,-1.1442318e-05,3.5816473e-05,6.22631e-05,9.7334448e-05,-2.0724568e-05,8.0124098e-05,-0.00010868739,-0.00030556032,2.5106957e-05,9.7525504e-06,6.8125151e-05,2.0219459e-06,1.3990536e-05,6.2106899e-06,3.9645374e-06,6.2048262e-05,-5.0147328e-05,-5.3272716e-05,-2.5346507e-05,3.9003407e-05,-0.00041600678,4.5889487e-05,-7.2752802e-05,0.00010095826,-0.001631036,0.00063341555,0.00096935124,1.0655386e-05,0.00024277449,-5.3889319e-05,5.4746572e-06,-6.545746e-05,1.6922842e-05,-6.0212394e-05,-0.00015492611,-9.342549e-05,0.00010313894,0.00038357445,-0.00050472266,0.00026645629,-0.00038230127,-2.1643587e-05,-0.00019431741,0.00029931957,-3.5401456e-05,-7.5171393e-05,0.003729981,8.7450719e-06,0.00018578117,-0.001449449,-0.00012215935,0.00014317899,-3.1877972e-05,7.0373351e-05,-9.3766812e-05,-4.5300129e-05,-0.00010180055,-0.00034639586,-3.0397233e-05,6.7342866e-05,0.00027529796,0.00012517048,-4.3594564e-05,6.4698544e-05,-0.00035244299,0.00032444854
"64",0.00015020246,0.000126325,-2.3648497e-06,0.00022633039,0.00032207192,-0.0001554986,-2.926681e-05,1.224466e-05,-5.3005276e-05,0.00012386793,5.3918701e-05,3.2022711e-06,-4.8331373e-05,4.6106421e-05,0.00011137246,4.7423209e-05,-2.4501263e-06,-4.0942678e-05,-4.3968768e-05,5.9036902e-05,3.7509679e-05,-1.6407594e-05,8.7683795e-05,-3.2936183e-05,1.4361987e-05,-2.4498788e-05,1.0671059e-05,-5.5759313e-05,-1.5177473e-06,-3.5493423e-05,4.4182164e-05,5.7710654e-05,-7.337539e-06,3.5076776e-05,3.4374454e-05,0.00012761185,-0.0001747758,-6.0413988e-05,0.00010067571,1.7033566e-05,-0.0013523244,0.00042687687,-0.00012523154,0.00092329063,2.0278797e-05,7.6254539e-05,0.00019317597,-0.00013304218,5.4672542e-05,4.8774932e-05,-8.6914719e-05,-0.00010871993,-7.5876384e-05,-0.0002329903,0.00010780125,-0.0001801001,0.00011342622,-0.00060804358,0.00042345908,-0.00010284844,0.00028028778,-0.00010651255,8.7450719e-06,0.0035696035,0.00018522139,7.9310982e-05,-0.001350867,-9.6102515e-05,0.00016545578,-3.5622718e-05,-1.7773239e-05,7.3537738e-05,-1.3776433e-05,0.00017623007,0.00011687639,6.5091401e-05,3.9965697e-05,-0.00011386205,-5.5587538e-05,0.00011637759,-0.00011844271,0.00012275354
"65",4.8750823e-05,4.3265022e-05,7.5863087e-05,-0.00066051672,-0.00096724337,-0.00047445937,0.00012710295,-4.5599767e-05,4.4746564e-05,1.5168311e-05,3.9239833e-05,1.149527e-05,-0.00011631419,-2.0219392e-05,-7.2726442e-05,-3.5807112e-05,-8.1764156e-05,-7.1211492e-05,-6.0894094e-06,6.5416095e-05,-4.3549672e-05,1.5928814e-05,-1.9965784e-05,0.00038537356,-2.067873e-05,-1.3354215e-05,-6.9983598e-05,-2.4540426e-05,6.3527557e-05,5.9567268e-05,-4.1996844e-05,-1.6889324e-05,3.5298611e-05,2.1137238e-05,6.3971702e-05,-0.0001465563,-0.00041852566,4.6447557e-05,-9.6648916e-05,0.0001620925,-0.0015314473,0.00059322146,0.00027474457,-8.6598338e-05,0.0010279265,3.656184e-05,1.648617e-05,-5.2166914e-05,-0.00026940149,0.00045292423,0.00028740803,-8.2640929e-05,8.6105689e-06,0.00079888408,-0.0010622641,-1.1663106e-05,-0.0004966814,0.00013182003,-7.5537404e-05,-0.00022194972,6.2238456e-06,0.00026110081,0.00018578117,0.00018522139,0.0037166651,3.6687327e-06,-0.00016948258,-0.0016796157,-0.00012978408,0.00019895922,-0.00030401128,8.58932e-05,8.8783735e-06,-3.8836037e-05,0.00020228221,-1.5406912e-05,-3.9185763e-05,-4.7398784e-05,-4.4083522e-05,-0.00018930348,0.000292595,-0.00017894793
"66",-2.5070748e-06,-7.5310294e-05,-3.4423643e-05,-0.00097521624,-0.00018375896,-0.00058973223,3.9414779e-05,4.8719108e-05,-4.605783e-05,1.5238858e-05,-0.00011513512,2.6900623e-05,2.8391439e-05,-1.9707668e-05,-2.2747151e-05,4.6757936e-05,4.3134346e-05,-5.5040805e-06,6.7752565e-05,-6.4423494e-05,1.5946528e-05,-0.00013388454,6.1265479e-05,0.00040830705,4.2476512e-05,-8.0538389e-05,-4.1541898e-05,-1.0822621e-05,-3.8242041e-05,-4.8478593e-05,2.172414e-05,4.0138235e-06,0.00014451038,3.4026193e-05,-4.3548781e-05,-0.00020950881,0.00017413902,-0.00030941001,-0.00011614174,1.7293727e-05,0.00050744453,-0.0014192836,-0.00014947822,-3.3456673e-06,-0.00013403364,0.00023399982,1.6504162e-05,0.00024531325,-0.00022624117,0.00011045367,0.00031896452,-2.8584098e-05,0.00017147621,0.00077418425,-0.00052870046,0.00058012245,-0.00019384093,0.00075964585,-2.4845199e-05,-0.00054958567,0.0001237266,1.7869702e-05,-0.001449449,7.9310982e-05,3.6687327e-06,0.0033506068,4.3279444e-05,-0.00012759854,-0.00011939026,-2.2340593e-05,2.0749211e-05,8.7087019e-05,-0.00013592115,-0.00028784556,0.00010682081,5.407239e-05,-0.00038304259,-0.00027556166,0.0001764315,-0.00031186594,0.0005375827,-0.00023981701
"67",-1.5214389e-05,1.8412269e-06,2.2723079e-06,-0.00019163593,-0.00014929028,0.00011502,3.7814966e-05,-1.9881903e-05,2.1272984e-06,-2.1509355e-05,-4.199477e-05,2.4765117e-05,7.7545642e-05,-3.6188932e-05,-9.8688241e-05,-4.1939873e-05,1.0269493e-05,3.8898076e-05,-3.3321884e-06,-4.6404393e-06,4.5612179e-08,-3.7153625e-05,-6.0785466e-05,3.8079562e-05,3.0939953e-05,-7.3713042e-06,-6.7774447e-05,1.1165698e-05,-1.1322961e-05,-3.5184269e-05,-3.3882384e-05,-0.00011917228,-9.4608364e-05,-3.5955083e-05,-2.6640928e-05,5.5701905e-05,-1.459799e-05,1.9546302e-05,2.8857395e-05,6.0311511e-06,0.0005486748,-0.0012936535,1.8372219e-05,-9.7545794e-05,-9.1809669e-05,2.2536519e-05,0.00018938423,-6.0061632e-05,-9.84071e-05,-2.1517384e-06,-6.09655e-05,0.00025686215,-0.00010915359,0.00052203011,-0.00045482027,0.00040728282,-0.00027268451,0.00033467849,0.00010441906,0.00022434631,-0.00056673973,0.00026610881,-0.00012215935,-0.001350867,-0.00016948258,4.3279444e-05,0.0035314009,-0.00024787261,-9.0575331e-05,4.3439637e-05,-7.9767505e-05,-6.2525261e-05,-8.0198544e-06,-0.000544927,1.7832776e-05,-2.9058091e-05,-2.8485471e-05,5.3132399e-05,-0.00011549504,-9.0716018e-05,0.00016715478,-0.00011012256
"68",-3.2419677e-05,2.4746903e-05,-7.4291901e-05,0.0015215308,0.0020822176,0.0010408516,-0.00011201795,2.7719987e-06,1.8864803e-05,-7.6297892e-05,1.3905147e-05,1.0454955e-05,0.00013870473,-1.7606394e-05,4.3419624e-05,4.3728265e-05,-8.0158219e-05,2.9959887e-05,4.9869702e-06,8.3171761e-06,1.4858291e-05,-0.00013037824,-3.2685394e-05,-0.00082671444,6.8299979e-06,3.1742914e-05,6.1205078e-05,3.5675126e-05,-6.5405198e-05,-0.00011480389,5.5613386e-05,4.5667264e-05,7.5418459e-06,-2.1289193e-05,5.620704e-05,0.00035820547,7.0642303e-05,-0.00024069368,-0.0001552855,4.6631455e-05,0.00038505204,-0.0011490803,-0.00010447071,-5.6298678e-05,-0.00020731304,0.00016490535,-0.0001919237,0.00054339162,2.5320734e-05,-0.00024998281,8.7031555e-05,0.00011326928,-0.00010844936,-0.00036785954,0.00094393077,3.3476723e-05,6.1155074e-05,0.00041195506,-4.0951275e-05,2.7075843e-05,-0.00016451635,-3.3941639e-05,0.00014317899,-9.6102515e-05,-0.0016796157,-0.00012759854,-0.00024787261,0.0038342541,-2.644614e-05,-0.00010721479,0.00044704035,-5.1352466e-05,-3.0182674e-06,-0.0001381477,-4.6291635e-05,-0.00010577278,0.00043692662,-0.00017670544,0.00018340681,0.00017915523,-0.00067051997,0.00025039625
"69",0.00015619473,1.4508083e-05,6.3137385e-05,0.00030089507,0.0002277734,0.00018462479,-0.00060092932,-3.2550158e-05,1.2638763e-05,-8.3175963e-05,5.4443271e-05,0.00011840387,3.2793717e-05,-5.0972234e-06,3.2770054e-05,-3.1893897e-05,6.9290399e-06,-1.2655975e-05,-2.4182861e-05,6.0456359e-05,-1.7285712e-05,5.2938982e-05,-1.9473258e-05,-4.7835958e-05,-1.8826716e-05,8.5469156e-06,-8.3504746e-06,4.3045943e-05,-1.2431115e-05,4.308073e-05,-1.6326777e-05,3.8104191e-05,-1.5347958e-05,5.3686425e-05,-8.3774341e-06,9.6567168e-05,0.00014191424,4.2600181e-05,2.0233546e-05,-7.110805e-05,6.2185541e-05,0.00011431022,-0.00023650816,0.00023876698,-0.00014207405,-9.5555331e-06,-1.8730341e-06,-9.0351141e-05,0.00088225819,-0.00021287556,-0.0001598748,9.0367371e-05,-1.0254995e-06,-0.0035975668,0.0033031954,-0.0011247548,0.00083196889,-0.00085858486,0.00023781358,0.00035737513,-2.0625046e-05,-0.00020086387,-3.1877972e-05,0.00016545578,-0.00012978408,-0.00011939026,-9.0575331e-05,-2.644614e-05,0.0018010901,-0.0007428437,0.00055139162,-0.00033984153,1.3394419e-05,0.00052075556,0.00021286682,6.9536435e-05,0.00011660478,0.0001379829,-0.00020234331,0.00010721662,-9.4696047e-05,-7.7242049e-05
"70",-0.00090775437,-0.00074445376,-0.00079320942,-0.00041924248,-0.00041777526,-2.6610628e-05,0.00093390206,2.8342951e-05,9.7343137e-06,0.00018968609,-0.00013865985,-8.4038069e-05,3.0770278e-05,4.8975869e-05,-3.203936e-05,-2.9498071e-05,-3.2158296e-05,-2.1102806e-05,-9.3951556e-06,-3.6692008e-05,4.7806146e-06,0.00012673121,4.341601e-06,0.00026133719,-1.2314673e-05,-3.9464196e-05,-4.6764678e-05,1.317311e-05,-3.0947421e-06,4.5867446e-05,-2.7397986e-06,-5.7829722e-05,-5.1829632e-05,4.4913128e-06,-2.1682948e-05,-5.8192374e-05,-1.1640768e-05,4.3030056e-05,4.5665836e-05,7.1388799e-05,-3.6467742e-05,-7.8786321e-05,0.00017226893,-5.981509e-05,2.9225028e-05,-0.00023201056,-3.1727997e-05,7.5682796e-05,-0.000433333,0.00013670848,9.244122e-05,6.76819e-05,-9.5138826e-05,0.0043760676,-0.0048818069,0.001595581,-0.00087554584,0.0009022071,-0.00013599313,-0.00052975471,-0.00042544778,0.00024737067,7.0373351e-05,-3.5622718e-05,0.00019895922,-2.2340593e-05,4.3439637e-05,-0.00010721479,-0.0007428437,0.0017375429,-0.0008745491,0.00059162721,-9.6140547e-05,-0.00074806064,-6.4666514e-05,0.00033158004,-7.2554087e-05,0.00013712671,-3.1344137e-05,-8.9619126e-05,0.00019645322,-0.00017382274
"71",-7.1148187e-05,-0.00010318643,-0.0013623587,0.00057467199,0.00036603234,0.00045872461,-0.00085487438,-6.9762437e-05,2.7668141e-06,0.00022656355,-0.00034812456,0.0002605334,0.00014100792,-3.9611124e-05,4.9532951e-05,4.2097068e-05,5.2447434e-06,-2.2110155e-05,5.89138e-06,3.28249e-05,-4.8176881e-05,0.00028895626,-1.8122119e-05,-0.00018939649,1.8110646e-05,2.8308732e-05,7.4089671e-05,2.2823895e-05,-1.6038072e-05,4.7666814e-05,3.4160765e-05,3.7816257e-05,-1.3309176e-05,7.4225899e-07,-1.4881355e-05,0.000117749,0.00015392173,-0.00031858999,3.7221196e-05,-0.00033149357,7.997223e-05,-4.1595691e-05,-0.00013049245,5.1169306e-05,-4.1368614e-05,0.00024122281,-1.5577529e-05,0.00040739153,9.1540646e-05,-0.00047492102,8.1735505e-05,-3.0041027e-05,3.3618978e-05,-0.0035602165,0.0059075537,-0.00081369956,0.0013724839,-0.0022896152,-0.0007141619,0.00033785249,0.00023932457,-0.00020518845,-9.3766812e-05,-1.7773239e-05,-0.00030401128,2.0749211e-05,-7.9767505e-05,0.00044704035,0.00055139162,-0.0008745491,0.0027819044,0.00010579858,-0.00025422177,0.00040768358,-0.00045563543,0.00049762527,-4.4222196e-05,0.00054991497,-0.00056128001,0.00039965804,-4.2511344e-05,-9.2746576e-05
"72",-0.00062720639,-0.00010318297,-0.0012962472,-0.00047769156,-0.00026399647,-0.00015257236,0.00044511222,2.4486363e-05,-6.2034708e-05,0.00031725998,-0.0002182843,0.00059231658,0.00010968083,-8.1947101e-06,8.8855776e-05,2.3543777e-05,-3.2730254e-05,2.2536836e-05,-1.4552626e-05,7.0842835e-05,-7.614786e-07,3.8204612e-05,0.00012417907,0.00024555014,-1.6571689e-06,-5.3384324e-06,-7.6756368e-05,3.9393601e-05,-1.0874087e-05,-3.9450515e-05,3.519057e-06,-3.7916721e-05,1.5861092e-05,1.1406585e-05,-4.4898425e-06,-2.2632639e-05,0.00013779498,-0.0003147685,0.00019225154,-0.00026674586,-4.9799759e-05,1.5671285e-05,-5.0268695e-05,-1.5474031e-05,-0.00015043686,0.00020124641,1.7025242e-06,0.00046702752,-0.0017034684,0.00028530538,6.1880879e-05,-0.00010275893,-0.00041675683,0.0068114959,-0.0074181613,0.0041108238,-0.0017038529,0.00091560407,0.00015479361,-4.425297e-05,-6.4808666e-05,0.0006590646,-4.5300129e-05,7.3537738e-05,8.58932e-05,8.7087019e-05,-6.2525261e-05,-5.1352466e-05,-0.00033984153,0.00059162721,0.00010579858,0.001996941,-0.00071844705,-0.0021898803,1.5029314e-05,5.2831101e-05,-0.00017105919,-7.4993682e-05,0.0001123483,0.0001020812,0.00023246475,-0.00018152871
"73",9.1762255e-05,-8.6372306e-05,0.00059267022,0.00023121483,4.8525755e-05,0.00012717076,-0.00010621109,-5.3487768e-05,5.4391046e-05,-0.0001789423,9.8499931e-05,-0.00031859477,-0.00041149816,2.0521819e-07,-6.2762612e-05,-4.6300906e-05,1.8344355e-05,-2.4458401e-05,3.9610918e-05,-3.3184775e-05,-3.6676816e-05,3.2514593e-05,1.095362e-05,-0.0001841605,1.7322212e-05,1.2580544e-05,1.9625512e-05,-9.189045e-06,-2.9365967e-05,4.4529439e-06,4.9708849e-06,1.7806896e-05,-3.9327721e-05,-2.4331377e-05,5.2355238e-05,6.0543855e-05,-2.557839e-05,0.00025219962,-0.00016434124,0.00013998968,0.00010662115,7.8967453e-06,2.7988074e-05,5.7159752e-06,-2.0358241e-05,-0.00016871031,-9.3411593e-05,-0.00019332089,0.00096918609,-0.00038277057,1.575509e-05,3.0223346e-05,0.0003066033,-0.003580655,0.0032954608,-0.0034441198,0.0011081856,-0.00074629572,5.7324178e-05,-0.00033138418,6.0381058e-05,-0.00023947264,-0.00010180055,-1.3776433e-05,8.8783735e-06,-0.00013592115,-8.0198544e-06,-3.0182674e-06,1.3394419e-05,-9.6140547e-05,-0.00025422177,-0.00071844705,0.0020485775,0.0016445342,-0.00011161513,-7.2995314e-05,0.00014365944,5.5108449e-05,-3.1958235e-05,0.00016118486,-0.00019842793,0.00016762636
"74",0.00071288929,-0.00019944829,0.0010860907,0.00091548186,-0.0001483097,2.5987692e-05,-0.00046064302,-0.00022832069,8.3075388e-05,-0.00026401663,0.00019891311,-0.00089233033,-0.00096838561,4.1811438e-05,1.3843211e-05,-5.8890087e-05,7.5901008e-05,-0.00010970504,1.4848383e-05,-0.00018231819,-0.00067028899,0.00028549012,-5.9590199e-06,-0.0004030684,-4.4697024e-05,8.6978651e-05,0.0001342381,2.4579834e-05,-8.250839e-05,0.00013720969,0.00014984731,8.7983192e-05,-0.00011166468,-1.9332807e-05,9.6659222e-05,2.3171375e-05,-0.00010895756,0.00025244448,-0.0001229024,0.00028905359,9.4410286e-05,0.00038383696,2.0169043e-05,8.4839507e-05,4.9008112e-05,-0.00021113105,0.00014357319,-0.00066051644,0.0025131096,-0.00083747303,-0.00017703716,0.00040273332,0.00048518478,-0.016224823,0.017627888,-0.010309333,0.0054672936,-0.0045981344,-0.00010584631,-0.00037739223,0.00020888466,-0.0013852626,-0.00034639586,0.00017623007,-3.8836037e-05,-0.00028784556,-0.000544927,-0.0001381477,0.00052075556,-0.00074806064,0.00040768358,-0.0021898803,0.0016445342,0.0093904403,-0.00037316791,0.00022936522,0.00045103486,0.00051510878,-0.00050792503,0.00030878435,-0.00053212832,0.00064593248
"75",0.0004777647,0.00032831021,0.00099743959,-0.00068165818,0.00026265199,-0.00090928975,-0.00016007727,4.9463498e-05,1.0001275e-05,-0.00023331244,0.00015481336,-8.5526554e-05,-2.457819e-05,-2.6381804e-05,1.8554497e-05,3.7948147e-07,1.9083692e-05,-8.6517622e-06,-1.5317997e-05,3.9393981e-05,4.5831752e-05,-0.00079923768,5.6454651e-05,7.2040603e-05,-1.6966831e-05,-9.2399515e-05,-6.2540753e-05,3.5598107e-05,-1.4425744e-05,4.7237219e-05,-5.172843e-05,4.2417317e-07,0.00015861124,-4.8880386e-05,-1.8390516e-05,-0.00018214706,-9.697886e-05,0.00027015205,-1.2566151e-06,0.00029725446,-0.00012170893,-5.0856665e-05,0.00013144096,0.00019544158,-0.00010416475,-7.5397005e-05,-0.0001255306,-6.7710003e-05,-0.00037119008,0.00085648526,8.6386613e-05,-0.00010263038,-0.00021151258,0.0017404328,-0.002125009,0.00057052883,-0.0016830994,0.0026089426,-7.1922762e-06,-9.2576319e-05,-0.00010605589,0.00047793703,-3.0397233e-05,0.00011687639,0.00020228221,0.00010682081,1.7832776e-05,-4.6291635e-05,0.00021286682,-6.4666514e-05,-0.00045563543,1.5029314e-05,-0.00011161513,-0.00037316791,0.0016373456,-0.00095657843,0.00036049402,-0.0013022532,0.0010416942,-0.00042602345,-2.5752085e-05,0.00014164868
"76",-0.0005731557,-0.00040052873,-0.001534988,0.00032389521,-0.00027619707,0.00089193072,0.00017197984,-4.3775176e-05,-1.0762167e-06,0.00036760688,-0.00032053849,0.00011347193,4.6809132e-05,2.3301971e-05,2.5297931e-05,-2.5030346e-05,-4.8991739e-05,-2.7981414e-05,1.1108218e-05,7.9218183e-06,-1.7466947e-06,0.00093976753,1.0159845e-06,0.00019488777,7.3912534e-06,5.1282533e-05,2.7210487e-05,-3.5476462e-06,5.8273422e-06,1.5017569e-05,3.9627213e-05,-2.5649416e-05,-0.00022644644,9.2604145e-05,1.1196874e-05,0.00020466776,0.00019614981,-0.00029854263,4.2076461e-05,-0.0003742703,-5.2468888e-05,2.0437835e-05,-0.00015285286,-3.4689074e-06,1.2396583e-05,2.0639655e-05,0.00012321816,9.5616861e-05,0.00028551201,-0.0006381598,-2.210006e-05,0.00013072485,9.3850842e-05,-0.0014924991,0.0020692848,-0.00033111952,0.001846763,-0.0030507843,-0.00038743366,-0.00015421545,4.6363872e-05,-0.00041201165,6.7342866e-05,6.5091401e-05,-1.5406912e-05,5.407239e-05,-2.9058091e-05,-0.00010577278,6.9536435e-05,0.00033158004,0.00049762527,5.2831101e-05,-7.2995314e-05,0.00022936522,-0.00095657843,0.0017952604,-4.2545901e-05,0.001115637,-0.0014799772,0.00043379907,0.00022743224,-0.00050488312
"77",0.00024433648,-1.5019331e-06,0.00016262443,0.0011653605,0.00046825873,-0.00023042945,-0.00010680438,-4.1280539e-05,7.4720398e-05,-8.3581353e-05,2.4454352e-05,4.2898005e-05,8.9181727e-06,3.3340686e-05,1.9703567e-05,-5.4982147e-05,7.4873636e-06,-3.160347e-05,7.3507926e-06,6.2636986e-05,1.8162925e-05,-5.2517811e-05,-2.3702156e-05,-0.0011415488,5.3851265e-05,8.15514e-06,0.00018863506,4.888053e-06,-4.097464e-06,5.324825e-05,2.8115484e-05,4.3935914e-05,7.4861764e-05,9.010866e-06,-4.0311161e-06,-7.647323e-05,-0.0001205532,0.00015373145,-0.00011913197,0.00024293211,-0.00015609212,4.6719877e-05,-1.4960594e-05,4.2925274e-05,8.3205329e-05,6.224292e-05,1.1366842e-06,-0.00026372343,0.00027928523,-0.00021245211,-7.7764773e-06,4.0091938e-05,5.7822858e-05,-0.00071498785,0.00061352183,-0.00045595431,0.00039487013,-0.0011097843,-0.00045201043,-0.00030011778,8.8263349e-05,-0.00037307273,0.00027529796,3.9965697e-05,-3.9185763e-05,-0.00038304259,-2.8485471e-05,0.00043692662,0.00011660478,-7.2554087e-05,-4.4222196e-05,-0.00017105919,0.00014365944,0.00045103486,0.00036049402,-4.2545901e-05,0.0025006194,-0.00014987912,-7.3018038e-05,0.00022524723,-0.0016993565,0.0014272666
"78",-0.00051163186,-0.00040003382,-0.0012971115,0.0010301558,-0.00053259475,0.0012440851,9.2866445e-05,-7.5041808e-05,7.4609042e-06,0.00029978699,-0.0001916886,0.00012957098,4.976434e-05,4.6310689e-05,1.4920624e-05,-3.9417844e-05,-2.655395e-05,-1.9777067e-05,1.8734433e-06,-6.8308508e-06,-2.5201239e-05,0.001075688,-5.4658158e-05,3.3469098e-05,-2.8911745e-05,9.4794901e-05,9.3142264e-05,-2.6720143e-05,-6.8873897e-06,9.5436193e-06,8.0865136e-05,7.4794131e-06,-0.00026069932,0.00010006576,6.5446932e-05,0.00028009828,0.00020011364,-0.00022296673,8.4296943e-05,-0.00030668553,1.3416609e-05,0.00017505437,-0.00013975524,-0.00021835615,4.9631224e-05,2.4520068e-05,0.00014826615,-1.3735035e-05,0.00055636906,-0.00072762171,-0.00016176101,0.00011534917,0.00010204172,-0.0025291362,0.0030006474,-0.00086815436,0.0018033158,-0.0041832547,0.00014625775,0.00010562427,0.0001115837,-0.0005990685,0.00012517048,-0.00011386205,-4.7398784e-05,-0.00027556166,5.3132399e-05,-0.00017670544,0.0001379829,0.00013712671,0.00054991497,-7.4993682e-05,5.5108449e-05,0.00051510878,-0.0013022532,0.001115637,-0.00014987912,0.0020524533,-0.0015161698,0.00062386019,0.00018538887,-0.00026343681
"79",0.00051440523,0.00028826488,0.0016851616,-0.00094303262,0.0002197887,-0.0013521829,-7.2151452e-05,9.5946605e-05,4.0515982e-05,-0.00039193974,0.00029362831,-0.00020037392,-2.7420661e-05,-8.7579917e-06,-3.2769255e-05,6.5360443e-05,3.0250289e-05,2.726508e-06,5.9913348e-05,-1.8239292e-05,-1.7915893e-05,-0.0011986388,3.4874971e-05,-7.8794337e-05,5.6236351e-05,-8.5528036e-05,-5.4411197e-05,2.1109466e-05,-3.2369121e-07,5.3254883e-06,-0.00010300838,-1.4039805e-06,0.00029161125,-0.00021102853,-5.8904442e-05,-0.00036900643,-0.0002256706,0.00028667417,7.0377405e-06,0.00028828558,9.7253593e-05,-0.00011420406,0.00020391609,7.9465096e-05,-0.00010682442,-0.00010295902,-0.00012951586,-8.0536731e-06,-0.00042059609,0.00074471328,0.00012769786,-0.00026202508,-0.00010673153,0.0026975415,-0.0035277305,0.00094661025,-0.0020282591,0.0046642908,7.9112092e-05,4.6336834e-05,-6.2436809e-05,0.00068656902,-4.3594564e-05,-5.5587538e-05,-4.4083522e-05,0.0001764315,-0.00011549504,0.00018340681,-0.00020234331,-3.1344137e-05,-0.00056128001,0.0001123483,-3.1958235e-05,-0.00050792503,0.0010416942,-0.0014799772,-7.3018038e-05,-0.0015161698,0.0023673904,-0.00059516169,-5.4026355e-05,0.00058521228
"80",-0.00013050596,-8.5683721e-05,-0.00062397467,0.00090111142,0.00050798038,0.0010963372,-5.9419847e-05,-4.4846123e-05,4.4359895e-06,0.00020125947,-0.00010079146,0.00016001471,8.1171632e-05,1.9354302e-05,5.0089876e-05,-2.8811981e-05,-1.8256209e-05,-3.7121649e-06,-4.6006143e-06,9.1519949e-07,-1.2942031e-05,0.00044196751,0.00030470173,-0.00034116219,7.584048e-06,7.4017882e-05,0.00010606396,1.4509357e-07,-2.5136352e-05,-7.2795992e-06,5.1837403e-05,4.2212124e-05,-0.00017681841,3.226386e-05,8.7894723e-05,0.00031528854,0.00012140853,-9.961306e-05,-3.0313294e-05,-5.6146376e-05,2.2769287e-05,0.00015517019,-0.00019405299,2.5204246e-05,-1.2269426e-05,3.2268452e-05,-1.0954492e-05,8.1345703e-05,0.00028735835,-0.0010100479,0.00010835882,-2.7710536e-05,-7.5524797e-05,-0.0014309725,0.0016777639,-0.00056788749,0.0014333493,-0.0038153006,2.7788121e-05,-0.00024352123,0.00027236442,-0.00023577542,6.4698544e-05,0.00011637759,-0.00018930348,-0.00031186594,-9.0716018e-05,0.00017915523,0.00010721662,-8.9619126e-05,0.00039965804,0.0001020812,0.00016118486,0.00030878435,-0.00042602345,0.00043379907,0.00022524723,0.00062386019,-0.00059516169,0.0012850696,-0.0003015958,-1.1895238e-05
"81",-0.00027342252,-5.2056069e-05,-0.00030523678,-0.0021738443,-0.00099397369,0.00031232635,0.00012857546,5.9956108e-05,-3.9108959e-05,0.00014411485,-0.00013203316,-2.857551e-05,1.6224475e-05,-1.7408388e-05,-6.4276376e-05,3.1598849e-05,-1.7635934e-05,1.1713441e-05,-5.8915236e-05,4.1442742e-06,5.1354555e-05,0.0001343558,5.3643469e-05,0.001822378,-7.409722e-05,-1.8003073e-05,-0.00026136312,1.493996e-05,3.6440577e-06,-4.1783495e-05,-3.2993297e-05,-9.1041184e-05,-0.00016525672,-3.6930346e-06,3.573977e-05,0.00011468438,0.00018705502,-4.9783513e-05,0.0001353123,-0.00010415964,0.00012910836,-9.4839831e-05,1.5250841e-05,-0.00011343156,-0.00015835861,-7.5381698e-05,-8.1012025e-05,0.0002788572,-0.00026147085,0.00028569458,8.0792617e-05,-8.4465975e-05,-8.2288114e-05,0.0012234378,-0.0014500548,0.00065036233,-0.00064540393,0.0017495019,0.00056819144,7.8863945e-05,-0.00016933526,0.00032364676,-0.00035244299,-0.00011844271,0.000292595,0.0005375827,0.00016715478,-0.00067051997,-9.4696047e-05,0.00019645322,-4.2511344e-05,0.00023246475,-0.00019842793,-0.00053212832,-2.5752085e-05,0.00022743224,-0.0016993565,0.00018538887,-5.4026355e-05,-0.0003015958,0.0025638012,-0.0025339691
"82",0.00031734933,1.9523059e-05,0.00068550721,0.0011037736,-0.000850246,-0.0033723819,-0.0001316969,2.5905849e-06,5.2801066e-05,-0.00021410138,0.00018336149,6.9856928e-06,-6.4288588e-05,6.5540587e-06,0.00010381512,1.0713602e-05,9.0568665e-05,-7.1836556e-05,9.0484321e-05,-3.0352115e-06,-6.9124882e-05,-0.00039372462,-2.6707696e-05,-0.0020146401,0.00011907685,-6.196355e-08,0.00025644188,-4.7596005e-05,4.8018544e-05,7.7429883e-05,6.5649108e-05,0.00012930323,0.00049046611,-0.00010153839,-5.2473133e-05,-0.0010179792,-0.00022019198,0.00017945822,-1.2768776e-05,6.1592345e-05,-0.00013182799,3.5194999e-05,-4.2541117e-06,0.00017964812,0.00022723994,-1.038755e-05,2.0626712e-05,-0.00045323795,7.6175037e-05,4.5557721e-05,-0.00025027854,0.00022519987,2.5543616e-05,-0.00098017344,0.00096786521,-0.00059354824,0.00044472439,-0.0028323846,-0.0005953596,-8.4325916e-05,0.00012052737,-0.00017594627,0.00032444854,0.00012275354,-0.00017894793,-0.00023981701,-0.00011012256,0.00025039625,-7.7242049e-05,-0.00017382274,-9.2746576e-05,-0.00018152871,0.00016762636,0.00064593248,0.00014164868,-0.00050488312,0.0014272666,-0.00026343681,0.00058521228,-1.1895238e-05,-0.0025339691,0.005111757
