"relative_file","source_sha256","bytes"
"models/SW_MI01/model.inp","66019449d01ba000bd08c07c1f99ea862a29954e8897fe464df767449d9ed29a",746
"models/SW_MI01/model.out","8d9b8856aebc923630a64a469a638996eb852068eae53c48e5fd2d4b0aeba435",627862
"models/SW_MI01/estimates.dat","e6892d5f32c072e402f72a3024d616de68e7765b7686674bfbb44bf531317520",4444
"models/SW_MI01/tech3.dat","8f48e7ed5ef9480dc68a12bf0d2deb60333cbf12f2558c5fb20a0391bb431dd9",146956
"models/SW_MI01/input_contract.json","69399e4153c3ac7afcb77679de4683690f5c23d05fae3bfc19cfbe241a9e2034",620
"models/SW_MI01/receipt_round2C.json","6d9b4c8c986f7a306e09ea4d47e3295bb5c9f55e6f0fef2891afba0442ce6e27",697
"models/SW_MI02/model.inp","9af74707354fff500bd523817494e0e31110a6af4b4543ff34480fcc80913da5",746
"models/SW_MI02/model.out","1ce4a608ff0c6fe02e257663ee5dc9af0c46ede06ea4113268c4e651f61732b7",627862
"models/SW_MI02/estimates.dat","fa917c8b84f729d292ebacc179aad3547e74452c9812d476c3c86588245a307d",4444
"models/SW_MI02/tech3.dat","a4a98afdadfbc0a5cce20542631fb8d45211508630de454f7823653bf1d8df3e",146956
"models/SW_MI02/input_contract.json","f45a4815249799a91e505605a2cbc1d16b8cbdecc3de1d89a827cd37188ae3a2",620
"models/SW_MI02/receipt_round2C.json","379acde2c900b2e9b6f7cf34f2a6ce803863f22e6f21b03e6ff41a3adbb1c52c",713
"models/SW_MI03/model.inp","1470edc293690a59dfacf9dbefd3426ac44117ec1e737656c3be2e37c257badf",746
"models/SW_MI03/model.out","9053cea0f51b64bf62f3d37c723369863274842fe760903efeb99cdca910b94c",627862
"models/SW_MI03/estimates.dat","8e4bb78eaebfb6c4e031c26ec3556e299ad04e2f1fb36c434c7ea027ebbfdae7",4444
"models/SW_MI03/tech3.dat","782fe0f039f20e67f768b873ca9dae101a93e35266368a391dc827888be54e65",146956
"models/SW_MI03/input_contract.json","a38812b7acb244286df7824d6b99b454a2f0d5561e58572874833f627ea65d0e",620
"models/SW_MI03/receipt_round2C.json","bb5ebdd723c02ae2d6e8569449d20107ab39c28f0963cbff1269dddbd5d4ed66",713
"models/SW_MI04/model.inp","97a5fe6cb70a6516aad87831a71edd5e10d66c702d1edec871f1dd36101f8693",746
"models/SW_MI04/model.out","8326690de60f96bebe141adc09779f660f25deda01e9cc1f670105cd25951f43",627862
"models/SW_MI04/estimates.dat","0e906ad74ec93ede5c37e9c8b9fc4b6b86e581872724a5d04c52fb9a86b9f365",4444
"models/SW_MI04/tech3.dat","fac3e8463bd69f4c4251c1a00b809b5dae154ff5af378b02408afcfe9de2a52b",146956
"models/SW_MI04/input_contract.json","cf40efa0c2011b9670f2d0b165f42c2695ff5fc61d423901ee1fc9278e7480ed",620
"models/SW_MI04/receipt_round2C.json","d13f646b1855cd7bac91f77ecad8b6237930e816c91dea304cd0eac67ca6f777",713
"models/SW_MI05/model.inp","a0b0952d2686c129be988d1c95a804c73491f2149a9c65ad5c2c480df985714e",746
"models/SW_MI05/model.out","23c3dcd855218edc2f295b6304148cdea53c7d1c325a849bca0fc49b4334fd62",627862
"models/SW_MI05/estimates.dat","7291b0d1cf6e85491b05332a1002681887bcaa1daa85b6d35ac1c9c86731abd9",4444
"models/SW_MI05/tech3.dat","bf52c233323584ecc54a41c0a0b74007f7f3d70951a1d373f785f80ecd8fb5c5",146956
"models/SW_MI05/input_contract.json","b775dd574f794e60fae56dd89f306c9fba556b0ef069c7237ce2049f2bdad36e",620
"models/SW_MI05/receipt_round2C.json","ef00326df7f20da04a461b20b2c183c7dcab74df1ba0da01b275adaeeef4026e",713
"models/SW_MI06/model.inp","ee0d66138f84105fab7014d2800aa46753157d67e207cbecae44cf6902b19c82",746
"models/SW_MI06/model.out","f04d15348b817753b1ab296f732501ea5e88e6c50de18cfff223d3392a5995d4",627862
"models/SW_MI06/estimates.dat","9ba9d5240cc51509c4dc8f5c585f6d722d0f113a21c4fc963cd46336aff81c8d",4444
"models/SW_MI06/tech3.dat","a7b650a52ad982e964acfa63c1ab0abad68e8e472793ec165dc5e52fd6f469fd",146956
"models/SW_MI06/input_contract.json","f482a0e53570762e52db16ec86fdf81c1e91732383aee458af9d0b6e91faf320",620
"models/SW_MI06/receipt_round2C.json","79087dd6da6f55b55649d5f438a8efb4d3a5fa644e1c5e7e2d0a2f0e1a9f52c7",713
"models/SW_MI07/model.inp","fb144eb3511329c5617ba7d186e348c02ed6edc69fa4d6da28809a0484aadfd2",746
"models/SW_MI07/model.out","6ca905e60e59f1fd2b40eff2997c51bcbf6adb03922d5293b065f9cc870c22ad",627862
"models/SW_MI07/estimates.dat","4e1016a1d49872334a3115c081e86570eb469032a9e5fd824fc518ea7eb20825",4444
"models/SW_MI07/tech3.dat","05475b8b21528cc4e7d69c9a2bf77fb29d0098d03ed61ea03b0374d8a12033ed",146956
"models/SW_MI07/input_contract.json","0c09e7e2a0c22c431ec4306284d4da6a6a28a18043757b2e48abb89c26a959e3",620
"models/SW_MI07/receipt_round2C.json","1cbfc80f5334a00531c8304b34c2e4b54b2d339567ec43adb75caff94ffe717d",713
"models/SW_MI08/model.inp","d5f62ed5b767990e16def309fc2527ae2f80376cc54e664230f10917d5fc15d9",746
"models/SW_MI08/model.out","586979e626f7eabebdd84d867e169732a8f1eb146c6dbebf01d76b1cfd6ab558",627862
"models/SW_MI08/estimates.dat","7b8724b44a3131ba8bea004ea0c4ab16d0e37080cd62b5c6d752fd2a9b8832cb",4444
"models/SW_MI08/tech3.dat","98c508d1aafb8c5a1a4470ea7215215462c1e61b8b38e86f64a370329d4eaa1d",146956
"models/SW_MI08/input_contract.json","1dcbf1744aa6829d7afc12d72e5a3d84e5723cf287666cb86bdfd547e41b3139",620
"models/SW_MI08/receipt_round2C.json","5f4712a631e3abc80bd918f6c57dfd2729037107faeb76c2b39d66f87acf53ab",713
"models/SW_MI09/model.inp","572ac15ff0bdd3ddcbfa9f915c1797ae51c00fa528e7ad9e21027e0f56e35356",746
"models/SW_MI09/model.out","1b82c1ab3c10adf36dc3989bcb9e77fa5b8123b967ace88311ad48d81fa37e1f",627862
"models/SW_MI09/estimates.dat","798fce07a60302612823445a64e486df17a67d43f7ad04a0559a0d99c87bf489",4444
"models/SW_MI09/tech3.dat","baaa4df1afbfa4e85e9169bfbe9358bf9618f740b5c6071e1b0c4418243f38cd",146956
"models/SW_MI09/input_contract.json","2fcd2618dccbdc048576a2c4a6c27ac91526e2fc8cfbc956828a295b9abdbf49",620
"models/SW_MI09/receipt_round2C.json","8c01d66e0bf943e3558f3dcc010d239b3a0c398ee6e71cb09225eef5553d2df0",712
"models/SW_MI10/model.inp","9e65739a21e5aeeb51a7faada1f809101bee58b91d3aca46a757ef1b25f34b4a",746
"models/SW_MI10/model.out","aab7a35b9190fe956d19613d2e5f719d59fd8ad0de83a098f07ca989c4e57f8f",627862
"models/SW_MI10/estimates.dat","f0b42815cfae27af51086e3ca7744dcc1d5edbb5862c7975b77f6b11b40f8ea9",4444
"models/SW_MI10/tech3.dat","e85e70b5fe8fdfd5b03f67b5cc4fd5afcf0df4c4d1a74ee1d4a4bbbbc9de731b",146956
"models/SW_MI10/input_contract.json","55b10a9b18db7cf8e283f29bc94844e91a84c966365b4f6e2af8acbe707e5aa5",621
"models/SW_MI10/receipt_round2C.json","d6c9af17cf2f5d2d0f80fb3440d38238b70a567b3b1900af11df81cb54010f9c",714
