hypothesis,original_prediction,current_status
H1.1,总体亲近度越高，抑郁越低,SW基期负向关联相容；变化关联尚不明确。
H1.2,家内标准差越大，抑郁越高,10/10可采用；只覆盖观测Z₀，不等同于潜IZ或SZ。路径与区间见表4。
H1.3,原始儿子−女儿差越小，抑郁越高,含不合法成员，未合并；只覆盖观测Z₀，不等同于潜IZ或SZ。
H1.4,原始老大／长子差越小，抑郁越高,两分支分别见表4；不互相替代。
H2.1,不利家内差异削弱亲近度的负向关联,0/4观测Z₀交互家族可采用；潜IZ路线未形成推断。
H2.2,较高亲近度缓冲不利家内差异的关联,当前乘积只含SX变化；较高IX水平的缓冲未检验。同一乘积不重复计为独立结果。
H3.1,直接关联的父母性别差异,未检验。
H3.2,调节关联的父母性别差异,未检验。
H4.1a,资源较好者较少受到家内差异影响,未检验。
H4.1b,资源较好者较易受到家内差异影响,未检验。
H4.2a,资源较好者：积极关系缓解与消极关系弱化两个成分更弱,原文保留，成分解释见表6；本批未检验。
H4.2b,资源较好者：积极关系缓解与消极关系弱化两个成分更强,不等同于任意同向交互的绝对幅度更大；本批未检验。
H5.1,基期、跨期和变化之间的直接关联,部分操作化；不判为三类关系同时成立。
H5.2,不同时间组合的调节关联,本批只执行SX×Z₀→SY；其他组合未检验。
