"paramHeader","param","est","se","est_se","pval"
"IX.|","X1",1,0,999,999
"IX.|","X2",1,0,999,999
"IX.|","X3",1,0,999,999
"IX.|","X4",1,0,999,999
"IX.|","X5",1,0,999,999
"SX.|","X1",0,0,999,999
"SX.|","X2",0.775,0.098,7.908,0
"SX.|","X3",0.693,0.129,5.392,0
"SX.|","X4",1.123,0.13,8.659,0
"SX.|","X5",1,0,999,999
"IY.|","Y1",1,0,999,999
"IY.|","Y2",1,0,999,999
"IY.|","Y3",1,0,999,999
"IY.|","Y4",1,0,999,999
"IY.|","Y5",1,0,999,999
"SY.|","Y1",0,0,999,999
"SY.|","Y2",0.4,0,999,999
"SY.|","Y3",0.6,0,999,999
"SY.|","Y4",0.8,0,999,999
"SY.|","Y5",1,0,999,999
"IY.ON","IX",-0.427,0.105,-4.068,0
"SY.ON","IX",0.199,0.192,1.04,0.298
"SY.ON","SX",-0.723,0.483,-1.497,0.134
"SY.ON","IY",0.427,0.138,3.094,0.002
"IX.ON","C1",-0.141,0.031,-4.538,0
"IX.ON","C2",0.092,0.048,1.92,0.055
"IX.ON","C3",-0.023,0.047,-0.489,0.625
"IX.ON","C4",-0.045,0.045,-1.008,0.313
"IX.ON","C5",-0.078,0.052,-1.492,0.136
"IX.ON","C6",0.009,0.022,0.397,0.691
"IX.ON","C7",-0.001,0.005,-0.186,0.853
"IX.ON","C8",-0.245,0.055,-4.473,0
"IX.ON","C9",0.106,0.069,1.54,0.124
"IX.ON","C10",-0.075,0.174,-0.431,0.666
"IX.ON","C11",-0.074,0.059,-1.256,0.209
"IX.ON","C12",0.01,0.017,0.586,0.558
"IX.ON","C13",0.041,0.021,1.935,0.053
"IX.ON","C14",0.009,0.045,0.197,0.844
"IX.ON","C15",-0.05,0.046,-1.094,0.274
"IX.ON","C16",0.171,0.044,3.887,0
"IX.ON","C17",0.109,0.052,2.11,0.035
"IX.ON","C18",0.244,0.046,5.346,0
"IX.ON","C19",-0.01,0.045,-0.231,0.818
"IX.ON","C20",0.279,0.06,4.651,0
"IX.ON","C21",0.154,0.044,3.477,0.001
"IX.ON","C22",-0.109,0.057,-1.91,0.056
"IX.ON","C23",0.024,0.018,1.342,0.18
"IX.ON","C24",-0.001,0.005,-0.229,0.819
"SX.ON","C1",0.024,0.041,0.594,0.552
"SX.ON","C2",-0.023,0.06,-0.379,0.705
"SX.ON","C3",0.033,0.06,0.558,0.577
"SX.ON","C4",0.12,0.055,2.191,0.028
"SX.ON","C5",-0.015,0.066,-0.225,0.822
"SX.ON","C6",-0.029,0.029,-0.986,0.324
"SX.ON","C7",0,0.007,0.037,0.971
"SX.ON","C8",0.053,0.069,0.768,0.442
"SX.ON","C9",0.008,0.087,0.097,0.922
"SX.ON","C10",-0.136,0.314,-0.433,0.665
"SX.ON","C11",-0.001,0.082,-0.015,0.988
"SX.ON","C12",0.016,0.024,0.692,0.489
"SX.ON","C13",-0.021,0.023,-0.905,0.366
"SX.ON","C14",-0.026,0.056,-0.467,0.64
"SX.ON","C15",0.034,0.059,0.572,0.568
"SX.ON","C16",-0.063,0.057,-1.103,0.27
"SX.ON","C17",0.047,0.07,0.666,0.506
"SX.ON","C18",-0.123,0.058,-2.098,0.036
"SX.ON","C19",-0.014,0.06,-0.232,0.816
"SX.ON","C20",-0.103,0.072,-1.426,0.154
"SX.ON","C21",-0.055,0.057,-0.965,0.334
"SX.ON","C22",0.128,0.068,1.872,0.061
"SX.ON","C23",-0.057,0.027,-2.1,0.036
"SX.ON","C24",0.006,0.006,0.984,0.325
"IY.ON","C1",-0.229,0.034,-6.828,0
"IY.ON","C2",-0.058,0.04,-1.468,0.142
"IY.ON","C3",-0.173,0.041,-4.278,0
"IY.ON","C4",-0.066,0.04,-1.654,0.098
"IY.ON","C5",0.235,0.048,4.933,0
"IY.ON","C6",-0.002,0.02,-0.124,0.901
"IY.ON","C7",0.008,0.005,1.589,0.112
"IY.ON","C8",-0.062,0.055,-1.139,0.255
"IY.ON","C9",0.109,0.066,1.658,0.097
"IY.ON","C10",0.014,0.206,0.07,0.944
"IY.ON","C11",-0.132,0.057,-2.301,0.021
"IY.ON","C12",-0.057,0.017,-3.416,0.001
"IY.ON","C13",-0.007,0.016,-0.475,0.635
"IY.ON","C14",0.091,0.038,2.364,0.018
"IY.ON","C15",0.482,0.044,10.967,0
"IY.ON","C16",-0.082,0.041,-1.987,0.047
"IY.ON","C17",-0.204,0.051,-3.988,0
"IY.ON","C18",0.052,0.047,1.122,0.262
"IY.ON","C19",0.064,0.045,1.438,0.151
"IY.ON","C20",0.114,0.061,1.854,0.064
"IY.ON","C21",0.047,0.044,1.075,0.283
"IY.ON","C22",-0.032,0.049,-0.665,0.506
"IY.ON","C23",0.131,0.023,5.827,0
"IY.ON","C24",-0.012,0.004,-2.856,0.004
"SY.ON","C1",0.061,0.08,0.771,0.441
"SY.ON","C2",-0.002,0.087,-0.024,0.981
"SY.ON","C3",0.115,0.092,1.247,0.213
"SY.ON","C4",0.245,0.102,2.395,0.017
"SY.ON","C5",-0.202,0.102,-1.978,0.048
"SY.ON","C6",0.037,0.047,0.798,0.425
"SY.ON","C7",-0.017,0.01,-1.654,0.098
"SY.ON","C8",0.091,0.125,0.727,0.467
"SY.ON","C9",-0.161,0.13,-1.235,0.217
"SY.ON","C10",0.184,0.405,0.455,0.649
"SY.ON","C11",0.265,0.137,1.926,0.054
"SY.ON","C12",0.06,0.038,1.585,0.113
"SY.ON","C13",0.017,0.037,0.457,0.648
"SY.ON","C14",-0.192,0.086,-2.248,0.025
"SY.ON","C15",-0.434,0.12,-3.602,0
"SY.ON","C16",-0.034,0.102,-0.331,0.741
"SY.ON","C17",0.281,0.112,2.506,0.012
"SY.ON","C18",-0.034,0.123,-0.273,0.785
"SY.ON","C19",0.065,0.097,0.667,0.505
"SY.ON","C20",-0.201,0.143,-1.407,0.159
"SY.ON","C21",-0.023,0.098,-0.238,0.812
"SY.ON","C22",0.224,0.129,1.731,0.083
"SY.ON","C23",-0.162,0.057,-2.841,0.005
"SY.ON","C24",0.011,0.009,1.21,0.226
"IX.WITH","SX",-0.025,0.071,-0.351,0.726
"SX.WITH","IY",-0.013,0.028,-0.463,0.644
"Intercepts","X1",0,0,999,999
"Intercepts","X2",0,0,999,999
"Intercepts","X3",0,0,999,999
"Intercepts","X4",0,0,999,999
"Intercepts","X5",0,0,999,999
"Intercepts","Y1",0,0,999,999
"Intercepts","Y2",0,0,999,999
"Intercepts","Y3",0,0,999,999
"Intercepts","Y4",0,0,999,999
"Intercepts","Y5",0,0,999,999
"Intercepts","IX",-0.125,0.114,-1.089,0.276
"Intercepts","SX",0.193,0.142,1.365,0.172
"Intercepts","IY",0.241,0.102,2.356,0.018
"Intercepts","SY",-0.07,0.246,-0.285,0.775
"Residual.Variances","X1",0.681,0.068,10.015,0
"Residual.Variances","X2",0.655,0.025,26.261,0
"Residual.Variances","X3",0.545,0.023,23.418,0
"Residual.Variances","X4",0.532,0.052,10.276,0
"Residual.Variances","X5",0.5,0.037,13.422,0
"Residual.Variances","Y1",0.546,0.025,21.563,0
"Residual.Variances","Y2",0.632,0.025,25.537,0
"Residual.Variances","Y3",0.576,0.028,20.562,0
"Residual.Variances","Y4",0.58,0.038,15.124,0
"Residual.Variances","Y5",0.605,0.052,11.561,0
"Residual.Variances","IX",0.244,0.062,3.912,0
"Residual.Variances","SX",0.125,0.081,1.538,0.124
"Residual.Variances","IY",0.197,0.02,9.897,0
"Residual.Variances","SY",0,0,999,999
