id,status,CFI,TLI,RMSEA : Estimate,SRMR,H0 Loglikelihood,Number of Free Parameters
CFPS_OLDEST_E0_01_base,USABLE,0.9779457,0.96405515,0.013071126,0.022804563,-26936.163,134.0
CFPS_OLDEST_E0_02_base,USABLE,0.97721237,0.96285993,0.013314752,0.022901263,-26930.323,134.0
CFPS_OLDEST_E0_03_base,USABLE,0.97780612,0.96382765,0.013119128,0.022850167,-26936.548,134.0
CFPS_OLDEST_E0_04_base,USABLE,0.97699036,0.96249809,0.013372425,0.022951498,-26933.081,134.0
CFPS_OLDEST_E0_05_base,USABLE,0.97697471,0.9624726,0.01336776,0.022916475,-26937.304,134.0
CFPS_OLDEST_E0_06_base,INADMISSIBLE_SY_ONLY,0.97778667,0.96379595,0.013143749,0.022871673,-26927.866,134.0
CFPS_SD_E0_01_base,USABLE,0.98545127,0.97628799,0.010753087,0.021832375,-27662.43,134.0
CFPS_SD_E0_02_base,USABLE,0.98483851,0.97528929,0.010997217,0.021923663,-27657.251,134.0
CFPS_SD_E0_03_base,USABLE,0.9854104,0.97622137,0.010773875,0.021889669,-27662.818,134.0
CFPS_SD_E0_04_base,USABLE,0.98464355,0.97497153,0.011061854,0.0219836,-27659.761,134.0
CFPS_SD_E0_05_base,USABLE,0.98454361,0.97480865,0.011093762,0.021975679,-27663.412,134.0
CFPS_SD_E0_06_base,USABLE,0.98520452,0.97588581,0.01086159,0.021901958,-27654.823,134.0
CFPS_SD_E0_07_base,USABLE,0.98456651,0.97484597,0.01108032,0.021981729,-27661.846,134.0
CFPS_SD_E0_08_base,USABLE,0.98395585,0.97385069,0.011305558,0.02201895,-27662.163,134.0
CFPS_SD_E0_09_base,USABLE,0.9845065,0.97474817,0.011107513,0.022000498,-27661.733,134.0
CFPS_SD_E0_10_base,USABLE,0.9844905,0.97472209,0.011127983,0.021971862,-27653.558,134.0
CFPS_SEXGAP_E0_01_base,INADMISSIBLE,0.97831819,0.96471895,0.012907232,0.027483628,-19376.12,126.0
CFPS_SEXGAP_E0_01_repair_start,INADMISSIBLE,0.97832767,0.96473437,0.01290441,0.027483629,-19376.12,126.0
CFPS_SONGAP_E0_01_base,INADMISSIBLE_SY_ONLY,0.98221915,0.97104262,0.011727155,0.023455433,-24598.331,130.0
CFPS_SONGAP_E0_01_repair_start,INADMISSIBLE_SY_ONLY,0.98221902,0.9710424,0.0117272,0.023455472,-24598.331,130.0
