"z","year","N_observed","N_in_baseline_sample","N_missing_in_baseline_sample","ratio_mean","ratio_sd","share_zero","min","p10","median","p90","max"
"SD",2012,3274,3274,0,4.85780660460734,10.2070583983168,0.756261453879047,-0.475926208613484,-0.475926208613484,-0.475926208613484,1.22098856368032,8.76090764355735
"SD",2016,3003,3003,271,4.74156721863406,10.7548619433722,0.76956376956377,-0.475926208613484,-0.475926208613484,-0.475926208613484,1.06672351416522,8.76090764355735
"SD",2018,2248,2248,1026,6.88771870127563,11.490546895177,0.645462633451957,-0.475926208613484,-0.475926208613484,-0.475926208613484,1.50339533113741,8.76090764355735
"SD",2020,1097,1097,2177,6.91786297186156,12.4025224923184,0.662716499544212,-0.475926208613484,-0.475926208613484,-0.475926208613484,1.50339533113741,8.76090764355735
"SD",2022,895,895,2379,8.21282001986421,13.7840855915135,0.608938547486033,-0.475926208613484,-0.475926208613484,-0.475926208613484,1.64521714296678,9.22072973214526
"SEXGAP",2012,2339,2339,0,-0.952219362132148,15.0211286862575,0.744335185976913,-8.9397777956806,-0.764159150239582,-0.0633919981661108,0.935201427862592,8.6743000108587
"SEXGAP",2016,2140,2136,203,-1.2559281454879,14.7522188272179,0.760299625468165,-6.967248088743,-0.462829374291589,-0.0633919981661108,0.8444201659943,9.92254202403769
"SEXGAP",2018,1586,1582,757,-1.85959832355481,16.5068035111455,0.632743362831858,-8.9397777956806,-0.846602509711507,-0.0633919981661108,1.41600563475297,7.92535521959693
"SEXGAP",2020,739,737,1602,-2.58277734277686,17.2642537011051,0.654002713704206,-8.9397777956806,-0.776673024046303,-0.0633919981661108,1.41600563475297,8.81299379934838
"SEXGAP",2022,607,606,1733,-2.61997645027099,20.2698102479462,0.577557755775578,-8.9397777956806,-1.04965685163491,-0.0633919981661108,1.44445556105666,11.349104415917
"OLDEST",2012,3159,3159,0,-0.830398112173222,14.5684128834059,0.764165875276986,-9.20922083409135,-0.0569999023791455,-0.0569999023791455,0.735019187660247,9.09522102933306
"OLDEST",2016,2848,2747,412,-1.13405186741797,15.8163631585774,0.77466326902075,-10.3532484505554,-0.0569999023791455,-0.0569999023791455,0.735019187660247,9.09522102933306
"OLDEST",2018,2116,2067,1092,-0.731483928820484,17.2760184361912,0.660861151427189,-8.29399874092013,-1.073913096785,-0.0569999023791455,1.41389279745862,9.09522102933306
"OLDEST",2020,1037,1024,2135,-0.145377007190811,19.0670215606188,0.6689453125,-9.20922083409135,-1.33809087735331,-0.0569999023791455,1.38808761315436,9.09522102933306
"OLDEST",2022,845,830,2329,-2.41437969692725,21.7198690841112,0.618072289156626,-11.8241415010813,-1.073913096785,-0.0569999023791455,1.46837025290622,10.2392486457971
"SONGAP",2012,2894,2894,0,-0.86581374017909,15.3711748475785,0.75984796129924,-8.73057189214485,-0.484332607297606,-0.0563271024345604,0.907477644410903,8.61791768727573
"SONGAP",2016,2573,2478,416,-1.22101403395707,15.2663424449538,0.768765133171913,-6.80296239845392,-0.484332607297606,-0.0563271024345604,0.694328669141094,8.61791768727573
"SONGAP",2018,1914,1867,1027,-1.73081932848157,18.0591043121944,0.654525977504017,-8.73057189214485,-0.943465754881264,-0.0563271024345604,1.38938036251716,7.7504932083047
"SONGAP",2020,923,911,1983,-2.56977682355315,19.4277170114331,0.659714599341383,-8.73057189214485,-0.943465754881264,-0.0563271024345604,1.38938036251716,8.61791768727573
"SONGAP",2022,758,744,2150,-2.63811285793131,22.1185890874723,0.602150537634409,-8.73057189214485,-1.02013184928002,-0.0563271024345604,1.38938036251716,9.70219828598952
