"","X1","X2","X3","X4","X5","Y1","Y2","Y3","Y4","Y5","Z1","Z2","Z3","Z4","Z5"
"X1",0.7205361,0,0,0,0,-0.023542827,0,0,0,0,0.00094897358,0,0,0,0
"X2",0,0.66853929,0,0,0,0,-0.059441769,0,0,0,0,-0.018947783,0,0,0
"X3",0,0,0.55419064,0,0,0,0,-0.042571686,0,0,0,0,0.0011614298,0,0
"X4",0,0,0,0.61796484,0,0,0,0,-0.071683045,0,0,0,0,-0.032874694,0
"X5",0,0,0,0,0.52324365,0,0,0,0,-0.02642748,0,0,0,0,-0.051779047
"Y1",-0.023542827,0,0,0,0,0.54633569,0,0,0,0,0.029984922,0,0,0,0
"Y2",0,-0.059441769,0,0,0,0,0.60734371,0,0,0,0,-0.04411673,0,0,0
"Y3",0,0,-0.042571686,0,0,0,0,0.52244931,0,0,0,0,-0.023287635,0,0
"Y4",0,0,0,-0.071683045,0,0,0,0,0.63560976,0,0,0,0,0.0019042062,0
"Y5",0,0,0,0,-0.02642748,0,0,0,0,0.64145138,0,0,0,0,0.097837764
"Z1",0.00094897358,0,0,0,0,0.029984922,0,0,0,0,0.9636807,0,0,0,0
"Z2",0,-0.018947783,0,0,0,0,-0.04411673,0,0,0,0,0.81713544,0,0,0
"Z3",0,0,0.0011614298,0,0,0,0,-0.023287635,0,0,0,0,1.0586707,0,0
"Z4",0,0,0,-0.032874694,0,0,0,0,0.0019042062,0,0,0,0,1.0815327,0
"Z5",0,0,0,0,-0.051779047,0,0,0,0,0.097837764,0,0,0,0,1.4637604
