"op","lhs","rhs","init","key","value","source_value","action","source_sha256"
"BY","SX","X2",0.4,"BY:SX:X2",0.77739626,0.77739626,"mapped_high_precision","8d9b8856aebc923630a64a469a638996eb852068eae53c48e5fd2d4b0aeba435"
"BY","SX","X3",0.6,"BY:SX:X3",0.68766749,0.68766749,"mapped_high_precision","8d9b8856aebc923630a64a469a638996eb852068eae53c48e5fd2d4b0aeba435"
"BY","SX","X4",0.8,"BY:SX:X4",1.126757,1.126757,"mapped_high_precision","8d9b8856aebc923630a64a469a638996eb852068eae53c48e5fd2d4b0aeba435"
"MEAN","IX","",0,"MEAN:IX:",-0.15162268,-0.15162268,"mapped_high_precision","8d9b8856aebc923630a64a469a638996eb852068eae53c48e5fd2d4b0aeba435"
"MEAN","SX","",0,"MEAN:SX:",0.20861202,0.20861202,"mapped_high_precision","8d9b8856aebc923630a64a469a638996eb852068eae53c48e5fd2d4b0aeba435"
"MEAN","IY","",0,"MEAN:IY:",0.24107698,0.24107698,"mapped_high_precision","8d9b8856aebc923630a64a469a638996eb852068eae53c48e5fd2d4b0aeba435"
"MEAN","SY","",0,"MEAN:SY:",-0.15096569,-0.15096569,"mapped_high_precision","8d9b8856aebc923630a64a469a638996eb852068eae53c48e5fd2d4b0aeba435"
"VAR","X1","",0.5,"VAR:X1:",0.69474345,0.69474345,"mapped_high_precision","8d9b8856aebc923630a64a469a638996eb852068eae53c48e5fd2d4b0aeba435"
"VAR","X2","",0.5,"VAR:X2:",0.65620005,0.65620005,"mapped_high_precision","8d9b8856aebc923630a64a469a638996eb852068eae53c48e5fd2d4b0aeba435"
"VAR","X3","",0.5,"VAR:X3:",0.5453732,0.5453732,"mapped_high_precision","8d9b8856aebc923630a64a469a638996eb852068eae53c48e5fd2d4b0aeba435"
"VAR","X4","",0.5,"VAR:X4:",0.53352362,0.53352362,"mapped_high_precision","8d9b8856aebc923630a64a469a638996eb852068eae53c48e5fd2d4b0aeba435"
"VAR","X5","",0.5,"VAR:X5:",0.50153238,0.50153238,"mapped_high_precision","8d9b8856aebc923630a64a469a638996eb852068eae53c48e5fd2d4b0aeba435"
"VAR","Y1","",0.5,"VAR:Y1:",0.55433172,0.55433172,"mapped_high_precision","8d9b8856aebc923630a64a469a638996eb852068eae53c48e5fd2d4b0aeba435"
"VAR","Y2","",0.5,"VAR:Y2:",0.63508999,0.63508999,"mapped_high_precision","8d9b8856aebc923630a64a469a638996eb852068eae53c48e5fd2d4b0aeba435"
"VAR","Y3","",0.5,"VAR:Y3:",0.57490152,0.57490152,"mapped_high_precision","8d9b8856aebc923630a64a469a638996eb852068eae53c48e5fd2d4b0aeba435"
"VAR","Y4","",0.5,"VAR:Y4:",0.58348083,0.58348083,"mapped_high_precision","8d9b8856aebc923630a64a469a638996eb852068eae53c48e5fd2d4b0aeba435"
"VAR","Y5","",0.5,"VAR:Y5:",0.61259276,0.61259276,"mapped_high_precision","8d9b8856aebc923630a64a469a638996eb852068eae53c48e5fd2d4b0aeba435"
"VAR","IX","",0.1,"VAR:IX:",0.22963953,0.22963953,"mapped_high_precision","8d9b8856aebc923630a64a469a638996eb852068eae53c48e5fd2d4b0aeba435"
"VAR","SX","",0.1,"VAR:SX:",0.10214575,0.10214575,"mapped_high_precision","8d9b8856aebc923630a64a469a638996eb852068eae53c48e5fd2d4b0aeba435"
"VAR","IY","",0.1,"VAR:IY:",0.2068657,0.2068657,"mapped_high_precision","8d9b8856aebc923630a64a469a638996eb852068eae53c48e5fd2d4b0aeba435"
"VAR","SY","",0.1,"VAR:SY:",0.032750063,0.032750063,"mapped_high_precision","8d9b8856aebc923630a64a469a638996eb852068eae53c48e5fd2d4b0aeba435"
"ON","IY","IX",0,"ON:IY:IX",-0.34765372,-0.34765372,"mapped_high_precision","8d9b8856aebc923630a64a469a638996eb852068eae53c48e5fd2d4b0aeba435"
"ON","SY","IX",0,"ON:SY:IX",0.096652642,0.096652642,"mapped_high_precision","8d9b8856aebc923630a64a469a638996eb852068eae53c48e5fd2d4b0aeba435"
"ON","SY","SX",0,"ON:SY:SX",-0.23899694,-0.23899694,"mapped_high_precision","8d9b8856aebc923630a64a469a638996eb852068eae53c48e5fd2d4b0aeba435"
"ON","SY","IY",0,"ON:SY:IY",0.42362383,0.42362383,"mapped_high_precision","8d9b8856aebc923630a64a469a638996eb852068eae53c48e5fd2d4b0aeba435"
"WITH","IX","SX",0,"WITH:IX:SX",-0.0078531224,-0.0078531224,"mapped_high_precision","8d9b8856aebc923630a64a469a638996eb852068eae53c48e5fd2d4b0aeba435"
"ON","IX","C1",0,"ON:IX:C1",-0.14139919,-0.14139919,"mapped_high_precision","8d9b8856aebc923630a64a469a638996eb852068eae53c48e5fd2d4b0aeba435"
"ON","SX","C1",0,"ON:SX:C1",0.023843843,0.023843843,"mapped_high_precision","8d9b8856aebc923630a64a469a638996eb852068eae53c48e5fd2d4b0aeba435"
"ON","IY","C1",0,"ON:IY:C1",-0.21864058,-0.21864058,"mapped_high_precision","8d9b8856aebc923630a64a469a638996eb852068eae53c48e5fd2d4b0aeba435"
"ON","SY","C1",0,"ON:SY:C1",0.034507722,0.034507722,"mapped_high_precision","8d9b8856aebc923630a64a469a638996eb852068eae53c48e5fd2d4b0aeba435"
"ON","IX","C2",0,"ON:IX:C2",0.092178836,0.092178836,"mapped_high_precision","8d9b8856aebc923630a64a469a638996eb852068eae53c48e5fd2d4b0aeba435"
"ON","SX","C2",0,"ON:SX:C2",-0.023614904,-0.023614904,"mapped_high_precision","8d9b8856aebc923630a64a469a638996eb852068eae53c48e5fd2d4b0aeba435"
"ON","IY","C2",0,"ON:IY:C2",-0.063789926,-0.063789926,"mapped_high_precision","8d9b8856aebc923630a64a469a638996eb852068eae53c48e5fd2d4b0aeba435"
"ON","SY","C2",0,"ON:SY:C2",0.012416005,0.012416005,"mapped_high_precision","8d9b8856aebc923630a64a469a638996eb852068eae53c48e5fd2d4b0aeba435"
"ON","IX","C3",0,"ON:IX:C3",-0.019850042,-0.019850042,"mapped_high_precision","8d9b8856aebc923630a64a469a638996eb852068eae53c48e5fd2d4b0aeba435"
"ON","SX","C3",0,"ON:SX:C3",0.031086419,0.031086419,"mapped_high_precision","8d9b8856aebc923630a64a469a638996eb852068eae53c48e5fd2d4b0aeba435"
"ON","IY","C3",0,"ON:IY:C3",-0.16726221,-0.16726221,"mapped_high_precision","8d9b8856aebc923630a64a469a638996eb852068eae53c48e5fd2d4b0aeba435"
"ON","SY","C3",0,"ON:SY:C3",0.090578921,0.090578921,"mapped_high_precision","8d9b8856aebc923630a64a469a638996eb852068eae53c48e5fd2d4b0aeba435"
"ON","IX","C4",0,"ON:IX:C4",-0.046239343,-0.046239343,"mapped_high_precision","8d9b8856aebc923630a64a469a638996eb852068eae53c48e5fd2d4b0aeba435"
"ON","SX","C4",0,"ON:SX:C4",0.12312764,0.12312764,"mapped_high_precision","8d9b8856aebc923630a64a469a638996eb852068eae53c48e5fd2d4b0aeba435"
"ON","IY","C4",0,"ON:IY:C4",-0.063135423,-0.063135423,"mapped_high_precision","8d9b8856aebc923630a64a469a638996eb852068eae53c48e5fd2d4b0aeba435"
"ON","SY","C4",0,"ON:SY:C4",0.18382496,0.18382496,"mapped_high_precision","8d9b8856aebc923630a64a469a638996eb852068eae53c48e5fd2d4b0aeba435"
"ON","IX","C5",0,"ON:IX:C5",-0.08142706,-0.08142706,"mapped_high_precision","8d9b8856aebc923630a64a469a638996eb852068eae53c48e5fd2d4b0aeba435"
"ON","SX","C5",0,"ON:SX:C5",-0.0089404052,-0.0089404052,"mapped_high_precision","8d9b8856aebc923630a64a469a638996eb852068eae53c48e5fd2d4b0aeba435"
"ON","IY","C5",0,"ON:IY:C5",0.23935765,0.23935765,"mapped_high_precision","8d9b8856aebc923630a64a469a638996eb852068eae53c48e5fd2d4b0aeba435"
"ON","SY","C5",0,"ON:SY:C5",-0.19958754,-0.19958754,"mapped_high_precision","8d9b8856aebc923630a64a469a638996eb852068eae53c48e5fd2d4b0aeba435"
"ON","IX","C6",0,"ON:IX:C6",0.0074482188,0.0074482188,"mapped_high_precision","8d9b8856aebc923630a64a469a638996eb852068eae53c48e5fd2d4b0aeba435"
"ON","SX","C6",0,"ON:SX:C6",-0.02617,-0.02617,"mapped_high_precision","8d9b8856aebc923630a64a469a638996eb852068eae53c48e5fd2d4b0aeba435"
"ON","IY","C6",0,"ON:IY:C6",-0.0026686473,-0.0026686473,"mapped_high_precision","8d9b8856aebc923630a64a469a638996eb852068eae53c48e5fd2d4b0aeba435"
"ON","SY","C6",0,"ON:SY:C6",0.047474444,0.047474444,"mapped_high_precision","8d9b8856aebc923630a64a469a638996eb852068eae53c48e5fd2d4b0aeba435"
"ON","IX","C7",0,"ON:IX:C7",-0.00085593452,-0.00085593452,"mapped_high_precision","8d9b8856aebc923630a64a469a638996eb852068eae53c48e5fd2d4b0aeba435"
"ON","SX","C7",0,"ON:SX:C7",1.625711e-05,1.625711e-05,"mapped_high_precision","8d9b8856aebc923630a64a469a638996eb852068eae53c48e5fd2d4b0aeba435"
"ON","IY","C7",0,"ON:IY:C7",0.0076993522,0.0076993522,"mapped_high_precision","8d9b8856aebc923630a64a469a638996eb852068eae53c48e5fd2d4b0aeba435"
"ON","SY","C7",0,"ON:SY:C7",-0.015955329,-0.015955329,"mapped_high_precision","8d9b8856aebc923630a64a469a638996eb852068eae53c48e5fd2d4b0aeba435"
"ON","IX","C8",0,"ON:IX:C8",-0.24601401,-0.24601401,"mapped_high_precision","8d9b8856aebc923630a64a469a638996eb852068eae53c48e5fd2d4b0aeba435"
"ON","SX","C8",0,"ON:SX:C8",0.055487778,0.055487778,"mapped_high_precision","8d9b8856aebc923630a64a469a638996eb852068eae53c48e5fd2d4b0aeba435"
"ON","IY","C8",0,"ON:IY:C8",-0.043485239,-0.043485239,"mapped_high_precision","8d9b8856aebc923630a64a469a638996eb852068eae53c48e5fd2d4b0aeba435"
"ON","SY","C8",0,"ON:SY:C8",0.040977016,0.040977016,"mapped_high_precision","8d9b8856aebc923630a64a469a638996eb852068eae53c48e5fd2d4b0aeba435"
"ON","IX","C9",0,"ON:IX:C9",0.10858797,0.10858797,"mapped_high_precision","8d9b8856aebc923630a64a469a638996eb852068eae53c48e5fd2d4b0aeba435"
"ON","SX","C9",0,"ON:SX:C9",0.0065756873,0.0065756873,"mapped_high_precision","8d9b8856aebc923630a64a469a638996eb852068eae53c48e5fd2d4b0aeba435"
"ON","IY","C9",0,"ON:IY:C9",0.09961208,0.09961208,"mapped_high_precision","8d9b8856aebc923630a64a469a638996eb852068eae53c48e5fd2d4b0aeba435"
"ON","SY","C9",0,"ON:SY:C9",-0.15078327,-0.15078327,"mapped_high_precision","8d9b8856aebc923630a64a469a638996eb852068eae53c48e5fd2d4b0aeba435"
"ON","IX","C10",0,"ON:IX:C10",-0.078004256,-0.078004256,"mapped_high_precision","8d9b8856aebc923630a64a469a638996eb852068eae53c48e5fd2d4b0aeba435"
"ON","SX","C10",0,"ON:SX:C10",-0.12978588,-0.12978588,"mapped_high_precision","8d9b8856aebc923630a64a469a638996eb852068eae53c48e5fd2d4b0aeba435"
"ON","IY","C10",0,"ON:IY:C10",0.024657637,0.024657637,"mapped_high_precision","8d9b8856aebc923630a64a469a638996eb852068eae53c48e5fd2d4b0aeba435"
"ON","SY","C10",0,"ON:SY:C10",0.1951443,0.1951443,"mapped_high_precision","8d9b8856aebc923630a64a469a638996eb852068eae53c48e5fd2d4b0aeba435"
"ON","IX","C11",0,"ON:IX:C11",-0.076085605,-0.076085605,"mapped_high_precision","8d9b8856aebc923630a64a469a638996eb852068eae53c48e5fd2d4b0aeba435"
"ON","SX","C11",0,"ON:SX:C11",0.004765084,0.004765084,"mapped_high_precision","8d9b8856aebc923630a64a469a638996eb852068eae53c48e5fd2d4b0aeba435"
"ON","IY","C11",0,"ON:IY:C11",-0.12379527,-0.12379527,"mapped_high_precision","8d9b8856aebc923630a64a469a638996eb852068eae53c48e5fd2d4b0aeba435"
"ON","SY","C11",0,"ON:SY:C11",0.25675976,0.25675976,"mapped_high_precision","8d9b8856aebc923630a64a469a638996eb852068eae53c48e5fd2d4b0aeba435"
"ON","IX","C12",0,"ON:IX:C12",0.027059902,0.027059902,"mapped_high_precision","8d9b8856aebc923630a64a469a638996eb852068eae53c48e5fd2d4b0aeba435"
"ON","SX","C12",0,"ON:SX:C12",0.0023689007,0.0023689007,"mapped_high_precision","8d9b8856aebc923630a64a469a638996eb852068eae53c48e5fd2d4b0aeba435"
"ON","IY","C12",0,"ON:IY:C12",-0.051094193,-0.051094193,"mapped_high_precision","8d9b8856aebc923630a64a469a638996eb852068eae53c48e5fd2d4b0aeba435"
"ON","SY","C12",0,"ON:SY:C12",0.041590609,0.041590609,"mapped_high_precision","8d9b8856aebc923630a64a469a638996eb852068eae53c48e5fd2d4b0aeba435"
"ON","IX","C13",0,"ON:IX:C13",0.038198236,0.038198236,"mapped_high_precision","8d9b8856aebc923630a64a469a638996eb852068eae53c48e5fd2d4b0aeba435"
"ON","SX","C13",0,"ON:SX:C13",-0.016884537,-0.016884537,"mapped_high_precision","8d9b8856aebc923630a64a469a638996eb852068eae53c48e5fd2d4b0aeba435"
"ON","IY","C13",0,"ON:IY:C13",-0.01357105,-0.01357105,"mapped_high_precision","8d9b8856aebc923630a64a469a638996eb852068eae53c48e5fd2d4b0aeba435"
"ON","SY","C13",0,"ON:SY:C13",0.037658855,0.037658855,"mapped_high_precision","8d9b8856aebc923630a64a469a638996eb852068eae53c48e5fd2d4b0aeba435"
"ON","IX","C14",0,"ON:IX:C14",0.011292196,0.011292196,"mapped_high_precision","8d9b8856aebc923630a64a469a638996eb852068eae53c48e5fd2d4b0aeba435"
"ON","SX","C14",0,"ON:SX:C14",-0.031407207,-0.031407207,"mapped_high_precision","8d9b8856aebc923630a64a469a638996eb852068eae53c48e5fd2d4b0aeba435"
"ON","IY","C14",0,"ON:IY:C14",0.092480756,0.092480756,"mapped_high_precision","8d9b8856aebc923630a64a469a638996eb852068eae53c48e5fd2d4b0aeba435"
"ON","SY","C14",0,"ON:SY:C14",-0.17953598,-0.17953598,"mapped_high_precision","8d9b8856aebc923630a64a469a638996eb852068eae53c48e5fd2d4b0aeba435"
"ON","IX","C15",0,"ON:IX:C15",-0.051507842,-0.051507842,"mapped_high_precision","8d9b8856aebc923630a64a469a638996eb852068eae53c48e5fd2d4b0aeba435"
"ON","SX","C15",0,"ON:SX:C15",0.041104607,0.041104607,"mapped_high_precision","8d9b8856aebc923630a64a469a638996eb852068eae53c48e5fd2d4b0aeba435"
"ON","IY","C15",0,"ON:IY:C15",0.48386249,0.48386249,"mapped_high_precision","8d9b8856aebc923630a64a469a638996eb852068eae53c48e5fd2d4b0aeba435"
"ON","SY","C15",0,"ON:SY:C15",-0.4522818,-0.4522818,"mapped_high_precision","8d9b8856aebc923630a64a469a638996eb852068eae53c48e5fd2d4b0aeba435"
"ON","IX","C16",0,"ON:IX:C16",0.16702245,0.16702245,"mapped_high_precision","8d9b8856aebc923630a64a469a638996eb852068eae53c48e5fd2d4b0aeba435"
"ON","SX","C16",0,"ON:SX:C16",-0.057488859,-0.057488859,"mapped_high_precision","8d9b8856aebc923630a64a469a638996eb852068eae53c48e5fd2d4b0aeba435"
"ON","IY","C16",0,"ON:IY:C16",-0.09551917,-0.09551917,"mapped_high_precision","8d9b8856aebc923630a64a469a638996eb852068eae53c48e5fd2d4b0aeba435"
"ON","SY","C16",0,"ON:SY:C16",0.012974393,0.012974393,"mapped_high_precision","8d9b8856aebc923630a64a469a638996eb852068eae53c48e5fd2d4b0aeba435"
"ON","IX","C17",0,"ON:IX:C17",0.10951159,0.10951159,"mapped_high_precision","8d9b8856aebc923630a64a469a638996eb852068eae53c48e5fd2d4b0aeba435"
"ON","SX","C17",0,"ON:SX:C17",0.045021035,0.045021035,"mapped_high_precision","8d9b8856aebc923630a64a469a638996eb852068eae53c48e5fd2d4b0aeba435"
"ON","IY","C17",0,"ON:IY:C17",-0.21412434,-0.21412434,"mapped_high_precision","8d9b8856aebc923630a64a469a638996eb852068eae53c48e5fd2d4b0aeba435"
"ON","SY","C17",0,"ON:SY:C17",0.27092025,0.27092025,"mapped_high_precision","8d9b8856aebc923630a64a469a638996eb852068eae53c48e5fd2d4b0aeba435"
"ON","IX","C18",0,"ON:IX:C18",0.24233013,0.24233013,"mapped_high_precision","8d9b8856aebc923630a64a469a638996eb852068eae53c48e5fd2d4b0aeba435"
"ON","SX","C18",0,"ON:SX:C18",-0.11904123,-0.11904123,"mapped_high_precision","8d9b8856aebc923630a64a469a638996eb852068eae53c48e5fd2d4b0aeba435"
"ON","IY","C18",0,"ON:IY:C18",0.032911271,0.032911271,"mapped_high_precision","8d9b8856aebc923630a64a469a638996eb852068eae53c48e5fd2d4b0aeba435"
"ON","SY","C18",0,"ON:SY:C18",0.051144622,0.051144622,"mapped_high_precision","8d9b8856aebc923630a64a469a638996eb852068eae53c48e5fd2d4b0aeba435"
"ON","IX","C19",0,"ON:IX:C19",-0.0094067641,-0.0094067641,"mapped_high_precision","8d9b8856aebc923630a64a469a638996eb852068eae53c48e5fd2d4b0aeba435"
"ON","SX","C19",0,"ON:SX:C19",-0.016325882,-0.016325882,"mapped_high_precision","8d9b8856aebc923630a64a469a638996eb852068eae53c48e5fd2d4b0aeba435"
"ON","IY","C19",0,"ON:IY:C19",0.065849349,0.065849349,"mapped_high_precision","8d9b8856aebc923630a64a469a638996eb852068eae53c48e5fd2d4b0aeba435"
"ON","SY","C19",0,"ON:SY:C19",0.066213094,0.066213094,"mapped_high_precision","8d9b8856aebc923630a64a469a638996eb852068eae53c48e5fd2d4b0aeba435"
"ON","IX","C20",0,"ON:IX:C20",0.27646375,0.27646375,"mapped_high_precision","8d9b8856aebc923630a64a469a638996eb852068eae53c48e5fd2d4b0aeba435"
"ON","SX","C20",0,"ON:SX:C20",-0.10260447,-0.10260447,"mapped_high_precision","8d9b8856aebc923630a64a469a638996eb852068eae53c48e5fd2d4b0aeba435"
"ON","IY","C20",0,"ON:IY:C20",0.090847425,0.090847425,"mapped_high_precision","8d9b8856aebc923630a64a469a638996eb852068eae53c48e5fd2d4b0aeba435"
"ON","SY","C20",0,"ON:SY:C20",-0.11955912,-0.11955912,"mapped_high_precision","8d9b8856aebc923630a64a469a638996eb852068eae53c48e5fd2d4b0aeba435"
"ON","IX","C21",0,"ON:IX:C21",0.1517289,0.1517289,"mapped_high_precision","8d9b8856aebc923630a64a469a638996eb852068eae53c48e5fd2d4b0aeba435"
"ON","SX","C21",0,"ON:SX:C21",-0.053415563,-0.053415563,"mapped_high_precision","8d9b8856aebc923630a64a469a638996eb852068eae53c48e5fd2d4b0aeba435"
"ON","IY","C21",0,"ON:IY:C21",0.034367695,0.034367695,"mapped_high_precision","8d9b8856aebc923630a64a469a638996eb852068eae53c48e5fd2d4b0aeba435"
"ON","SY","C21",0,"ON:SY:C21",0.017167725,0.017167725,"mapped_high_precision","8d9b8856aebc923630a64a469a638996eb852068eae53c48e5fd2d4b0aeba435"
"ON","IX","C22",0,"ON:IX:C22",-0.10907191,-0.10907191,"mapped_high_precision","8d9b8856aebc923630a64a469a638996eb852068eae53c48e5fd2d4b0aeba435"
"ON","SX","C22",0,"ON:SX:C22",0.13064773,0.13064773,"mapped_high_precision","8d9b8856aebc923630a64a469a638996eb852068eae53c48e5fd2d4b0aeba435"
"ON","IY","C22",0,"ON:IY:C22",-0.024327034,-0.024327034,"mapped_high_precision","8d9b8856aebc923630a64a469a638996eb852068eae53c48e5fd2d4b0aeba435"
"ON","SY","C22",0,"ON:SY:C22",0.15138946,0.15138946,"mapped_high_precision","8d9b8856aebc923630a64a469a638996eb852068eae53c48e5fd2d4b0aeba435"
"ON","IX","C23",0,"ON:IX:C23",0.026405014,0.026405014,"mapped_high_precision","8d9b8856aebc923630a64a469a638996eb852068eae53c48e5fd2d4b0aeba435"
"ON","SX","C23",0,"ON:SX:C23",-0.065314263,-0.065314263,"mapped_high_precision","8d9b8856aebc923630a64a469a638996eb852068eae53c48e5fd2d4b0aeba435"
"ON","IY","C23",0,"ON:IY:C23",0.12766363,0.12766363,"mapped_high_precision","8d9b8856aebc923630a64a469a638996eb852068eae53c48e5fd2d4b0aeba435"
"ON","SY","C23",0,"ON:SY:C23",-0.13064647,-0.13064647,"mapped_high_precision","8d9b8856aebc923630a64a469a638996eb852068eae53c48e5fd2d4b0aeba435"
"ON","IX","C24",0,"ON:IX:C24",-0.0020946797,-0.0020946797,"mapped_high_precision","8d9b8856aebc923630a64a469a638996eb852068eae53c48e5fd2d4b0aeba435"
"ON","SX","C24",0,"ON:SX:C24",0.0072813495,0.0072813495,"mapped_high_precision","8d9b8856aebc923630a64a469a638996eb852068eae53c48e5fd2d4b0aeba435"
"ON","IY","C24",0,"ON:IY:C24",-0.011806778,-0.011806778,"mapped_high_precision","8d9b8856aebc923630a64a469a638996eb852068eae53c48e5fd2d4b0aeba435"
"ON","SY","C24",0,"ON:SY:C24",0.0078937346,0.0078937346,"mapped_high_precision","8d9b8856aebc923630a64a469a638996eb852068eae53c48e5fd2d4b0aeba435"
"WITH","IY","SX",0,"WITH:IY:SX",-0.024620194,-0.024620194,"mapped_high_precision","8d9b8856aebc923630a64a469a638996eb852068eae53c48e5fd2d4b0aeba435"
"WITH","X1","Y1",0,"WITH:X1:Y1",-0.027896183,-0.027896183,"mapped_high_precision","8d9b8856aebc923630a64a469a638996eb852068eae53c48e5fd2d4b0aeba435"
"WITH","X2","Y2",0,"WITH:X2:Y2",-0.066797473,-0.066797473,"mapped_high_precision","8d9b8856aebc923630a64a469a638996eb852068eae53c48e5fd2d4b0aeba435"
"WITH","X3","Y3",0,"WITH:X3:Y3",-0.047784001,-0.047784001,"mapped_high_precision","8d9b8856aebc923630a64a469a638996eb852068eae53c48e5fd2d4b0aeba435"
"WITH","X4","Y4",0,"WITH:X4:Y4",-0.050462853,-0.050462853,"mapped_high_precision","8d9b8856aebc923630a64a469a638996eb852068eae53c48e5fd2d4b0aeba435"
"WITH","X5","Y5",0,"WITH:X5:Y5",-0.030791704,-0.030791704,"mapped_high_precision","8d9b8856aebc923630a64a469a638996eb852068eae53c48e5fd2d4b0aeba435"
"ON","IX","Z0",0,"ON:IX:Z0",0,,"new_start","8d9b8856aebc923630a64a469a638996eb852068eae53c48e5fd2d4b0aeba435"
"ON","SX","Z0",0,"ON:SX:Z0",0,,"new_start","8d9b8856aebc923630a64a469a638996eb852068eae53c48e5fd2d4b0aeba435"
"ON","IY","Z0",0,"ON:IY:Z0",0,,"new_start","8d9b8856aebc923630a64a469a638996eb852068eae53c48e5fd2d4b0aeba435"
"ON","SY","Z0",0,"ON:SY:Z0",0,,"new_start","8d9b8856aebc923630a64a469a638996eb852068eae53c48e5fd2d4b0aeba435"
"ON","X1","Z0",0,"ON:X1:Z0",0,,"new_start","8d9b8856aebc923630a64a469a638996eb852068eae53c48e5fd2d4b0aeba435"
"ON","Y1","Z0",0,"ON:Y1:Z0",0,,"new_start","8d9b8856aebc923630a64a469a638996eb852068eae53c48e5fd2d4b0aeba435"
