"model_id","batch","N","family","scale","window","status","normal","negative_variance","negative_variables","matrix_diagnostic","diagnostics","output","sha256"
"univariate_CESD8_five","sensitivity",2225,"univariate","CESD8","five","INADMISSIBLE",TRUE,TRUE,"SY",TRUE,"     WARNING:  THE LATENT VARIABLE COVARIANCE MATRIX (PSI) IS NOT POSITIVE      DEFINITE.  THIS COULD INDICATE A NEGATIVE VARIANCE/RESIDUAL VARIANCE      FOR A LATENT VARIABLE, A CORRELATION GREATER OR EQUAL TO ONE BY ABSOLUTE VALUE      BETWEEN TWO LATENT VARIABLES, A LINEAR DEPENDENCY AMONG MORE THAN TWO LATENT      VARIABLES, OR PARTIAL CORRELATIONS GREATER THAN ONE BY ABSOLUTE VALUE.      CHECK THE TECH4 OUTPUT FOR MORE INFORMATION.  |      THE WARNING IS DUE TO A NEGATIVE VARIANCE/RESIDUAL VARIANCE.      VARIABLE SY HAS A NEGATIVE RESIDUAL VARIANCE.    MODEL FIT INFORMATION ","C:/Users/LZHS/pp_lgcm_review/20261005/analysis/sensitivity/univariate_CESD8_five/model.out","8ec026edfc5b213a94354c32b43f6b44585f185c46192f6bee5a37f7e48cf368"
"univariate_CESD8_four","sensitivity",2225,"univariate","CESD8","four","NONCONVERGED",FALSE,TRUE,"Y1",FALSE,"     NO CONVERGENCE.  NUMBER OF ITERATIONS EXCEEDED.    MODEL RESULTS                      Estimate","C:/Users/LZHS/pp_lgcm_review/20261005/analysis/sensitivity/univariate_CESD8_four/model.out","0c32f7bba7215e1098e6d411e5c4f50f006b5be941e9cb5a57f47947a38b77e5"
"univariate_CESD20_five","sensitivity",2225,"univariate","CESD20","five","INADMISSIBLE",TRUE,TRUE,"SY",TRUE,"     WARNING:  THE LATENT VARIABLE COVARIANCE MATRIX (PSI) IS NOT POSITIVE      DEFINITE.  THIS COULD INDICATE A NEGATIVE VARIANCE/RESIDUAL VARIANCE      FOR A LATENT VARIABLE, A CORRELATION GREATER OR EQUAL TO ONE BY ABSOLUTE VALUE      BETWEEN TWO LATENT VARIABLES, A LINEAR DEPENDENCY AMONG MORE THAN TWO LATENT      VARIABLES, OR PARTIAL CORRELATIONS GREATER THAN ONE BY ABSOLUTE VALUE.      CHECK THE TECH4 OUTPUT FOR MORE INFORMATION.  |      THE WARNING IS DUE TO A NEGATIVE VARIANCE/RESIDUAL VARIANCE.      VARIABLE SY HAS A NEGATIVE RESIDUAL VARIANCE.    MODEL FIT INFORMATION ","C:/Users/LZHS/pp_lgcm_review/20261005/analysis/sensitivity/univariate_CESD20_five/model.out","29c4f3224e79a547ed9c47ce56460c04a9673dcecdb6935df8f0acb08b3b070e"
"univariate_CESD20_four","sensitivity",2225,"univariate","CESD20","four","NONCONVERGED",FALSE,TRUE,"Y1",FALSE,"     NO CONVERGENCE.  NUMBER OF ITERATIONS EXCEEDED.    MODEL RESULTS                      Estimate","C:/Users/LZHS/pp_lgcm_review/20261005/analysis/sensitivity/univariate_CESD20_four/model.out","d0f2876addc30b325d012cfb223e1f78ab4e31436c4f0b7aca49ed7a052c7cc3"
"direct_CESD8_five","sensitivity",1981,"direct","CESD8","five","INPUT_REJECTED",FALSE,FALSE,"",FALSE,"*** WARNING   Input line exceeded 90 characters. Some input may be truncated.    CLUSTER=fid; USEVARIABLES= y1 y2 y3 y4 y5 x1 x2 x3 x4 x5 c1 c2 c3 c4 c5 c6 c7 c8 c9 c10 c1 *** WARNING in VARIABLE command   Variables already listed as USEVARIABLES  (some or all):   C1 *** ERROR in MODEL command | *** WARNING in VARIABLE command   Variables already listed as USEVARIABLES  (some or all):   C1 *** ERROR in MODEL command   There should be no extra characters after the right parenthesis of an equality or parameter label.   Problem with the following statement:   IX (BIS) SX (BSS) IY | *** ERROR in MODEL command   There should be no extra characters after the right parenthesis of an equality or parameter label.   Problem with the following statement:   IX (BIS) SX (BSS) IY   MUTHEN & MUTHEN","C:/Users/LZHS/pp_lgcm_review/20261005/analysis/sensitivity/direct_CESD8_five/model.out","467840b2d1eae1f16dfa7ab1fe2838583283b70676adc0cd25e3dd6c3743f8e5"
"direct_CESD8_four","sensitivity",1981,"direct","CESD8","four","INPUT_REJECTED",FALSE,FALSE,"",FALSE,"*** ERROR in MODEL command   There should be no extra characters after the right parenthesis of an equality or parameter label.   Problem with the following statement:   IX (BIS) SX (BSS) IY   MUTHEN & MUTHEN","C:/Users/LZHS/pp_lgcm_review/20261005/analysis/sensitivity/direct_CESD8_four/model.out","5abe360e929f14330287b18581f9a1db50970fc2d8018755af13fbe5edf8dbfe"
"direct_CESD20_five","sensitivity",1981,"direct","CESD20","five","INPUT_REJECTED",FALSE,FALSE,"",FALSE,"*** WARNING   Input line exceeded 90 characters. Some input may be truncated.    CLUSTER=fid; USEVARIABLES= y1 y2 y3 y4 y5 x1 x2 x3 x4 x5 c1 c2 c3 c4 c5 c6 c7 c8 c9 c10 c1 *** WARNING in VARIABLE command   Variables already listed as USEVARIABLES  (some or all):   C1 *** ERROR in MODEL command | *** WARNING in VARIABLE command   Variables already listed as USEVARIABLES  (some or all):   C1 *** ERROR in MODEL command   There should be no extra characters after the right parenthesis of an equality or parameter label.   Problem with the following statement:   IX (BIS) SX (BSS) IY | *** ERROR in MODEL command   There should be no extra characters after the right parenthesis of an equality or parameter label.   Problem with the following statement:   IX (BIS) SX (BSS) IY   MUTHEN & MUTHEN","C:/Users/LZHS/pp_lgcm_review/20261005/analysis/sensitivity/direct_CESD20_five/model.out","89ec41a3a4d9a703a6d01fd138bb308e0cb5cb09ff1da9e296d1f1c65e5d5e24"
"direct_CESD20_four","sensitivity",1981,"direct","CESD20","four","INPUT_REJECTED",FALSE,FALSE,"",FALSE,"*** ERROR in MODEL command   There should be no extra characters after the right parenthesis of an equality or parameter label.   Problem with the following statement:   IX (BIS) SX (BSS) IY   MUTHEN & MUTHEN","C:/Users/LZHS/pp_lgcm_review/20261005/analysis/sensitivity/direct_CESD20_four/model.out","5a19735de3c7ecf3206637950e4fe791dbb418ab83f93cd7d8cfc20f11372fa5"
"direct_CESD8_five","sensitivity_input_repair",1981,"direct","CESD8","five","INADMISSIBLE",TRUE,TRUE,"SY",TRUE,"     WARNING:  THE LATENT VARIABLE COVARIANCE MATRIX (PSI) IS NOT POSITIVE      DEFINITE.  THIS COULD INDICATE A NEGATIVE VARIANCE/RESIDUAL VARIANCE      FOR A LATENT VARIABLE, A CORRELATION GREATER OR EQUAL TO ONE BY ABSOLUTE VALUE      BETWEEN TWO LATENT VARIABLES, A LINEAR DEPENDENCY AMONG MORE THAN TWO LATENT      VARIABLES, OR PARTIAL CORRELATIONS GREATER THAN ONE BY ABSOLUTE VALUE.      CHECK THE TECH4 OUTPUT FOR MORE INFORMATION.  |      THE WARNING IS DUE TO A NEGATIVE VARIANCE/RESIDUAL VARIANCE.      VARIABLE SY HAS A NEGATIVE RESIDUAL VARIANCE.    MODEL FIT INFORMATION ","C:/Users/LZHS/pp_lgcm_review/20261005/analysis/sensitivity_input_repair/direct_CESD8_five/model.out","0e39ac4911e29c56a945166ea7cc319a8a795c6f60768cdd85ed2c933f08f3fc"
"direct_CESD8_four","sensitivity_input_repair",1981,"direct","CESD8","four","REVIEWABLE",TRUE,FALSE,"",FALSE,"","C:/Users/LZHS/pp_lgcm_review/20261005/analysis/sensitivity_input_repair/direct_CESD8_four/model.out","ef213af9b9e4337f9a2fb343014236de93a1d3be9689ada3eb07ba74d38a9f60"
"direct_CESD20_five","sensitivity_input_repair",1981,"direct","CESD20","five","REVIEWABLE",TRUE,FALSE,"",FALSE,"","C:/Users/LZHS/pp_lgcm_review/20261005/analysis/sensitivity_input_repair/direct_CESD20_five/model.out","7e83552209c7d56238cf3ecfebeb03c4b87abf929b92f1d48cd063751782b46e"
"direct_CESD20_four","sensitivity_input_repair",1981,"direct","CESD20","four","REVIEWABLE",TRUE,FALSE,"",FALSE,"","C:/Users/LZHS/pp_lgcm_review/20261005/analysis/sensitivity_input_repair/direct_CESD20_four/model.out","a52ca63e01f7aa07d26e04ce62d930af91297e661be7018361fc92ced128cc76"
