"matrix","row","column","parameter_number"
"theta","Y1","Y1",1
"theta","Y2","Y2",2
"theta","Y3","Y3",3
"theta","Y4","Y4",4
"theta","Y5","Y5",5
"alpha","1","IY",6
"alpha","1","SY",7
"beta","IY","C1",8
"beta","SY","C1",34
"beta","IY","C2",9
"beta","SY","C2",35
"beta","IY","C3",10
"beta","SY","C3",36
"beta","IY","C4",11
"beta","SY","C4",37
"beta","IY","C5",12
"beta","SY","C5",38
"beta","IY","C6",13
"beta","SY","C6",39
"beta","IY","C7",14
"beta","SY","C7",40
"beta","IY","C8",15
"beta","SY","C8",41
"beta","IY","C9",16
"beta","SY","C9",42
"beta","IY","C10",17
"beta","SY","C10",43
"beta","IY","C11",18
"beta","SY","C11",44
"beta","IY","C12",19
"beta","SY","C12",45
"beta","IY","C13",20
"beta","SY","C13",46
"beta","IY","C14",21
"beta","SY","C14",47
"beta","IY","C15",22
"beta","SY","C15",48
"beta","IY","C16",23
"beta","SY","C16",49
"beta","IY","C17",24
"beta","SY","C17",50
"beta","IY","C18",25
"beta","SY","C18",51
"beta","IY","C19",26
"beta","SY","C19",52
"beta","IY","C20",27
"beta","SY","C20",53
"beta","IY","C21",28
"beta","SY","C21",54
"beta","IY","C22",29
"beta","SY","C22",55
"beta","IY","C23",30
"beta","SY","C23",56
"beta","IY","C24",31
"beta","SY","C24",57
"beta","IY","C25",32
"beta","SY","C25",58
"beta","IY","C26",33
"beta","SY","C26",59
"psi","IY","IY",60
"psi","SY","IY",61
"psi","SY","SY",62
