"paramHeader","param","est","se","est_se","pval","model","source","source_sha256"
"I5.|","CES812",1,0,999,999,"lgca_process5_piecewise.out","C:/Users/LZHS/pp_lgcm_review/20261005/audit_stage1/mplus/a68531aa5ce9/model.out","a68531aa5ce91fcf3f26beb78a4b643ad6cf6c81bd378f72a7338a55923f9843"
"I5.|","CES816",1,0,999,999,"lgca_process5_piecewise.out","C:/Users/LZHS/pp_lgcm_review/20261005/audit_stage1/mplus/a68531aa5ce9/model.out","a68531aa5ce91fcf3f26beb78a4b643ad6cf6c81bd378f72a7338a55923f9843"
"I5.|","CES818",1,0,999,999,"lgca_process5_piecewise.out","C:/Users/LZHS/pp_lgcm_review/20261005/audit_stage1/mplus/a68531aa5ce9/model.out","a68531aa5ce91fcf3f26beb78a4b643ad6cf6c81bd378f72a7338a55923f9843"
"I5.|","CES820",1,0,999,999,"lgca_process5_piecewise.out","C:/Users/LZHS/pp_lgcm_review/20261005/audit_stage1/mplus/a68531aa5ce9/model.out","a68531aa5ce91fcf3f26beb78a4b643ad6cf6c81bd378f72a7338a55923f9843"
"I5.|","CES822",1,0,999,999,"lgca_process5_piecewise.out","C:/Users/LZHS/pp_lgcm_review/20261005/audit_stage1/mplus/a68531aa5ce9/model.out","a68531aa5ce91fcf3f26beb78a4b643ad6cf6c81bd378f72a7338a55923f9843"
"S5.|","CES812",0,0,999,999,"lgca_process5_piecewise.out","C:/Users/LZHS/pp_lgcm_review/20261005/audit_stage1/mplus/a68531aa5ce9/model.out","a68531aa5ce91fcf3f26beb78a4b643ad6cf6c81bd378f72a7338a55923f9843"
"S5.|","CES816",4,0,999,999,"lgca_process5_piecewise.out","C:/Users/LZHS/pp_lgcm_review/20261005/audit_stage1/mplus/a68531aa5ce9/model.out","a68531aa5ce91fcf3f26beb78a4b643ad6cf6c81bd378f72a7338a55923f9843"
"S5.|","CES818",6,0,999,999,"lgca_process5_piecewise.out","C:/Users/LZHS/pp_lgcm_review/20261005/audit_stage1/mplus/a68531aa5ce9/model.out","a68531aa5ce91fcf3f26beb78a4b643ad6cf6c81bd378f72a7338a55923f9843"
"S5.|","CES820",6,0,999,999,"lgca_process5_piecewise.out","C:/Users/LZHS/pp_lgcm_review/20261005/audit_stage1/mplus/a68531aa5ce9/model.out","a68531aa5ce91fcf3f26beb78a4b643ad6cf6c81bd378f72a7338a55923f9843"
"S5.|","CES822",6,0,999,999,"lgca_process5_piecewise.out","C:/Users/LZHS/pp_lgcm_review/20261005/audit_stage1/mplus/a68531aa5ce9/model.out","a68531aa5ce91fcf3f26beb78a4b643ad6cf6c81bd378f72a7338a55923f9843"
"S51.|","CES812",0,0,999,999,"lgca_process5_piecewise.out","C:/Users/LZHS/pp_lgcm_review/20261005/audit_stage1/mplus/a68531aa5ce9/model.out","a68531aa5ce91fcf3f26beb78a4b643ad6cf6c81bd378f72a7338a55923f9843"
"S51.|","CES816",0,0,999,999,"lgca_process5_piecewise.out","C:/Users/LZHS/pp_lgcm_review/20261005/audit_stage1/mplus/a68531aa5ce9/model.out","a68531aa5ce91fcf3f26beb78a4b643ad6cf6c81bd378f72a7338a55923f9843"
"S51.|","CES818",0,0,999,999,"lgca_process5_piecewise.out","C:/Users/LZHS/pp_lgcm_review/20261005/audit_stage1/mplus/a68531aa5ce9/model.out","a68531aa5ce91fcf3f26beb78a4b643ad6cf6c81bd378f72a7338a55923f9843"
"S51.|","CES820",2,0,999,999,"lgca_process5_piecewise.out","C:/Users/LZHS/pp_lgcm_review/20261005/audit_stage1/mplus/a68531aa5ce9/model.out","a68531aa5ce91fcf3f26beb78a4b643ad6cf6c81bd378f72a7338a55923f9843"
"S51.|","CES822",4,0,999,999,"lgca_process5_piecewise.out","C:/Users/LZHS/pp_lgcm_review/20261005/audit_stage1/mplus/a68531aa5ce9/model.out","a68531aa5ce91fcf3f26beb78a4b643ad6cf6c81bd378f72a7338a55923f9843"
"S5.WITH","I5",0.452,0.198,2.284,0.022,"lgca_process5_piecewise.out","C:/Users/LZHS/pp_lgcm_review/20261005/audit_stage1/mplus/a68531aa5ce9/model.out","a68531aa5ce91fcf3f26beb78a4b643ad6cf6c81bd378f72a7338a55923f9843"
"S51.WITH","I5",-0.331,0.17,-1.942,0.052,"lgca_process5_piecewise.out","C:/Users/LZHS/pp_lgcm_review/20261005/audit_stage1/mplus/a68531aa5ce9/model.out","a68531aa5ce91fcf3f26beb78a4b643ad6cf6c81bd378f72a7338a55923f9843"
"S51.WITH","S5",-0.023,0.042,-0.535,0.593,"lgca_process5_piecewise.out","C:/Users/LZHS/pp_lgcm_review/20261005/audit_stage1/mplus/a68531aa5ce9/model.out","a68531aa5ce91fcf3f26beb78a4b643ad6cf6c81bd378f72a7338a55923f9843"
"Means","I5",13.549,0.073,186.28,0,"lgca_process5_piecewise.out","C:/Users/LZHS/pp_lgcm_review/20261005/audit_stage1/mplus/a68531aa5ce9/model.out","a68531aa5ce91fcf3f26beb78a4b643ad6cf6c81bd378f72a7338a55923f9843"
"Means","S5",0.053,0.014,3.687,0,"lgca_process5_piecewise.out","C:/Users/LZHS/pp_lgcm_review/20261005/audit_stage1/mplus/a68531aa5ce9/model.out","a68531aa5ce91fcf3f26beb78a4b643ad6cf6c81bd378f72a7338a55923f9843"
"Means","S51",0.052,0.034,1.534,0.125,"lgca_process5_piecewise.out","C:/Users/LZHS/pp_lgcm_review/20261005/audit_stage1/mplus/a68531aa5ce9/model.out","a68531aa5ce91fcf3f26beb78a4b643ad6cf6c81bd378f72a7338a55923f9843"
"Intercepts","CES812",0,0,999,999,"lgca_process5_piecewise.out","C:/Users/LZHS/pp_lgcm_review/20261005/audit_stage1/mplus/a68531aa5ce9/model.out","a68531aa5ce91fcf3f26beb78a4b643ad6cf6c81bd378f72a7338a55923f9843"
"Intercepts","CES816",0,0,999,999,"lgca_process5_piecewise.out","C:/Users/LZHS/pp_lgcm_review/20261005/audit_stage1/mplus/a68531aa5ce9/model.out","a68531aa5ce91fcf3f26beb78a4b643ad6cf6c81bd378f72a7338a55923f9843"
"Intercepts","CES818",0,0,999,999,"lgca_process5_piecewise.out","C:/Users/LZHS/pp_lgcm_review/20261005/audit_stage1/mplus/a68531aa5ce9/model.out","a68531aa5ce91fcf3f26beb78a4b643ad6cf6c81bd378f72a7338a55923f9843"
"Intercepts","CES820",0,0,999,999,"lgca_process5_piecewise.out","C:/Users/LZHS/pp_lgcm_review/20261005/audit_stage1/mplus/a68531aa5ce9/model.out","a68531aa5ce91fcf3f26beb78a4b643ad6cf6c81bd378f72a7338a55923f9843"
"Intercepts","CES822",0,0,999,999,"lgca_process5_piecewise.out","C:/Users/LZHS/pp_lgcm_review/20261005/audit_stage1/mplus/a68531aa5ce9/model.out","a68531aa5ce91fcf3f26beb78a4b643ad6cf6c81bd378f72a7338a55923f9843"
"Variances","I5",6.332,0.998,6.342,0,"lgca_process5_piecewise.out","C:/Users/LZHS/pp_lgcm_review/20261005/audit_stage1/mplus/a68531aa5ce9/model.out","a68531aa5ce91fcf3f26beb78a4b643ad6cf6c81bd378f72a7338a55923f9843"
"Variances","S5",-0.009,0.045,-0.202,0.84,"lgca_process5_piecewise.out","C:/Users/LZHS/pp_lgcm_review/20261005/audit_stage1/mplus/a68531aa5ce9/model.out","a68531aa5ce91fcf3f26beb78a4b643ad6cf6c81bd378f72a7338a55923f9843"
"Variances","S51",0.186,0.125,1.493,0.136,"lgca_process5_piecewise.out","C:/Users/LZHS/pp_lgcm_review/20261005/audit_stage1/mplus/a68531aa5ce9/model.out","a68531aa5ce91fcf3f26beb78a4b643ad6cf6c81bd378f72a7338a55923f9843"
"Residual.Variances","CES812",11.879,1.079,11.005,0,"lgca_process5_piecewise.out","C:/Users/LZHS/pp_lgcm_review/20261005/audit_stage1/mplus/a68531aa5ce9/model.out","a68531aa5ce91fcf3f26beb78a4b643ad6cf6c81bd378f72a7338a55923f9843"
"Residual.Variances","CES816",10.852,0.455,23.846,0,"lgca_process5_piecewise.out","C:/Users/LZHS/pp_lgcm_review/20261005/audit_stage1/mplus/a68531aa5ce9/model.out","a68531aa5ce91fcf3f26beb78a4b643ad6cf6c81bd378f72a7338a55923f9843"
"Residual.Variances","CES818",9.588,0.656,14.618,0,"lgca_process5_piecewise.out","C:/Users/LZHS/pp_lgcm_review/20261005/audit_stage1/mplus/a68531aa5ce9/model.out","a68531aa5ce91fcf3f26beb78a4b643ad6cf6c81bd378f72a7338a55923f9843"
"Residual.Variances","CES820",10.804,0.717,15.063,0,"lgca_process5_piecewise.out","C:/Users/LZHS/pp_lgcm_review/20261005/audit_stage1/mplus/a68531aa5ce9/model.out","a68531aa5ce91fcf3f26beb78a4b643ad6cf6c81bd378f72a7338a55923f9843"
"Residual.Variances","CES822",10.3,1.492,6.905,0,"lgca_process5_piecewise.out","C:/Users/LZHS/pp_lgcm_review/20261005/audit_stage1/mplus/a68531aa5ce9/model.out","a68531aa5ce91fcf3f26beb78a4b643ad6cf6c81bd378f72a7338a55923f9843"
"I5.|","CES812",1,0,999,999,"lgca_process5_linear.out","C:/Users/LZHS/pp_lgcm_review/20261005/audit_stage1/mplus/d3026bbec929/model.out","d3026bbec929b422042ca8fc183d2eac76eb03eb3768d0784b3d96d4a07cbc51"
"I5.|","CES816",1,0,999,999,"lgca_process5_linear.out","C:/Users/LZHS/pp_lgcm_review/20261005/audit_stage1/mplus/d3026bbec929/model.out","d3026bbec929b422042ca8fc183d2eac76eb03eb3768d0784b3d96d4a07cbc51"
"I5.|","CES818",1,0,999,999,"lgca_process5_linear.out","C:/Users/LZHS/pp_lgcm_review/20261005/audit_stage1/mplus/d3026bbec929/model.out","d3026bbec929b422042ca8fc183d2eac76eb03eb3768d0784b3d96d4a07cbc51"
"I5.|","CES820",1,0,999,999,"lgca_process5_linear.out","C:/Users/LZHS/pp_lgcm_review/20261005/audit_stage1/mplus/d3026bbec929/model.out","d3026bbec929b422042ca8fc183d2eac76eb03eb3768d0784b3d96d4a07cbc51"
"I5.|","CES822",1,0,999,999,"lgca_process5_linear.out","C:/Users/LZHS/pp_lgcm_review/20261005/audit_stage1/mplus/d3026bbec929/model.out","d3026bbec929b422042ca8fc183d2eac76eb03eb3768d0784b3d96d4a07cbc51"
"S5.|","CES812",0,0,999,999,"lgca_process5_linear.out","C:/Users/LZHS/pp_lgcm_review/20261005/audit_stage1/mplus/d3026bbec929/model.out","d3026bbec929b422042ca8fc183d2eac76eb03eb3768d0784b3d96d4a07cbc51"
"S5.|","CES816",4,0,999,999,"lgca_process5_linear.out","C:/Users/LZHS/pp_lgcm_review/20261005/audit_stage1/mplus/d3026bbec929/model.out","d3026bbec929b422042ca8fc183d2eac76eb03eb3768d0784b3d96d4a07cbc51"
"S5.|","CES818",6,0,999,999,"lgca_process5_linear.out","C:/Users/LZHS/pp_lgcm_review/20261005/audit_stage1/mplus/d3026bbec929/model.out","d3026bbec929b422042ca8fc183d2eac76eb03eb3768d0784b3d96d4a07cbc51"
"S5.|","CES820",8,0,999,999,"lgca_process5_linear.out","C:/Users/LZHS/pp_lgcm_review/20261005/audit_stage1/mplus/d3026bbec929/model.out","d3026bbec929b422042ca8fc183d2eac76eb03eb3768d0784b3d96d4a07cbc51"
"S5.|","CES822",10,0,999,999,"lgca_process5_linear.out","C:/Users/LZHS/pp_lgcm_review/20261005/audit_stage1/mplus/d3026bbec929/model.out","d3026bbec929b422042ca8fc183d2eac76eb03eb3768d0784b3d96d4a07cbc51"
"S5.WITH","I5",0.088,0.089,0.988,0.323,"lgca_process5_linear.out","C:/Users/LZHS/pp_lgcm_review/20261005/audit_stage1/mplus/d3026bbec929/model.out","d3026bbec929b422042ca8fc183d2eac76eb03eb3768d0784b3d96d4a07cbc51"
"Means","I5",13.545,0.072,188.976,0,"lgca_process5_linear.out","C:/Users/LZHS/pp_lgcm_review/20261005/audit_stage1/mplus/d3026bbec929/model.out","d3026bbec929b422042ca8fc183d2eac76eb03eb3768d0784b3d96d4a07cbc51"
"Means","S5",0.054,0.011,4.836,0,"lgca_process5_linear.out","C:/Users/LZHS/pp_lgcm_review/20261005/audit_stage1/mplus/d3026bbec929/model.out","d3026bbec929b422042ca8fc183d2eac76eb03eb3768d0784b3d96d4a07cbc51"
"Intercepts","CES812",0,0,999,999,"lgca_process5_linear.out","C:/Users/LZHS/pp_lgcm_review/20261005/audit_stage1/mplus/d3026bbec929/model.out","d3026bbec929b422042ca8fc183d2eac76eb03eb3768d0784b3d96d4a07cbc51"
"Intercepts","CES816",0,0,999,999,"lgca_process5_linear.out","C:/Users/LZHS/pp_lgcm_review/20261005/audit_stage1/mplus/d3026bbec929/model.out","d3026bbec929b422042ca8fc183d2eac76eb03eb3768d0784b3d96d4a07cbc51"
"Intercepts","CES818",0,0,999,999,"lgca_process5_linear.out","C:/Users/LZHS/pp_lgcm_review/20261005/audit_stage1/mplus/d3026bbec929/model.out","d3026bbec929b422042ca8fc183d2eac76eb03eb3768d0784b3d96d4a07cbc51"
"Intercepts","CES820",0,0,999,999,"lgca_process5_linear.out","C:/Users/LZHS/pp_lgcm_review/20261005/audit_stage1/mplus/d3026bbec929/model.out","d3026bbec929b422042ca8fc183d2eac76eb03eb3768d0784b3d96d4a07cbc51"
"Intercepts","CES822",0,0,999,999,"lgca_process5_linear.out","C:/Users/LZHS/pp_lgcm_review/20261005/audit_stage1/mplus/d3026bbec929/model.out","d3026bbec929b422042ca8fc183d2eac76eb03eb3768d0784b3d96d4a07cbc51"
"Variances","I5",8.097,0.609,13.287,0,"lgca_process5_linear.out","C:/Users/LZHS/pp_lgcm_review/20261005/audit_stage1/mplus/d3026bbec929/model.out","d3026bbec929b422042ca8fc183d2eac76eb03eb3768d0784b3d96d4a07cbc51"
"Variances","S5",0.018,0.015,1.201,0.23,"lgca_process5_linear.out","C:/Users/LZHS/pp_lgcm_review/20261005/audit_stage1/mplus/d3026bbec929/model.out","d3026bbec929b422042ca8fc183d2eac76eb03eb3768d0784b3d96d4a07cbc51"
"Residual.Variances","CES812",10.38,0.637,16.284,0,"lgca_process5_linear.out","C:/Users/LZHS/pp_lgcm_review/20261005/audit_stage1/mplus/d3026bbec929/model.out","d3026bbec929b422042ca8fc183d2eac76eb03eb3768d0784b3d96d4a07cbc51"
"Residual.Variances","CES816",11.392,0.454,25.08,0,"lgca_process5_linear.out","C:/Users/LZHS/pp_lgcm_review/20261005/audit_stage1/mplus/d3026bbec929/model.out","d3026bbec929b422042ca8fc183d2eac76eb03eb3768d0784b3d96d4a07cbc51"
"Residual.Variances","CES818",10.323,0.492,20.976,0,"lgca_process5_linear.out","C:/Users/LZHS/pp_lgcm_review/20261005/audit_stage1/mplus/d3026bbec929/model.out","d3026bbec929b422042ca8fc183d2eac76eb03eb3768d0784b3d96d4a07cbc51"
"Residual.Variances","CES820",10.696,0.716,14.946,0,"lgca_process5_linear.out","C:/Users/LZHS/pp_lgcm_review/20261005/audit_stage1/mplus/d3026bbec929/model.out","d3026bbec929b422042ca8fc183d2eac76eb03eb3768d0784b3d96d4a07cbc51"
"Residual.Variances","CES822",11.136,1.054,10.561,0,"lgca_process5_linear.out","C:/Users/LZHS/pp_lgcm_review/20261005/audit_stage1/mplus/d3026bbec929/model.out","d3026bbec929b422042ca8fc183d2eac76eb03eb3768d0784b3d96d4a07cbc51"
"I5.|","CES8SD12",1,0,999,999,"lgca_process5_piecewise_baseline_std.out","C:/Users/LZHS/pp_lgcm_review/20261005/audit_stage1/mplus/3702f80f5f79/model.out","3702f80f5f79f62c9888bdb32e640ac6c40ffed557763c1791d9dfb2039f6391"
"I5.|","CES8SD16",1,0,999,999,"lgca_process5_piecewise_baseline_std.out","C:/Users/LZHS/pp_lgcm_review/20261005/audit_stage1/mplus/3702f80f5f79/model.out","3702f80f5f79f62c9888bdb32e640ac6c40ffed557763c1791d9dfb2039f6391"
"I5.|","CES8SD18",1,0,999,999,"lgca_process5_piecewise_baseline_std.out","C:/Users/LZHS/pp_lgcm_review/20261005/audit_stage1/mplus/3702f80f5f79/model.out","3702f80f5f79f62c9888bdb32e640ac6c40ffed557763c1791d9dfb2039f6391"
"I5.|","CES8SD20",1,0,999,999,"lgca_process5_piecewise_baseline_std.out","C:/Users/LZHS/pp_lgcm_review/20261005/audit_stage1/mplus/3702f80f5f79/model.out","3702f80f5f79f62c9888bdb32e640ac6c40ffed557763c1791d9dfb2039f6391"
"I5.|","CES8SD22",1,0,999,999,"lgca_process5_piecewise_baseline_std.out","C:/Users/LZHS/pp_lgcm_review/20261005/audit_stage1/mplus/3702f80f5f79/model.out","3702f80f5f79f62c9888bdb32e640ac6c40ffed557763c1791d9dfb2039f6391"
"S5.|","CES8SD12",0,0,999,999,"lgca_process5_piecewise_baseline_std.out","C:/Users/LZHS/pp_lgcm_review/20261005/audit_stage1/mplus/3702f80f5f79/model.out","3702f80f5f79f62c9888bdb32e640ac6c40ffed557763c1791d9dfb2039f6391"
"S5.|","CES8SD16",4,0,999,999,"lgca_process5_piecewise_baseline_std.out","C:/Users/LZHS/pp_lgcm_review/20261005/audit_stage1/mplus/3702f80f5f79/model.out","3702f80f5f79f62c9888bdb32e640ac6c40ffed557763c1791d9dfb2039f6391"
"S5.|","CES8SD18",6,0,999,999,"lgca_process5_piecewise_baseline_std.out","C:/Users/LZHS/pp_lgcm_review/20261005/audit_stage1/mplus/3702f80f5f79/model.out","3702f80f5f79f62c9888bdb32e640ac6c40ffed557763c1791d9dfb2039f6391"
"S5.|","CES8SD20",6,0,999,999,"lgca_process5_piecewise_baseline_std.out","C:/Users/LZHS/pp_lgcm_review/20261005/audit_stage1/mplus/3702f80f5f79/model.out","3702f80f5f79f62c9888bdb32e640ac6c40ffed557763c1791d9dfb2039f6391"
"S5.|","CES8SD22",6,0,999,999,"lgca_process5_piecewise_baseline_std.out","C:/Users/LZHS/pp_lgcm_review/20261005/audit_stage1/mplus/3702f80f5f79/model.out","3702f80f5f79f62c9888bdb32e640ac6c40ffed557763c1791d9dfb2039f6391"
"S51.|","CES8SD12",0,0,999,999,"lgca_process5_piecewise_baseline_std.out","C:/Users/LZHS/pp_lgcm_review/20261005/audit_stage1/mplus/3702f80f5f79/model.out","3702f80f5f79f62c9888bdb32e640ac6c40ffed557763c1791d9dfb2039f6391"
"S51.|","CES8SD16",0,0,999,999,"lgca_process5_piecewise_baseline_std.out","C:/Users/LZHS/pp_lgcm_review/20261005/audit_stage1/mplus/3702f80f5f79/model.out","3702f80f5f79f62c9888bdb32e640ac6c40ffed557763c1791d9dfb2039f6391"
"S51.|","CES8SD18",0,0,999,999,"lgca_process5_piecewise_baseline_std.out","C:/Users/LZHS/pp_lgcm_review/20261005/audit_stage1/mplus/3702f80f5f79/model.out","3702f80f5f79f62c9888bdb32e640ac6c40ffed557763c1791d9dfb2039f6391"
"S51.|","CES8SD20",2,0,999,999,"lgca_process5_piecewise_baseline_std.out","C:/Users/LZHS/pp_lgcm_review/20261005/audit_stage1/mplus/3702f80f5f79/model.out","3702f80f5f79f62c9888bdb32e640ac6c40ffed557763c1791d9dfb2039f6391"
"S51.|","CES8SD22",4,0,999,999,"lgca_process5_piecewise_baseline_std.out","C:/Users/LZHS/pp_lgcm_review/20261005/audit_stage1/mplus/3702f80f5f79/model.out","3702f80f5f79f62c9888bdb32e640ac6c40ffed557763c1791d9dfb2039f6391"
"S5.WITH","I5",0.025,0.011,2.281,0.023,"lgca_process5_piecewise_baseline_std.out","C:/Users/LZHS/pp_lgcm_review/20261005/audit_stage1/mplus/3702f80f5f79/model.out","3702f80f5f79f62c9888bdb32e640ac6c40ffed557763c1791d9dfb2039f6391"
"S51.WITH","I5",-0.018,0.009,-1.941,0.052,"lgca_process5_piecewise_baseline_std.out","C:/Users/LZHS/pp_lgcm_review/20261005/audit_stage1/mplus/3702f80f5f79/model.out","3702f80f5f79f62c9888bdb32e640ac6c40ffed557763c1791d9dfb2039f6391"
"S51.WITH","S5",-0.001,0.002,-0.537,0.591,"lgca_process5_piecewise_baseline_std.out","C:/Users/LZHS/pp_lgcm_review/20261005/audit_stage1/mplus/3702f80f5f79/model.out","3702f80f5f79f62c9888bdb32e640ac6c40ffed557763c1791d9dfb2039f6391"
"Means","I5",-0.006,0.017,-0.362,0.717,"lgca_process5_piecewise_baseline_std.out","C:/Users/LZHS/pp_lgcm_review/20261005/audit_stage1/mplus/3702f80f5f79/model.out","3702f80f5f79f62c9888bdb32e640ac6c40ffed557763c1791d9dfb2039f6391"
"Means","S5",0.012,0.003,3.686,0,"lgca_process5_piecewise_baseline_std.out","C:/Users/LZHS/pp_lgcm_review/20261005/audit_stage1/mplus/3702f80f5f79/model.out","3702f80f5f79f62c9888bdb32e640ac6c40ffed557763c1791d9dfb2039f6391"
"Means","S51",0.012,0.008,1.535,0.125,"lgca_process5_piecewise_baseline_std.out","C:/Users/LZHS/pp_lgcm_review/20261005/audit_stage1/mplus/3702f80f5f79/model.out","3702f80f5f79f62c9888bdb32e640ac6c40ffed557763c1791d9dfb2039f6391"
"Intercepts","CES8SD12",0,0,999,999,"lgca_process5_piecewise_baseline_std.out","C:/Users/LZHS/pp_lgcm_review/20261005/audit_stage1/mplus/3702f80f5f79/model.out","3702f80f5f79f62c9888bdb32e640ac6c40ffed557763c1791d9dfb2039f6391"
"Intercepts","CES8SD16",0,0,999,999,"lgca_process5_piecewise_baseline_std.out","C:/Users/LZHS/pp_lgcm_review/20261005/audit_stage1/mplus/3702f80f5f79/model.out","3702f80f5f79f62c9888bdb32e640ac6c40ffed557763c1791d9dfb2039f6391"
"Intercepts","CES8SD18",0,0,999,999,"lgca_process5_piecewise_baseline_std.out","C:/Users/LZHS/pp_lgcm_review/20261005/audit_stage1/mplus/3702f80f5f79/model.out","3702f80f5f79f62c9888bdb32e640ac6c40ffed557763c1791d9dfb2039f6391"
"Intercepts","CES8SD20",0,0,999,999,"lgca_process5_piecewise_baseline_std.out","C:/Users/LZHS/pp_lgcm_review/20261005/audit_stage1/mplus/3702f80f5f79/model.out","3702f80f5f79f62c9888bdb32e640ac6c40ffed557763c1791d9dfb2039f6391"
"Intercepts","CES8SD22",0,0,999,999,"lgca_process5_piecewise_baseline_std.out","C:/Users/LZHS/pp_lgcm_review/20261005/audit_stage1/mplus/3702f80f5f79/model.out","3702f80f5f79f62c9888bdb32e640ac6c40ffed557763c1791d9dfb2039f6391"
"Variances","I5",0.349,0.055,6.346,0,"lgca_process5_piecewise_baseline_std.out","C:/Users/LZHS/pp_lgcm_review/20261005/audit_stage1/mplus/3702f80f5f79/model.out","3702f80f5f79f62c9888bdb32e640ac6c40ffed557763c1791d9dfb2039f6391"
"Variances","S5",0,0.002,-0.198,0.843,"lgca_process5_piecewise_baseline_std.out","C:/Users/LZHS/pp_lgcm_review/20261005/audit_stage1/mplus/3702f80f5f79/model.out","3702f80f5f79f62c9888bdb32e640ac6c40ffed557763c1791d9dfb2039f6391"
"Variances","S51",0.01,0.007,1.493,0.135,"lgca_process5_piecewise_baseline_std.out","C:/Users/LZHS/pp_lgcm_review/20261005/audit_stage1/mplus/3702f80f5f79/model.out","3702f80f5f79f62c9888bdb32e640ac6c40ffed557763c1791d9dfb2039f6391"
"Residual.Variances","CES8SD12",0.655,0.059,11.002,0,"lgca_process5_piecewise_baseline_std.out","C:/Users/LZHS/pp_lgcm_review/20261005/audit_stage1/mplus/3702f80f5f79/model.out","3702f80f5f79f62c9888bdb32e640ac6c40ffed557763c1791d9dfb2039f6391"
"Residual.Variances","CES8SD16",0.598,0.025,23.846,0,"lgca_process5_piecewise_baseline_std.out","C:/Users/LZHS/pp_lgcm_review/20261005/audit_stage1/mplus/3702f80f5f79/model.out","3702f80f5f79f62c9888bdb32e640ac6c40ffed557763c1791d9dfb2039f6391"
"Residual.Variances","CES8SD18",0.528,0.036,14.617,0,"lgca_process5_piecewise_baseline_std.out","C:/Users/LZHS/pp_lgcm_review/20261005/audit_stage1/mplus/3702f80f5f79/model.out","3702f80f5f79f62c9888bdb32e640ac6c40ffed557763c1791d9dfb2039f6391"
"Residual.Variances","CES8SD20",0.596,0.04,15.062,0,"lgca_process5_piecewise_baseline_std.out","C:/Users/LZHS/pp_lgcm_review/20261005/audit_stage1/mplus/3702f80f5f79/model.out","3702f80f5f79f62c9888bdb32e640ac6c40ffed557763c1791d9dfb2039f6391"
"Residual.Variances","CES8SD22",0.568,0.082,6.904,0,"lgca_process5_piecewise_baseline_std.out","C:/Users/LZHS/pp_lgcm_review/20261005/audit_stage1/mplus/3702f80f5f79/model.out","3702f80f5f79f62c9888bdb32e640ac6c40ffed557763c1791d9dfb2039f6391"
"I5.|","CES8SD12",1,0,999,999,"lgca_process5_linear_baseline_std.out","C:/Users/LZHS/pp_lgcm_review/20261005/audit_stage1/mplus/6b335efb3c12/model.out","6b335efb3c12d65c7b20ebb70c6a7726b9cb059cf35a2322c17edc5eff69daf0"
"I5.|","CES8SD16",1,0,999,999,"lgca_process5_linear_baseline_std.out","C:/Users/LZHS/pp_lgcm_review/20261005/audit_stage1/mplus/6b335efb3c12/model.out","6b335efb3c12d65c7b20ebb70c6a7726b9cb059cf35a2322c17edc5eff69daf0"
"I5.|","CES8SD18",1,0,999,999,"lgca_process5_linear_baseline_std.out","C:/Users/LZHS/pp_lgcm_review/20261005/audit_stage1/mplus/6b335efb3c12/model.out","6b335efb3c12d65c7b20ebb70c6a7726b9cb059cf35a2322c17edc5eff69daf0"
"I5.|","CES8SD20",1,0,999,999,"lgca_process5_linear_baseline_std.out","C:/Users/LZHS/pp_lgcm_review/20261005/audit_stage1/mplus/6b335efb3c12/model.out","6b335efb3c12d65c7b20ebb70c6a7726b9cb059cf35a2322c17edc5eff69daf0"
"I5.|","CES8SD22",1,0,999,999,"lgca_process5_linear_baseline_std.out","C:/Users/LZHS/pp_lgcm_review/20261005/audit_stage1/mplus/6b335efb3c12/model.out","6b335efb3c12d65c7b20ebb70c6a7726b9cb059cf35a2322c17edc5eff69daf0"
"S5.|","CES8SD12",0,0,999,999,"lgca_process5_linear_baseline_std.out","C:/Users/LZHS/pp_lgcm_review/20261005/audit_stage1/mplus/6b335efb3c12/model.out","6b335efb3c12d65c7b20ebb70c6a7726b9cb059cf35a2322c17edc5eff69daf0"
"S5.|","CES8SD16",4,0,999,999,"lgca_process5_linear_baseline_std.out","C:/Users/LZHS/pp_lgcm_review/20261005/audit_stage1/mplus/6b335efb3c12/model.out","6b335efb3c12d65c7b20ebb70c6a7726b9cb059cf35a2322c17edc5eff69daf0"
"S5.|","CES8SD18",6,0,999,999,"lgca_process5_linear_baseline_std.out","C:/Users/LZHS/pp_lgcm_review/20261005/audit_stage1/mplus/6b335efb3c12/model.out","6b335efb3c12d65c7b20ebb70c6a7726b9cb059cf35a2322c17edc5eff69daf0"
"S5.|","CES8SD20",8,0,999,999,"lgca_process5_linear_baseline_std.out","C:/Users/LZHS/pp_lgcm_review/20261005/audit_stage1/mplus/6b335efb3c12/model.out","6b335efb3c12d65c7b20ebb70c6a7726b9cb059cf35a2322c17edc5eff69daf0"
"S5.|","CES8SD22",10,0,999,999,"lgca_process5_linear_baseline_std.out","C:/Users/LZHS/pp_lgcm_review/20261005/audit_stage1/mplus/6b335efb3c12/model.out","6b335efb3c12d65c7b20ebb70c6a7726b9cb059cf35a2322c17edc5eff69daf0"
"S5.WITH","I5",0.005,0.005,0.988,0.323,"lgca_process5_linear_baseline_std.out","C:/Users/LZHS/pp_lgcm_review/20261005/audit_stage1/mplus/6b335efb3c12/model.out","6b335efb3c12d65c7b20ebb70c6a7726b9cb059cf35a2322c17edc5eff69daf0"
"Means","I5",-0.007,0.017,-0.419,0.675,"lgca_process5_linear_baseline_std.out","C:/Users/LZHS/pp_lgcm_review/20261005/audit_stage1/mplus/6b335efb3c12/model.out","6b335efb3c12d65c7b20ebb70c6a7726b9cb059cf35a2322c17edc5eff69daf0"
"Means","S5",0.013,0.003,4.836,0,"lgca_process5_linear_baseline_std.out","C:/Users/LZHS/pp_lgcm_review/20261005/audit_stage1/mplus/6b335efb3c12/model.out","6b335efb3c12d65c7b20ebb70c6a7726b9cb059cf35a2322c17edc5eff69daf0"
"Intercepts","CES8SD12",0,0,999,999,"lgca_process5_linear_baseline_std.out","C:/Users/LZHS/pp_lgcm_review/20261005/audit_stage1/mplus/6b335efb3c12/model.out","6b335efb3c12d65c7b20ebb70c6a7726b9cb059cf35a2322c17edc5eff69daf0"
"Intercepts","CES8SD16",0,0,999,999,"lgca_process5_linear_baseline_std.out","C:/Users/LZHS/pp_lgcm_review/20261005/audit_stage1/mplus/6b335efb3c12/model.out","6b335efb3c12d65c7b20ebb70c6a7726b9cb059cf35a2322c17edc5eff69daf0"
"Intercepts","CES8SD18",0,0,999,999,"lgca_process5_linear_baseline_std.out","C:/Users/LZHS/pp_lgcm_review/20261005/audit_stage1/mplus/6b335efb3c12/model.out","6b335efb3c12d65c7b20ebb70c6a7726b9cb059cf35a2322c17edc5eff69daf0"
"Intercepts","CES8SD20",0,0,999,999,"lgca_process5_linear_baseline_std.out","C:/Users/LZHS/pp_lgcm_review/20261005/audit_stage1/mplus/6b335efb3c12/model.out","6b335efb3c12d65c7b20ebb70c6a7726b9cb059cf35a2322c17edc5eff69daf0"
"Intercepts","CES8SD22",0,0,999,999,"lgca_process5_linear_baseline_std.out","C:/Users/LZHS/pp_lgcm_review/20261005/audit_stage1/mplus/6b335efb3c12/model.out","6b335efb3c12d65c7b20ebb70c6a7726b9cb059cf35a2322c17edc5eff69daf0"
"Variances","I5",0.446,0.034,13.287,0,"lgca_process5_linear_baseline_std.out","C:/Users/LZHS/pp_lgcm_review/20261005/audit_stage1/mplus/6b335efb3c12/model.out","6b335efb3c12d65c7b20ebb70c6a7726b9cb059cf35a2322c17edc5eff69daf0"
"Variances","S5",0.001,0.001,1.201,0.23,"lgca_process5_linear_baseline_std.out","C:/Users/LZHS/pp_lgcm_review/20261005/audit_stage1/mplus/6b335efb3c12/model.out","6b335efb3c12d65c7b20ebb70c6a7726b9cb059cf35a2322c17edc5eff69daf0"
"Residual.Variances","CES8SD12",0.572,0.035,16.284,0,"lgca_process5_linear_baseline_std.out","C:/Users/LZHS/pp_lgcm_review/20261005/audit_stage1/mplus/6b335efb3c12/model.out","6b335efb3c12d65c7b20ebb70c6a7726b9cb059cf35a2322c17edc5eff69daf0"
"Residual.Variances","CES8SD16",0.628,0.025,25.08,0,"lgca_process5_linear_baseline_std.out","C:/Users/LZHS/pp_lgcm_review/20261005/audit_stage1/mplus/6b335efb3c12/model.out","6b335efb3c12d65c7b20ebb70c6a7726b9cb059cf35a2322c17edc5eff69daf0"
"Residual.Variances","CES8SD18",0.569,0.027,20.976,0,"lgca_process5_linear_baseline_std.out","C:/Users/LZHS/pp_lgcm_review/20261005/audit_stage1/mplus/6b335efb3c12/model.out","6b335efb3c12d65c7b20ebb70c6a7726b9cb059cf35a2322c17edc5eff69daf0"
"Residual.Variances","CES8SD20",0.59,0.039,14.946,0,"lgca_process5_linear_baseline_std.out","C:/Users/LZHS/pp_lgcm_review/20261005/audit_stage1/mplus/6b335efb3c12/model.out","6b335efb3c12d65c7b20ebb70c6a7726b9cb059cf35a2322c17edc5eff69daf0"
"Residual.Variances","CES8SD22",0.614,0.058,10.561,0,"lgca_process5_linear_baseline_std.out","C:/Users/LZHS/pp_lgcm_review/20261005/audit_stage1/mplus/6b335efb3c12/model.out","6b335efb3c12d65c7b20ebb70c6a7726b9cb059cf35a2322c17edc5eff69daf0"
"I5.|","CES8SD12",1,0,999,999,"lgca_process5_quadratic_baseline_std.out","C:/Users/LZHS/pp_lgcm_review/20261005/audit_stage1/mplus/2329e5a9c529/model.out","2329e5a9c5294e5b6f93a641cc09f9574f1f0a5a42f539e02fb416c7cfcae63f"
"I5.|","CES8SD16",1,0,999,999,"lgca_process5_quadratic_baseline_std.out","C:/Users/LZHS/pp_lgcm_review/20261005/audit_stage1/mplus/2329e5a9c529/model.out","2329e5a9c5294e5b6f93a641cc09f9574f1f0a5a42f539e02fb416c7cfcae63f"
"I5.|","CES8SD18",1,0,999,999,"lgca_process5_quadratic_baseline_std.out","C:/Users/LZHS/pp_lgcm_review/20261005/audit_stage1/mplus/2329e5a9c529/model.out","2329e5a9c5294e5b6f93a641cc09f9574f1f0a5a42f539e02fb416c7cfcae63f"
"I5.|","CES8SD20",1,0,999,999,"lgca_process5_quadratic_baseline_std.out","C:/Users/LZHS/pp_lgcm_review/20261005/audit_stage1/mplus/2329e5a9c529/model.out","2329e5a9c5294e5b6f93a641cc09f9574f1f0a5a42f539e02fb416c7cfcae63f"
"I5.|","CES8SD22",1,0,999,999,"lgca_process5_quadratic_baseline_std.out","C:/Users/LZHS/pp_lgcm_review/20261005/audit_stage1/mplus/2329e5a9c529/model.out","2329e5a9c5294e5b6f93a641cc09f9574f1f0a5a42f539e02fb416c7cfcae63f"
"S5.|","CES8SD12",0,0,999,999,"lgca_process5_quadratic_baseline_std.out","C:/Users/LZHS/pp_lgcm_review/20261005/audit_stage1/mplus/2329e5a9c529/model.out","2329e5a9c5294e5b6f93a641cc09f9574f1f0a5a42f539e02fb416c7cfcae63f"
"S5.|","CES8SD16",4,0,999,999,"lgca_process5_quadratic_baseline_std.out","C:/Users/LZHS/pp_lgcm_review/20261005/audit_stage1/mplus/2329e5a9c529/model.out","2329e5a9c5294e5b6f93a641cc09f9574f1f0a5a42f539e02fb416c7cfcae63f"
"S5.|","CES8SD18",6,0,999,999,"lgca_process5_quadratic_baseline_std.out","C:/Users/LZHS/pp_lgcm_review/20261005/audit_stage1/mplus/2329e5a9c529/model.out","2329e5a9c5294e5b6f93a641cc09f9574f1f0a5a42f539e02fb416c7cfcae63f"
"S5.|","CES8SD20",8,0,999,999,"lgca_process5_quadratic_baseline_std.out","C:/Users/LZHS/pp_lgcm_review/20261005/audit_stage1/mplus/2329e5a9c529/model.out","2329e5a9c5294e5b6f93a641cc09f9574f1f0a5a42f539e02fb416c7cfcae63f"
"S5.|","CES8SD22",10,0,999,999,"lgca_process5_quadratic_baseline_std.out","C:/Users/LZHS/pp_lgcm_review/20261005/audit_stage1/mplus/2329e5a9c529/model.out","2329e5a9c5294e5b6f93a641cc09f9574f1f0a5a42f539e02fb416c7cfcae63f"
"Q5.|","CES8SD12",0,0,999,999,"lgca_process5_quadratic_baseline_std.out","C:/Users/LZHS/pp_lgcm_review/20261005/audit_stage1/mplus/2329e5a9c529/model.out","2329e5a9c5294e5b6f93a641cc09f9574f1f0a5a42f539e02fb416c7cfcae63f"
"Q5.|","CES8SD16",16,0,999,999,"lgca_process5_quadratic_baseline_std.out","C:/Users/LZHS/pp_lgcm_review/20261005/audit_stage1/mplus/2329e5a9c529/model.out","2329e5a9c5294e5b6f93a641cc09f9574f1f0a5a42f539e02fb416c7cfcae63f"
"Q5.|","CES8SD18",36,0,999,999,"lgca_process5_quadratic_baseline_std.out","C:/Users/LZHS/pp_lgcm_review/20261005/audit_stage1/mplus/2329e5a9c529/model.out","2329e5a9c5294e5b6f93a641cc09f9574f1f0a5a42f539e02fb416c7cfcae63f"
"Q5.|","CES8SD20",64,0,999,999,"lgca_process5_quadratic_baseline_std.out","C:/Users/LZHS/pp_lgcm_review/20261005/audit_stage1/mplus/2329e5a9c529/model.out","2329e5a9c5294e5b6f93a641cc09f9574f1f0a5a42f539e02fb416c7cfcae63f"
"Q5.|","CES8SD22",100,0,999,999,"lgca_process5_quadratic_baseline_std.out","C:/Users/LZHS/pp_lgcm_review/20261005/audit_stage1/mplus/2329e5a9c529/model.out","2329e5a9c5294e5b6f93a641cc09f9574f1f0a5a42f539e02fb416c7cfcae63f"
"S5.WITH","I5",0.091,0.034,2.68,0.007,"lgca_process5_quadratic_baseline_std.out","C:/Users/LZHS/pp_lgcm_review/20261005/audit_stage1/mplus/2329e5a9c529/model.out","2329e5a9c5294e5b6f93a641cc09f9574f1f0a5a42f539e02fb416c7cfcae63f"
"Q5.WITH","I5",-0.007,0.003,-2.685,0.007,"lgca_process5_quadratic_baseline_std.out","C:/Users/LZHS/pp_lgcm_review/20261005/audit_stage1/mplus/2329e5a9c529/model.out","2329e5a9c5294e5b6f93a641cc09f9574f1f0a5a42f539e02fb416c7cfcae63f"
"Q5.WITH","S5",0.001,0.001,0.681,0.496,"lgca_process5_quadratic_baseline_std.out","C:/Users/LZHS/pp_lgcm_review/20261005/audit_stage1/mplus/2329e5a9c529/model.out","2329e5a9c5294e5b6f93a641cc09f9574f1f0a5a42f539e02fb416c7cfcae63f"
"Means","I5",-0.001,0.017,-0.082,0.935,"lgca_process5_quadratic_baseline_std.out","C:/Users/LZHS/pp_lgcm_review/20261005/audit_stage1/mplus/2329e5a9c529/model.out","2329e5a9c5294e5b6f93a641cc09f9574f1f0a5a42f539e02fb416c7cfcae63f"
"Means","S5",0.007,0.007,0.95,0.342,"lgca_process5_quadratic_baseline_std.out","C:/Users/LZHS/pp_lgcm_review/20261005/audit_stage1/mplus/2329e5a9c529/model.out","2329e5a9c5294e5b6f93a641cc09f9574f1f0a5a42f539e02fb416c7cfcae63f"
"Means","Q5",0.001,0.001,0.867,0.386,"lgca_process5_quadratic_baseline_std.out","C:/Users/LZHS/pp_lgcm_review/20261005/audit_stage1/mplus/2329e5a9c529/model.out","2329e5a9c5294e5b6f93a641cc09f9574f1f0a5a42f539e02fb416c7cfcae63f"
"Intercepts","CES8SD12",0,0,999,999,"lgca_process5_quadratic_baseline_std.out","C:/Users/LZHS/pp_lgcm_review/20261005/audit_stage1/mplus/2329e5a9c529/model.out","2329e5a9c5294e5b6f93a641cc09f9574f1f0a5a42f539e02fb416c7cfcae63f"
"Intercepts","CES8SD16",0,0,999,999,"lgca_process5_quadratic_baseline_std.out","C:/Users/LZHS/pp_lgcm_review/20261005/audit_stage1/mplus/2329e5a9c529/model.out","2329e5a9c5294e5b6f93a641cc09f9574f1f0a5a42f539e02fb416c7cfcae63f"
"Intercepts","CES8SD18",0,0,999,999,"lgca_process5_quadratic_baseline_std.out","C:/Users/LZHS/pp_lgcm_review/20261005/audit_stage1/mplus/2329e5a9c529/model.out","2329e5a9c5294e5b6f93a641cc09f9574f1f0a5a42f539e02fb416c7cfcae63f"
"Intercepts","CES8SD20",0,0,999,999,"lgca_process5_quadratic_baseline_std.out","C:/Users/LZHS/pp_lgcm_review/20261005/audit_stage1/mplus/2329e5a9c529/model.out","2329e5a9c5294e5b6f93a641cc09f9574f1f0a5a42f539e02fb416c7cfcae63f"
"Intercepts","CES8SD22",0,0,999,999,"lgca_process5_quadratic_baseline_std.out","C:/Users/LZHS/pp_lgcm_review/20261005/audit_stage1/mplus/2329e5a9c529/model.out","2329e5a9c5294e5b6f93a641cc09f9574f1f0a5a42f539e02fb416c7cfcae63f"
"Variances","I5",0.197,0.103,1.917,0.055,"lgca_process5_quadratic_baseline_std.out","C:/Users/LZHS/pp_lgcm_review/20261005/audit_stage1/mplus/2329e5a9c529/model.out","2329e5a9c5294e5b6f93a641cc09f9574f1f0a5a42f539e02fb416c7cfcae63f"
"Variances","S5",-0.013,0.012,-1.126,0.26,"lgca_process5_quadratic_baseline_std.out","C:/Users/LZHS/pp_lgcm_review/20261005/audit_stage1/mplus/2329e5a9c529/model.out","2329e5a9c5294e5b6f93a641cc09f9574f1f0a5a42f539e02fb416c7cfcae63f"
"Variances","Q5",0,0,-0.045,0.964,"lgca_process5_quadratic_baseline_std.out","C:/Users/LZHS/pp_lgcm_review/20261005/audit_stage1/mplus/2329e5a9c529/model.out","2329e5a9c5294e5b6f93a641cc09f9574f1f0a5a42f539e02fb416c7cfcae63f"
"Residual.Variances","CES8SD12",0.807,0.107,7.508,0,"lgca_process5_quadratic_baseline_std.out","C:/Users/LZHS/pp_lgcm_review/20261005/audit_stage1/mplus/2329e5a9c529/model.out","2329e5a9c5294e5b6f93a641cc09f9574f1f0a5a42f539e02fb416c7cfcae63f"
"Residual.Variances","CES8SD16",0.568,0.028,20.096,0,"lgca_process5_quadratic_baseline_std.out","C:/Users/LZHS/pp_lgcm_review/20261005/audit_stage1/mplus/2329e5a9c529/model.out","2329e5a9c5294e5b6f93a641cc09f9574f1f0a5a42f539e02fb416c7cfcae63f"
"Residual.Variances","CES8SD18",0.559,0.03,18.879,0,"lgca_process5_quadratic_baseline_std.out","C:/Users/LZHS/pp_lgcm_review/20261005/audit_stage1/mplus/2329e5a9c529/model.out","2329e5a9c5294e5b6f93a641cc09f9574f1f0a5a42f539e02fb416c7cfcae63f"
"Residual.Variances","CES8SD20",0.604,0.04,15.156,0,"lgca_process5_quadratic_baseline_std.out","C:/Users/LZHS/pp_lgcm_review/20261005/audit_stage1/mplus/2329e5a9c529/model.out","2329e5a9c5294e5b6f93a641cc09f9574f1f0a5a42f539e02fb416c7cfcae63f"
"Residual.Variances","CES8SD22",0.568,0.084,6.795,0,"lgca_process5_quadratic_baseline_std.out","C:/Users/LZHS/pp_lgcm_review/20261005/audit_stage1/mplus/2329e5a9c529/model.out","2329e5a9c5294e5b6f93a641cc09f9574f1f0a5a42f539e02fb416c7cfcae63f"
"I5.|","CES8SD12",1,0,999,999,"lgca_process5_shape_factor_baseline_std.out","C:/Users/LZHS/pp_lgcm_review/20261005/audit_stage1/mplus/f0748ba36396/model.out","f0748ba363969ee6cc82fe0d8f89e6b070fee3d5f92d419e8b6ab1ed23efe38c"
"I5.|","CES8SD16",1,0,999,999,"lgca_process5_shape_factor_baseline_std.out","C:/Users/LZHS/pp_lgcm_review/20261005/audit_stage1/mplus/f0748ba36396/model.out","f0748ba363969ee6cc82fe0d8f89e6b070fee3d5f92d419e8b6ab1ed23efe38c"
"I5.|","CES8SD18",1,0,999,999,"lgca_process5_shape_factor_baseline_std.out","C:/Users/LZHS/pp_lgcm_review/20261005/audit_stage1/mplus/f0748ba36396/model.out","f0748ba363969ee6cc82fe0d8f89e6b070fee3d5f92d419e8b6ab1ed23efe38c"
"I5.|","CES8SD20",1,0,999,999,"lgca_process5_shape_factor_baseline_std.out","C:/Users/LZHS/pp_lgcm_review/20261005/audit_stage1/mplus/f0748ba36396/model.out","f0748ba363969ee6cc82fe0d8f89e6b070fee3d5f92d419e8b6ab1ed23efe38c"
"I5.|","CES8SD22",1,0,999,999,"lgca_process5_shape_factor_baseline_std.out","C:/Users/LZHS/pp_lgcm_review/20261005/audit_stage1/mplus/f0748ba36396/model.out","f0748ba363969ee6cc82fe0d8f89e6b070fee3d5f92d419e8b6ab1ed23efe38c"
"S5.|","CES8SD12",0,0,999,999,"lgca_process5_shape_factor_baseline_std.out","C:/Users/LZHS/pp_lgcm_review/20261005/audit_stage1/mplus/f0748ba36396/model.out","f0748ba363969ee6cc82fe0d8f89e6b070fee3d5f92d419e8b6ab1ed23efe38c"
"S5.|","CES8SD16",6.59,4.991,1.32,0.187,"lgca_process5_shape_factor_baseline_std.out","C:/Users/LZHS/pp_lgcm_review/20261005/audit_stage1/mplus/f0748ba36396/model.out","f0748ba363969ee6cc82fe0d8f89e6b070fee3d5f92d419e8b6ab1ed23efe38c"
"S5.|","CES8SD18",11.592,8.021,1.445,0.148,"lgca_process5_shape_factor_baseline_std.out","C:/Users/LZHS/pp_lgcm_review/20261005/audit_stage1/mplus/f0748ba36396/model.out","f0748ba363969ee6cc82fe0d8f89e6b070fee3d5f92d419e8b6ab1ed23efe38c"
"S5.|","CES8SD20",3.265,2.059,1.586,0.113,"lgca_process5_shape_factor_baseline_std.out","C:/Users/LZHS/pp_lgcm_review/20261005/audit_stage1/mplus/f0748ba36396/model.out","f0748ba363969ee6cc82fe0d8f89e6b070fee3d5f92d419e8b6ab1ed23efe38c"
"S5.|","CES8SD22",10,0,999,999,"lgca_process5_shape_factor_baseline_std.out","C:/Users/LZHS/pp_lgcm_review/20261005/audit_stage1/mplus/f0748ba36396/model.out","f0748ba363969ee6cc82fe0d8f89e6b070fee3d5f92d419e8b6ab1ed23efe38c"
"S5.WITH","I5",0.006,0.007,0.89,0.373,"lgca_process5_shape_factor_baseline_std.out","C:/Users/LZHS/pp_lgcm_review/20261005/audit_stage1/mplus/f0748ba36396/model.out","f0748ba363969ee6cc82fe0d8f89e6b070fee3d5f92d419e8b6ab1ed23efe38c"
"Means","I5",-0.006,0.023,-0.27,0.787,"lgca_process5_shape_factor_baseline_std.out","C:/Users/LZHS/pp_lgcm_review/20261005/audit_stage1/mplus/f0748ba36396/model.out","f0748ba363969ee6cc82fe0d8f89e6b070fee3d5f92d419e8b6ab1ed23efe38c"
"Means","S5",0.009,0.008,1.071,0.284,"lgca_process5_shape_factor_baseline_std.out","C:/Users/LZHS/pp_lgcm_review/20261005/audit_stage1/mplus/f0748ba36396/model.out","f0748ba363969ee6cc82fe0d8f89e6b070fee3d5f92d419e8b6ab1ed23efe38c"
"Intercepts","CES8SD12",0,0,999,999,"lgca_process5_shape_factor_baseline_std.out","C:/Users/LZHS/pp_lgcm_review/20261005/audit_stage1/mplus/f0748ba36396/model.out","f0748ba363969ee6cc82fe0d8f89e6b070fee3d5f92d419e8b6ab1ed23efe38c"
"Intercepts","CES8SD16",0,0,999,999,"lgca_process5_shape_factor_baseline_std.out","C:/Users/LZHS/pp_lgcm_review/20261005/audit_stage1/mplus/f0748ba36396/model.out","f0748ba363969ee6cc82fe0d8f89e6b070fee3d5f92d419e8b6ab1ed23efe38c"
"Intercepts","CES8SD18",0,0,999,999,"lgca_process5_shape_factor_baseline_std.out","C:/Users/LZHS/pp_lgcm_review/20261005/audit_stage1/mplus/f0748ba36396/model.out","f0748ba363969ee6cc82fe0d8f89e6b070fee3d5f92d419e8b6ab1ed23efe38c"
"Intercepts","CES8SD20",0,0,999,999,"lgca_process5_shape_factor_baseline_std.out","C:/Users/LZHS/pp_lgcm_review/20261005/audit_stage1/mplus/f0748ba36396/model.out","f0748ba363969ee6cc82fe0d8f89e6b070fee3d5f92d419e8b6ab1ed23efe38c"
"Intercepts","CES8SD22",0,0,999,999,"lgca_process5_shape_factor_baseline_std.out","C:/Users/LZHS/pp_lgcm_review/20261005/audit_stage1/mplus/f0748ba36396/model.out","f0748ba363969ee6cc82fe0d8f89e6b070fee3d5f92d419e8b6ab1ed23efe38c"
"Variances","I5",0.415,0.035,11.851,0,"lgca_process5_shape_factor_baseline_std.out","C:/Users/LZHS/pp_lgcm_review/20261005/audit_stage1/mplus/f0748ba36396/model.out","f0748ba363969ee6cc82fe0d8f89e6b070fee3d5f92d419e8b6ab1ed23efe38c"
"Variances","S5",0.001,0.001,1.341,0.18,"lgca_process5_shape_factor_baseline_std.out","C:/Users/LZHS/pp_lgcm_review/20261005/audit_stage1/mplus/f0748ba36396/model.out","f0748ba363969ee6cc82fe0d8f89e6b070fee3d5f92d419e8b6ab1ed23efe38c"
"Residual.Variances","CES8SD12",0.588,0.041,14.48,0,"lgca_process5_shape_factor_baseline_std.out","C:/Users/LZHS/pp_lgcm_review/20261005/audit_stage1/mplus/f0748ba36396/model.out","f0748ba363969ee6cc82fe0d8f89e6b070fee3d5f92d419e8b6ab1ed23efe38c"
"Residual.Variances","CES8SD16",0.615,0.027,22.756,0,"lgca_process5_shape_factor_baseline_std.out","C:/Users/LZHS/pp_lgcm_review/20261005/audit_stage1/mplus/f0748ba36396/model.out","f0748ba363969ee6cc82fe0d8f89e6b070fee3d5f92d419e8b6ab1ed23efe38c"
"Residual.Variances","CES8SD18",0.502,0.071,7.111,0,"lgca_process5_shape_factor_baseline_std.out","C:/Users/LZHS/pp_lgcm_review/20261005/audit_stage1/mplus/f0748ba36396/model.out","f0748ba363969ee6cc82fe0d8f89e6b070fee3d5f92d419e8b6ab1ed23efe38c"
"Residual.Variances","CES8SD20",0.628,0.04,15.657,0,"lgca_process5_shape_factor_baseline_std.out","C:/Users/LZHS/pp_lgcm_review/20261005/audit_stage1/mplus/f0748ba36396/model.out","f0748ba363969ee6cc82fe0d8f89e6b070fee3d5f92d419e8b6ab1ed23efe38c"
"Residual.Variances","CES8SD22",0.648,0.077,8.401,0,"lgca_process5_shape_factor_baseline_std.out","C:/Users/LZHS/pp_lgcm_review/20261005/audit_stage1/mplus/f0748ba36396/model.out","f0748ba363969ee6cc82fe0d8f89e6b070fee3d5f92d419e8b6ab1ed23efe38c"
"I5.|","CES812",1,0,999,999,"lgca_process5_shape_factor.out","C:/Users/LZHS/pp_lgcm_review/20261005/audit_stage1/mplus/b70bf297b48e/model.out","b70bf297b48e190c5b30175d9b12855fe718cca6c9d01aef555009192354822e"
"I5.|","CES816",1,0,999,999,"lgca_process5_shape_factor.out","C:/Users/LZHS/pp_lgcm_review/20261005/audit_stage1/mplus/b70bf297b48e/model.out","b70bf297b48e190c5b30175d9b12855fe718cca6c9d01aef555009192354822e"
"I5.|","CES818",1,0,999,999,"lgca_process5_shape_factor.out","C:/Users/LZHS/pp_lgcm_review/20261005/audit_stage1/mplus/b70bf297b48e/model.out","b70bf297b48e190c5b30175d9b12855fe718cca6c9d01aef555009192354822e"
"I5.|","CES820",1,0,999,999,"lgca_process5_shape_factor.out","C:/Users/LZHS/pp_lgcm_review/20261005/audit_stage1/mplus/b70bf297b48e/model.out","b70bf297b48e190c5b30175d9b12855fe718cca6c9d01aef555009192354822e"
"I5.|","CES822",1,0,999,999,"lgca_process5_shape_factor.out","C:/Users/LZHS/pp_lgcm_review/20261005/audit_stage1/mplus/b70bf297b48e/model.out","b70bf297b48e190c5b30175d9b12855fe718cca6c9d01aef555009192354822e"
"S5.|","CES812",0,0,999,999,"lgca_process5_shape_factor.out","C:/Users/LZHS/pp_lgcm_review/20261005/audit_stage1/mplus/b70bf297b48e/model.out","b70bf297b48e190c5b30175d9b12855fe718cca6c9d01aef555009192354822e"
"S5.|","CES816",6.59,4.992,1.32,0.187,"lgca_process5_shape_factor.out","C:/Users/LZHS/pp_lgcm_review/20261005/audit_stage1/mplus/b70bf297b48e/model.out","b70bf297b48e190c5b30175d9b12855fe718cca6c9d01aef555009192354822e"
"S5.|","CES818",11.594,8.022,1.445,0.148,"lgca_process5_shape_factor.out","C:/Users/LZHS/pp_lgcm_review/20261005/audit_stage1/mplus/b70bf297b48e/model.out","b70bf297b48e190c5b30175d9b12855fe718cca6c9d01aef555009192354822e"
"S5.|","CES820",3.266,2.059,1.586,0.113,"lgca_process5_shape_factor.out","C:/Users/LZHS/pp_lgcm_review/20261005/audit_stage1/mplus/b70bf297b48e/model.out","b70bf297b48e190c5b30175d9b12855fe718cca6c9d01aef555009192354822e"
"S5.|","CES822",10,0,999,999,"lgca_process5_shape_factor.out","C:/Users/LZHS/pp_lgcm_review/20261005/audit_stage1/mplus/b70bf297b48e/model.out","b70bf297b48e190c5b30175d9b12855fe718cca6c9d01aef555009192354822e"
"S5.WITH","I5",0.109,0.123,0.89,0.374,"lgca_process5_shape_factor.out","C:/Users/LZHS/pp_lgcm_review/20261005/audit_stage1/mplus/b70bf297b48e/model.out","b70bf297b48e190c5b30175d9b12855fe718cca6c9d01aef555009192354822e"
"Means","I5",13.55,0.096,141.248,0,"lgca_process5_shape_factor.out","C:/Users/LZHS/pp_lgcm_review/20261005/audit_stage1/mplus/b70bf297b48e/model.out","b70bf297b48e190c5b30175d9b12855fe718cca6c9d01aef555009192354822e"
"Means","S5",0.037,0.035,1.071,0.284,"lgca_process5_shape_factor.out","C:/Users/LZHS/pp_lgcm_review/20261005/audit_stage1/mplus/b70bf297b48e/model.out","b70bf297b48e190c5b30175d9b12855fe718cca6c9d01aef555009192354822e"
"Intercepts","CES812",0,0,999,999,"lgca_process5_shape_factor.out","C:/Users/LZHS/pp_lgcm_review/20261005/audit_stage1/mplus/b70bf297b48e/model.out","b70bf297b48e190c5b30175d9b12855fe718cca6c9d01aef555009192354822e"
"Intercepts","CES816",0,0,999,999,"lgca_process5_shape_factor.out","C:/Users/LZHS/pp_lgcm_review/20261005/audit_stage1/mplus/b70bf297b48e/model.out","b70bf297b48e190c5b30175d9b12855fe718cca6c9d01aef555009192354822e"
"Intercepts","CES818",0,0,999,999,"lgca_process5_shape_factor.out","C:/Users/LZHS/pp_lgcm_review/20261005/audit_stage1/mplus/b70bf297b48e/model.out","b70bf297b48e190c5b30175d9b12855fe718cca6c9d01aef555009192354822e"
"Intercepts","CES820",0,0,999,999,"lgca_process5_shape_factor.out","C:/Users/LZHS/pp_lgcm_review/20261005/audit_stage1/mplus/b70bf297b48e/model.out","b70bf297b48e190c5b30175d9b12855fe718cca6c9d01aef555009192354822e"
"Intercepts","CES822",0,0,999,999,"lgca_process5_shape_factor.out","C:/Users/LZHS/pp_lgcm_review/20261005/audit_stage1/mplus/b70bf297b48e/model.out","b70bf297b48e190c5b30175d9b12855fe718cca6c9d01aef555009192354822e"
"Variances","I5",7.523,0.635,11.848,0,"lgca_process5_shape_factor.out","C:/Users/LZHS/pp_lgcm_review/20261005/audit_stage1/mplus/b70bf297b48e/model.out","b70bf297b48e190c5b30175d9b12855fe718cca6c9d01aef555009192354822e"
"Variances","S5",0.013,0.01,1.341,0.18,"lgca_process5_shape_factor.out","C:/Users/LZHS/pp_lgcm_review/20261005/audit_stage1/mplus/b70bf297b48e/model.out","b70bf297b48e190c5b30175d9b12855fe718cca6c9d01aef555009192354822e"
"Residual.Variances","CES812",10.667,0.737,14.476,0,"lgca_process5_shape_factor.out","C:/Users/LZHS/pp_lgcm_review/20261005/audit_stage1/mplus/b70bf297b48e/model.out","b70bf297b48e190c5b30175d9b12855fe718cca6c9d01aef555009192354822e"
"Residual.Variances","CES816",11.159,0.49,22.757,0,"lgca_process5_shape_factor.out","C:/Users/LZHS/pp_lgcm_review/20261005/audit_stage1/mplus/b70bf297b48e/model.out","b70bf297b48e190c5b30175d9b12855fe718cca6c9d01aef555009192354822e"
"Residual.Variances","CES818",9.114,1.282,7.109,0,"lgca_process5_shape_factor.out","C:/Users/LZHS/pp_lgcm_review/20261005/audit_stage1/mplus/b70bf297b48e/model.out","b70bf297b48e190c5b30175d9b12855fe718cca6c9d01aef555009192354822e"
"Residual.Variances","CES820",11.399,0.728,15.657,0,"lgca_process5_shape_factor.out","C:/Users/LZHS/pp_lgcm_review/20261005/audit_stage1/mplus/b70bf297b48e/model.out","b70bf297b48e190c5b30175d9b12855fe718cca6c9d01aef555009192354822e"
"Residual.Variances","CES822",11.752,1.399,8.402,0,"lgca_process5_shape_factor.out","C:/Users/LZHS/pp_lgcm_review/20261005/audit_stage1/mplus/b70bf297b48e/model.out","b70bf297b48e190c5b30175d9b12855fe718cca6c9d01aef555009192354822e"
"I5.|","CES812",1,0,999,999,"lgca_process5_quadratic.out","C:/Users/LZHS/pp_lgcm_review/20261005/audit_stage1/mplus/0adeb6feae0a/model.out","0adeb6feae0a0a4407ca01fc090e6f7f4f57f3b2ebc08b5ebc49e3dee72069f4"
"I5.|","CES816",1,0,999,999,"lgca_process5_quadratic.out","C:/Users/LZHS/pp_lgcm_review/20261005/audit_stage1/mplus/0adeb6feae0a/model.out","0adeb6feae0a0a4407ca01fc090e6f7f4f57f3b2ebc08b5ebc49e3dee72069f4"
"I5.|","CES818",1,0,999,999,"lgca_process5_quadratic.out","C:/Users/LZHS/pp_lgcm_review/20261005/audit_stage1/mplus/0adeb6feae0a/model.out","0adeb6feae0a0a4407ca01fc090e6f7f4f57f3b2ebc08b5ebc49e3dee72069f4"
"I5.|","CES820",1,0,999,999,"lgca_process5_quadratic.out","C:/Users/LZHS/pp_lgcm_review/20261005/audit_stage1/mplus/0adeb6feae0a/model.out","0adeb6feae0a0a4407ca01fc090e6f7f4f57f3b2ebc08b5ebc49e3dee72069f4"
"I5.|","CES822",1,0,999,999,"lgca_process5_quadratic.out","C:/Users/LZHS/pp_lgcm_review/20261005/audit_stage1/mplus/0adeb6feae0a/model.out","0adeb6feae0a0a4407ca01fc090e6f7f4f57f3b2ebc08b5ebc49e3dee72069f4"
"S5.|","CES812",0,0,999,999,"lgca_process5_quadratic.out","C:/Users/LZHS/pp_lgcm_review/20261005/audit_stage1/mplus/0adeb6feae0a/model.out","0adeb6feae0a0a4407ca01fc090e6f7f4f57f3b2ebc08b5ebc49e3dee72069f4"
"S5.|","CES816",4,0,999,999,"lgca_process5_quadratic.out","C:/Users/LZHS/pp_lgcm_review/20261005/audit_stage1/mplus/0adeb6feae0a/model.out","0adeb6feae0a0a4407ca01fc090e6f7f4f57f3b2ebc08b5ebc49e3dee72069f4"
"S5.|","CES818",6,0,999,999,"lgca_process5_quadratic.out","C:/Users/LZHS/pp_lgcm_review/20261005/audit_stage1/mplus/0adeb6feae0a/model.out","0adeb6feae0a0a4407ca01fc090e6f7f4f57f3b2ebc08b5ebc49e3dee72069f4"
"S5.|","CES820",8,0,999,999,"lgca_process5_quadratic.out","C:/Users/LZHS/pp_lgcm_review/20261005/audit_stage1/mplus/0adeb6feae0a/model.out","0adeb6feae0a0a4407ca01fc090e6f7f4f57f3b2ebc08b5ebc49e3dee72069f4"
"S5.|","CES822",10,0,999,999,"lgca_process5_quadratic.out","C:/Users/LZHS/pp_lgcm_review/20261005/audit_stage1/mplus/0adeb6feae0a/model.out","0adeb6feae0a0a4407ca01fc090e6f7f4f57f3b2ebc08b5ebc49e3dee72069f4"
"Q5.|","CES812",0,0,999,999,"lgca_process5_quadratic.out","C:/Users/LZHS/pp_lgcm_review/20261005/audit_stage1/mplus/0adeb6feae0a/model.out","0adeb6feae0a0a4407ca01fc090e6f7f4f57f3b2ebc08b5ebc49e3dee72069f4"
"Q5.|","CES816",16,0,999,999,"lgca_process5_quadratic.out","C:/Users/LZHS/pp_lgcm_review/20261005/audit_stage1/mplus/0adeb6feae0a/model.out","0adeb6feae0a0a4407ca01fc090e6f7f4f57f3b2ebc08b5ebc49e3dee72069f4"
"Q5.|","CES818",36,0,999,999,"lgca_process5_quadratic.out","C:/Users/LZHS/pp_lgcm_review/20261005/audit_stage1/mplus/0adeb6feae0a/model.out","0adeb6feae0a0a4407ca01fc090e6f7f4f57f3b2ebc08b5ebc49e3dee72069f4"
"Q5.|","CES820",64,0,999,999,"lgca_process5_quadratic.out","C:/Users/LZHS/pp_lgcm_review/20261005/audit_stage1/mplus/0adeb6feae0a/model.out","0adeb6feae0a0a4407ca01fc090e6f7f4f57f3b2ebc08b5ebc49e3dee72069f4"
"Q5.|","CES822",100,0,999,999,"lgca_process5_quadratic.out","C:/Users/LZHS/pp_lgcm_review/20261005/audit_stage1/mplus/0adeb6feae0a/model.out","0adeb6feae0a0a4407ca01fc090e6f7f4f57f3b2ebc08b5ebc49e3dee72069f4"
"S5.WITH","I5",1.658,0.619,2.68,0.007,"lgca_process5_quadratic.out","C:/Users/LZHS/pp_lgcm_review/20261005/audit_stage1/mplus/0adeb6feae0a/model.out","0adeb6feae0a0a4407ca01fc090e6f7f4f57f3b2ebc08b5ebc49e3dee72069f4"
"Q5.WITH","I5",-0.127,0.047,-2.685,0.007,"lgca_process5_quadratic.out","C:/Users/LZHS/pp_lgcm_review/20261005/audit_stage1/mplus/0adeb6feae0a/model.out","0adeb6feae0a0a4407ca01fc090e6f7f4f57f3b2ebc08b5ebc49e3dee72069f4"
"Q5.WITH","S5",0.012,0.018,0.681,0.496,"lgca_process5_quadratic.out","C:/Users/LZHS/pp_lgcm_review/20261005/audit_stage1/mplus/0adeb6feae0a/model.out","0adeb6feae0a0a4407ca01fc090e6f7f4f57f3b2ebc08b5ebc49e3dee72069f4"
"Means","I5",13.569,0.074,183.892,0,"lgca_process5_quadratic.out","C:/Users/LZHS/pp_lgcm_review/20261005/audit_stage1/mplus/0adeb6feae0a/model.out","0adeb6feae0a0a4407ca01fc090e6f7f4f57f3b2ebc08b5ebc49e3dee72069f4"
"Means","S5",0.028,0.03,0.95,0.342,"lgca_process5_quadratic.out","C:/Users/LZHS/pp_lgcm_review/20261005/audit_stage1/mplus/0adeb6feae0a/model.out","0adeb6feae0a0a4407ca01fc090e6f7f4f57f3b2ebc08b5ebc49e3dee72069f4"
"Means","Q5",0.003,0.003,0.867,0.386,"lgca_process5_quadratic.out","C:/Users/LZHS/pp_lgcm_review/20261005/audit_stage1/mplus/0adeb6feae0a/model.out","0adeb6feae0a0a4407ca01fc090e6f7f4f57f3b2ebc08b5ebc49e3dee72069f4"
"Intercepts","CES812",0,0,999,999,"lgca_process5_quadratic.out","C:/Users/LZHS/pp_lgcm_review/20261005/audit_stage1/mplus/0adeb6feae0a/model.out","0adeb6feae0a0a4407ca01fc090e6f7f4f57f3b2ebc08b5ebc49e3dee72069f4"
"Intercepts","CES816",0,0,999,999,"lgca_process5_quadratic.out","C:/Users/LZHS/pp_lgcm_review/20261005/audit_stage1/mplus/0adeb6feae0a/model.out","0adeb6feae0a0a4407ca01fc090e6f7f4f57f3b2ebc08b5ebc49e3dee72069f4"
"Intercepts","CES818",0,0,999,999,"lgca_process5_quadratic.out","C:/Users/LZHS/pp_lgcm_review/20261005/audit_stage1/mplus/0adeb6feae0a/model.out","0adeb6feae0a0a4407ca01fc090e6f7f4f57f3b2ebc08b5ebc49e3dee72069f4"
"Intercepts","CES820",0,0,999,999,"lgca_process5_quadratic.out","C:/Users/LZHS/pp_lgcm_review/20261005/audit_stage1/mplus/0adeb6feae0a/model.out","0adeb6feae0a0a4407ca01fc090e6f7f4f57f3b2ebc08b5ebc49e3dee72069f4"
"Intercepts","CES822",0,0,999,999,"lgca_process5_quadratic.out","C:/Users/LZHS/pp_lgcm_review/20261005/audit_stage1/mplus/0adeb6feae0a/model.out","0adeb6feae0a0a4407ca01fc090e6f7f4f57f3b2ebc08b5ebc49e3dee72069f4"
"Variances","I5",3.568,1.862,1.917,0.055,"lgca_process5_quadratic.out","C:/Users/LZHS/pp_lgcm_review/20261005/audit_stage1/mplus/0adeb6feae0a/model.out","0adeb6feae0a0a4407ca01fc090e6f7f4f57f3b2ebc08b5ebc49e3dee72069f4"
"Variances","S5",-0.244,0.216,-1.126,0.26,"lgca_process5_quadratic.out","C:/Users/LZHS/pp_lgcm_review/20261005/audit_stage1/mplus/0adeb6feae0a/model.out","0adeb6feae0a0a4407ca01fc090e6f7f4f57f3b2ebc08b5ebc49e3dee72069f4"
"Variances","Q5",0,0.002,-0.045,0.964,"lgca_process5_quadratic.out","C:/Users/LZHS/pp_lgcm_review/20261005/audit_stage1/mplus/0adeb6feae0a/model.out","0adeb6feae0a0a4407ca01fc090e6f7f4f57f3b2ebc08b5ebc49e3dee72069f4"
"Residual.Variances","CES812",14.637,1.95,7.508,0,"lgca_process5_quadratic.out","C:/Users/LZHS/pp_lgcm_review/20261005/audit_stage1/mplus/0adeb6feae0a/model.out","0adeb6feae0a0a4407ca01fc090e6f7f4f57f3b2ebc08b5ebc49e3dee72069f4"
"Residual.Variances","CES816",10.306,0.513,20.096,0,"lgca_process5_quadratic.out","C:/Users/LZHS/pp_lgcm_review/20261005/audit_stage1/mplus/0adeb6feae0a/model.out","0adeb6feae0a0a4407ca01fc090e6f7f4f57f3b2ebc08b5ebc49e3dee72069f4"
"Residual.Variances","CES818",10.149,0.538,18.879,0,"lgca_process5_quadratic.out","C:/Users/LZHS/pp_lgcm_review/20261005/audit_stage1/mplus/0adeb6feae0a/model.out","0adeb6feae0a0a4407ca01fc090e6f7f4f57f3b2ebc08b5ebc49e3dee72069f4"
"Residual.Variances","CES820",10.964,0.723,15.156,0,"lgca_process5_quadratic.out","C:/Users/LZHS/pp_lgcm_review/20261005/audit_stage1/mplus/0adeb6feae0a/model.out","0adeb6feae0a0a4407ca01fc090e6f7f4f57f3b2ebc08b5ebc49e3dee72069f4"
"Residual.Variances","CES822",10.301,1.516,6.795,0,"lgca_process5_quadratic.out","C:/Users/LZHS/pp_lgcm_review/20261005/audit_stage1/mplus/0adeb6feae0a/model.out","0adeb6feae0a0a4407ca01fc090e6f7f4f57f3b2ebc08b5ebc49e3dee72069f4"
