"","X1","X2","X3","X4","X5","Y1","Y2","Y3","Y4","Y5"
"X1",1.00654697,0.673609638336564,0.68206079033067,0.736577395515977,0.73876493,-0.18368581131497,-0.252437055826088,-0.262055390081647,-0.271673724337206,-0.281292058592765
"X2",0.673609638336564,1.37261295669346,0.984632605406729,1.12032250950671,1.12576720554644,-0.198895002296966,-0.211196616274151,-0.296217793762743,-0.328658724251336,-0.361099654739928
"X3",0.68206079033067,0.984632605406729,1.38572316949802,1.14815787669166,1.15383883447019,-0.196406624064689,-0.264599408480893,-0.255009309688994,-0.332792192897096,-0.366888585105199
"X4",0.736577395515977,1.1203225095067,1.14815787669166,1.72534649974846,1.33492301234461,-0.180354619114901,-0.269905474720651,-0.314680902523526,-0.320812932326401,-0.404231758129276
"X5",0.73876493,1.12576720554644,1.15383883447019,1.33492301234461,1.74820735,-0.179710516015561,-0.27011838604986,-0.31532232106701,-0.36052625608416,-0.36002214510131
"Y1",-0.18368581131497,-0.198895002296966,-0.196406624064689,-0.180354619114901,-0.179710516015561,1.11820312019688,0.790790369506873,0.80980143416187,0.828812498816866,0.847823563471862
"Y2",-0.252437055826088,-0.211196616274151,-0.264599408480893,-0.269905474720651,-0.27011838604986,0.790790369506873,1.32096849628447,0.984661914673267,1.04928576306207,1.11390961145086
"Y3",-0.262055390081647,-0.296217793762743,-0.255009309688995,-0.314680902523526,-0.31532232106701,0.80980143416187,0.984661914673267,1.49003926492897,1.15952239518466,1.24695263544036
"Y4",-0.271673724337206,-0.328658724251336,-0.332792192897097,-0.320812932326401,-0.36052625608416,0.828812498816866,1.04928576306207,1.15952239518466,1.62759399730726,1.37999565942986
"Y5",-0.281292058592765,-0.361099654739928,-0.366888585105199,-0.404231758129276,-0.36002214510131,0.847823563471862,1.11390961145086,1.24695263544036,1.37999565942986,1.89732060341936
