z,spec,eligible,status,distinct_members_attempted,usable_members_in_family_receipt,members_not_attempted,detail
SD,D0,False,NOT_POOLABLE,1,0,9,第1份：负自由方差PSI:SY=-0.13216282（SE=0.32189）；潜变量或测量协方差验收未通过；整个家族未合并
SEXGAP,D0,False,NOT_POOLABLE,1,0,9,第1份：负自由方差PSI:SX=-0.14359562（SE=0.30501992）；负自由方差PSI:SY=-0.15395162（SE=0.22890936）；潜变量或测量协方差验收未通过；整个家族未合并
OLDEST,D0,False,NOT_POOLABLE,6,5,4,第6份：负自由方差PSI:SY=-0.00068685622（SE=0.13733955）；潜变量或测量协方差验收未通过；整个家族未合并
SONGAP,D0,False,NOT_POOLABLE,1,0,9,第1份：负自由方差PSI:SY=-0.2854307（SE=0.55188006）；潜变量或测量协方差验收未通过；整个家族未合并
SD,D1,False,NOT_POOLABLE,1,0,9,第1份：估计协方差矩阵无法求逆（第523次迭代）；估计未正常结束；整个家族未合并
SEXGAP,D1,False,NOT_POOLABLE,1,0,9,第1份：估计协方差矩阵无法求逆（第711次迭代）；估计未正常结束；整个家族未合并
OLDEST,D1,False,NOT_POOLABLE,1,0,9,第1份：负自由方差PSI:SY=-0.5281729（SE=0.090888752）；潜变量或测量协方差验收未通过；参数估计协方差验收未通过；Mplus报告鞍点警告；整个家族未合并
SONGAP,D1,False,NOT_POOLABLE,1,0,9,第1份：达到预定计算时限（21600秒）；未获得可采用终值；整个家族未合并
SD,E0,False,NOT_RUN_BUDGET,0,,10,未执行；按阶段预算延期
SEXGAP,E0,False,NOT_RUN_BUDGET,0,,10,未执行；按阶段预算延期
OLDEST,E0,False,NOT_RUN_BUDGET,0,,10,未执行；按阶段预算延期
SONGAP,E0,False,NOT_RUN_BUDGET,0,,10,未执行；按阶段预算延期
SD,E1,False,NOT_RUN_BUDGET,0,,10,未执行；按阶段预算延期
SEXGAP,E1,False,NOT_RUN_BUDGET,0,,10,未执行；按阶段预算延期
OLDEST,E1,False,NOT_RUN_BUDGET,0,,10,未执行；按阶段预算延期
SONGAP,E1,False,NOT_RUN_BUDGET,0,,10,未执行；按阶段预算延期
SD,H4_EDU,False,NOT_RUN_BUDGET,0,,10,未执行；按阶段预算延期
SD,H4_URBAN,False,NOT_RUN_BUDGET,0,,10,未执行；按阶段预算延期
SD,H4_INC,False,NOT_RUN_BUDGET,0,,10,未执行；按阶段预算延期
