"matrix","row","column","value"
"NU","1","X1",0
"NU","1","X2",0
"NU","1","X3",0
"NU","1","X4",0
"NU","1","X5",0
"NU","1","Y1",0
"NU","1","Y2",0
"NU","1","Y3",0
"NU","1","Y4",0
"NU","1","Y5",0
"NU","1","Z0",0
"NU","1","C1",0
"NU","1","C2",0
"NU","1","C3",0
"LAMBDA","X1","SX",0
"LAMBDA","X1","IX",0
"LAMBDA","X1","IY",0
"LAMBDA","X1","SY",0
"LAMBDA","X1","SXZ",0
"LAMBDA","X2","SX",0.69240131
"LAMBDA","X2","IX",1
"LAMBDA","X2","IY",0
"LAMBDA","X2","SY",0
"LAMBDA","X2","SXZ",0
"LAMBDA","X3","SX",0.73957536
"LAMBDA","X3","IX",1
"LAMBDA","X3","IY",0
"LAMBDA","X3","SY",0
"LAMBDA","X3","SXZ",0
"LAMBDA","X4","SX",1.0167382
"LAMBDA","X4","IX",1
"LAMBDA","X4","IY",0
"LAMBDA","X4","SY",0
"LAMBDA","X4","SXZ",0
"LAMBDA","X5","SX",1
"LAMBDA","X5","IX",1
"LAMBDA","X5","IY",0
"LAMBDA","X5","SY",0
"LAMBDA","X5","SXZ",0
"LAMBDA","Y1","SX",0
"LAMBDA","Y1","IX",0
"LAMBDA","Y1","IY",0
"LAMBDA","Y1","SY",0
"LAMBDA","Y1","SXZ",0
"LAMBDA","Y2","SX",0
"LAMBDA","Y2","IX",0
"LAMBDA","Y2","IY",1
"LAMBDA","Y2","SY",0.4
"LAMBDA","Y2","SXZ",0
"LAMBDA","Y3","SX",0
"LAMBDA","Y3","IX",0
"LAMBDA","Y3","IY",1
"LAMBDA","Y3","SY",0.6
"LAMBDA","Y3","SXZ",0
"LAMBDA","Y4","SX",0
"LAMBDA","Y4","IX",0
"LAMBDA","Y4","IY",1
"LAMBDA","Y4","SY",0.8
"LAMBDA","Y4","SXZ",0
"LAMBDA","Y5","SX",0
"LAMBDA","Y5","IX",0
"LAMBDA","Y5","IY",1
"LAMBDA","Y5","SY",1
"LAMBDA","Y5","SXZ",0
"LAMBDA","Z0","SX",0
"LAMBDA","Z0","IX",0
"LAMBDA","Z0","IY",0
"LAMBDA","Z0","SY",0
"LAMBDA","Z0","SXZ",0
"LAMBDA","C1","SX",0
"LAMBDA","C1","IX",0
"LAMBDA","C1","IY",0
"LAMBDA","C1","SY",0
"LAMBDA","C1","SXZ",0
"LAMBDA","C2","SX",0
"LAMBDA","C2","IX",0
"LAMBDA","C2","IY",0
"LAMBDA","C2","SY",0
"LAMBDA","C2","SXZ",0
"LAMBDA","C3","SX",0
"LAMBDA","C3","IX",0
"LAMBDA","C3","IY",0
"LAMBDA","C3","SY",0
"LAMBDA","C3","SXZ",0
"LAMBDA","X1","X1",1
"LAMBDA","X1","Y1",0
"LAMBDA","X1","Z0",0
"LAMBDA","X1","C1",0
"LAMBDA","X1","C2",0
"LAMBDA","X2","X1",0
"LAMBDA","X2","Y1",0
"LAMBDA","X2","Z0",0
"LAMBDA","X2","C1",0
"LAMBDA","X2","C2",0
"LAMBDA","X3","X1",0
"LAMBDA","X3","Y1",0
"LAMBDA","X3","Z0",0
"LAMBDA","X3","C1",0
"LAMBDA","X3","C2",0
"LAMBDA","X4","X1",0
"LAMBDA","X4","Y1",0
"LAMBDA","X4","Z0",0
"LAMBDA","X4","C1",0
"LAMBDA","X4","C2",0
"LAMBDA","X5","X1",0
"LAMBDA","X5","Y1",0
"LAMBDA","X5","Z0",0
"LAMBDA","X5","C1",0
"LAMBDA","X5","C2",0
"LAMBDA","Y1","X1",0
"LAMBDA","Y1","Y1",1
"LAMBDA","Y1","Z0",0
"LAMBDA","Y1","C1",0
"LAMBDA","Y1","C2",0
"LAMBDA","Y2","X1",0
"LAMBDA","Y2","Y1",0
"LAMBDA","Y2","Z0",0
"LAMBDA","Y2","C1",0
"LAMBDA","Y2","C2",0
"LAMBDA","Y3","X1",0
"LAMBDA","Y3","Y1",0
"LAMBDA","Y3","Z0",0
"LAMBDA","Y3","C1",0
"LAMBDA","Y3","C2",0
"LAMBDA","Y4","X1",0
"LAMBDA","Y4","Y1",0
"LAMBDA","Y4","Z0",0
"LAMBDA","Y4","C1",0
"LAMBDA","Y4","C2",0
"LAMBDA","Y5","X1",0
"LAMBDA","Y5","Y1",0
"LAMBDA","Y5","Z0",0
"LAMBDA","Y5","C1",0
"LAMBDA","Y5","C2",0
"LAMBDA","Z0","X1",0
"LAMBDA","Z0","Y1",0
"LAMBDA","Z0","Z0",1
"LAMBDA","Z0","C1",0
"LAMBDA","Z0","C2",0
"LAMBDA","C1","X1",0
"LAMBDA","C1","Y1",0
"LAMBDA","C1","Z0",0
"LAMBDA","C1","C1",1
"LAMBDA","C1","C2",0
"LAMBDA","C2","X1",0
"LAMBDA","C2","Y1",0
"LAMBDA","C2","Z0",0
"LAMBDA","C2","C1",0
"LAMBDA","C2","C2",1
"LAMBDA","C3","X1",0
"LAMBDA","C3","Y1",0
"LAMBDA","C3","Z0",0
"LAMBDA","C3","C1",0
"LAMBDA","C3","C2",0
"LAMBDA","X1","C3",0
"LAMBDA","X2","C3",0
"LAMBDA","X3","C3",0
"LAMBDA","X4","C3",0
"LAMBDA","X5","C3",0
"LAMBDA","Y1","C3",0
"LAMBDA","Y2","C3",0
"LAMBDA","Y3","C3",0
"LAMBDA","Y4","C3",0
"LAMBDA","Y5","C3",0
"LAMBDA","Z0","C3",0
"LAMBDA","C1","C3",0
"LAMBDA","C2","C3",0
"LAMBDA","C3","C3",1
"THETA","X1","X1",0
"THETA","X2","X1",0
"THETA","X2","X2",0.24497865
"THETA","X3","X1",0
"THETA","X3","X2",0
"THETA","X3","X3",0.2391535
"THETA","X4","X1",0
"THETA","X4","X2",0
"THETA","X4","X3",0
"THETA","X4","X4",0.2424617
"THETA","X5","X1",0
"THETA","X5","X2",0
"THETA","X5","X3",0
"THETA","X5","X4",0
"THETA","X5","X5",0.2849668
"THETA","Y1","X1",0
"THETA","Y1","X2",0
"THETA","Y1","X3",0
"THETA","Y1","X4",0
"THETA","Y1","X5",0
"THETA","Y2","X1",0
"THETA","Y2","X2",0.049455692
"THETA","Y2","X3",0
"THETA","Y2","X4",0
"THETA","Y2","X5",0
"THETA","Y3","X1",0
"THETA","Y3","X2",0
"THETA","Y3","X3",0.049003777
"THETA","Y3","X4",0
"THETA","Y3","X5",0
"THETA","Y4","X1",0
"THETA","Y4","X2",0
"THETA","Y4","X3",0
"THETA","Y4","X4",0.03826129
"THETA","Y4","X5",0
"THETA","Y5","X1",0
"THETA","Y5","X2",0
"THETA","Y5","X3",0
"THETA","Y5","X4",0
"THETA","Y5","X5",0.054483822
"THETA","Z0","X1",0
"THETA","Z0","X2",0
"THETA","Z0","X3",0
"THETA","Z0","X4",0
"THETA","Z0","X5",0
"THETA","C1","X1",0
"THETA","C1","X2",0
"THETA","C1","X3",0
"THETA","C1","X4",0
"THETA","C1","X5",0
"THETA","C2","X1",0
"THETA","C2","X2",0
"THETA","C2","X3",0
"THETA","C2","X4",0
"THETA","C2","X5",0
"THETA","C3","X1",0
"THETA","C3","X2",0
"THETA","C3","X3",0
"THETA","C3","X4",0
"THETA","C3","X5",0
"THETA","Y1","Y1",0
"THETA","Y2","Y1",0
"THETA","Y2","Y2",0.31412985
"THETA","Y3","Y1",0
"THETA","Y3","Y2",0
"THETA","Y3","Y3",0.29880112
"THETA","Y4","Y1",0
"THETA","Y4","Y2",0
"THETA","Y4","Y3",0
"THETA","Y4","Y4",0.29251662
"THETA","Y5","Y1",0
"THETA","Y5","Y2",0
"THETA","Y5","Y3",0
"THETA","Y5","Y4",0
"THETA","Y5","Y5",0.31619258
"THETA","Z0","Y1",0
"THETA","Z0","Y2",0
"THETA","Z0","Y3",0
"THETA","Z0","Y4",0
"THETA","Z0","Y5",0
"THETA","C1","Y1",0
"THETA","C1","Y2",0
"THETA","C1","Y3",0
"THETA","C1","Y4",0
"THETA","C1","Y5",0
"THETA","C2","Y1",0
"THETA","C2","Y2",0
"THETA","C2","Y3",0
"THETA","C2","Y4",0
"THETA","C2","Y5",0
"THETA","C3","Y1",0
"THETA","C3","Y2",0
"THETA","C3","Y3",0
"THETA","C3","Y4",0
"THETA","C3","Y5",0
"THETA","Z0","Z0",0
"THETA","C1","Z0",0
"THETA","C1","C1",0
"THETA","C2","Z0",0
"THETA","C2","C1",0
"THETA","C2","C2",0
"THETA","C3","Z0",0
"THETA","C3","C1",0
"THETA","C3","C2",0
"THETA","C3","C3",0
"ALPHA","1","SX",0.013059039
"ALPHA","1","IX",-0.030513214
"ALPHA","1","IY",0.033253145
"ALPHA","1","SY",0.037009603
"ALPHA","1","SXZ",0
"ALPHA","1","X1",0
"ALPHA","1","Y1",0
"ALPHA","1","Z0",0
"ALPHA","1","C1",0
"ALPHA","1","C2",0
"ALPHA","1","C3",0
"BETA","SX","SX",0
"BETA","SX","IX",0
"BETA","SX","IY",0
"BETA","SX","SY",0
"BETA","SX","SXZ",0
"BETA","IX","SX",0
"BETA","IX","IX",0
"BETA","IX","IY",0
"BETA","IX","SY",0
"BETA","IX","SXZ",0
"BETA","IY","SX",0
"BETA","IY","IX",-0.27610942
"BETA","IY","IY",0
"BETA","IY","SY",0
"BETA","IY","SXZ",0
"BETA","SY","SX",-0.17685051
"BETA","SY","IX",0.034500263
"BETA","SY","IY",0.24613492
"BETA","SY","SY",0
"BETA","SY","SXZ",0.2660836
"BETA","SXZ","SX",0
"BETA","SXZ","IX",0
"BETA","SXZ","IY",0
"BETA","SXZ","SY",0
"BETA","SXZ","SXZ",0
"BETA","X1","SX",0
"BETA","X1","IX",1
"BETA","X1","IY",0
"BETA","X1","SY",0
"BETA","X1","SXZ",0
"BETA","Y1","SX",0
"BETA","Y1","IX",0
"BETA","Y1","IY",1
"BETA","Y1","SY",0
"BETA","Y1","SXZ",0
"BETA","Z0","SX",0
"BETA","Z0","IX",0
"BETA","Z0","IY",0
"BETA","Z0","SY",0
"BETA","Z0","SXZ",0
"BETA","C1","SX",0
"BETA","C1","IX",0
"BETA","C1","IY",0
"BETA","C1","SY",0
"BETA","C1","SXZ",0
"BETA","C2","SX",0
"BETA","C2","IX",0
"BETA","C2","IY",0
"BETA","C2","SY",0
"BETA","C2","SXZ",0
"BETA","C3","SX",0
"BETA","C3","IX",0
"BETA","C3","IY",0
"BETA","C3","SY",0
"BETA","C3","SXZ",0
"BETA","SX","X1",0
"BETA","SX","Y1",0
"BETA","SX","Z0",0.071959032
"BETA","SX","C1",0.01350163
"BETA","SX","C2",0.049806674
"BETA","IX","X1",0
"BETA","IX","Y1",0
"BETA","IX","Z0",0.17748861
"BETA","IX","C1",0.064894214
"BETA","IX","C2",-0.0039757464
"BETA","IY","X1",0
"BETA","IY","Y1",0
"BETA","IY","Z0",0.18697724
"BETA","IY","C1",-0.10576497
"BETA","IY","C2",0.014048973
"BETA","SY","X1",0
"BETA","SY","Y1",0
"BETA","SY","Z0",0.065561146
"BETA","SY","C1",0.048612896
"BETA","SY","C2",-0.028834566
"BETA","SXZ","X1",0
"BETA","SXZ","Y1",0
"BETA","SXZ","Z0",0
"BETA","SXZ","C1",0
"BETA","SXZ","C2",0
"BETA","X1","X1",0
"BETA","X1","Y1",0
"BETA","X1","Z0",0.071425431
"BETA","X1","C1",0
"BETA","X1","C2",0
"BETA","Y1","X1",0
"BETA","Y1","Y1",0
"BETA","Y1","Z0",0.087308651
"BETA","Y1","C1",0
"BETA","Y1","C2",0
"BETA","Z0","X1",0
"BETA","Z0","Y1",0
"BETA","Z0","Z0",0
"BETA","Z0","C1",0
"BETA","Z0","C2",0
"BETA","C1","X1",0
"BETA","C1","Y1",0
"BETA","C1","Z0",0
"BETA","C1","C1",0
"BETA","C1","C2",0
"BETA","C2","X1",0
"BETA","C2","Y1",0
"BETA","C2","Z0",0
"BETA","C2","C1",0
"BETA","C2","C2",0
"BETA","C3","X1",0
"BETA","C3","Y1",0
"BETA","C3","Z0",0
"BETA","C3","C1",0
"BETA","C3","C2",0
"BETA","SX","C3",-0.081854254
"BETA","IX","C3",0.0098874262
"BETA","IY","C3",0.016943949
"BETA","SY","C3",-0.031316509
"BETA","SXZ","C3",0
"BETA","X1","C3",0
"BETA","Y1","C3",0
"BETA","Z0","C3",0
"BETA","C1","C3",0
"BETA","C2","C3",0
"BETA","C3","C3",0
"PSI","SX","SX",0.383588
"PSI","IX","SX",0.068902056
"PSI","IX","IX",0.65070803
"PSI","IY","SX",0.00095489055
"PSI","IY","IX",0
"PSI","IY","IY",0.62323047
"PSI","SY","SX",0
"PSI","SY","IX",0
"PSI","SY","IY",0
"PSI","SY","SY",0.24982298
"PSI","SXZ","SX",0
"PSI","SXZ","IX",0
"PSI","SXZ","IY",0
"PSI","SXZ","SY",0
"PSI","SXZ","SXZ",0
"PSI","X1","SX",0
"PSI","X1","IX",0
"PSI","X1","IY",0
"PSI","X1","SY",0
"PSI","X1","SXZ",0
"PSI","Y1","SX",0
"PSI","Y1","IX",0
"PSI","Y1","IY",0
"PSI","Y1","SY",0
"PSI","Y1","SXZ",0
"PSI","Z0","SX",0
"PSI","Z0","IX",0
"PSI","Z0","IY",0
"PSI","Z0","SY",0
"PSI","Z0","SXZ",0
"PSI","C1","SX",0
"PSI","C1","IX",0
"PSI","C1","IY",0
"PSI","C1","SY",0
"PSI","C1","SXZ",0
"PSI","C2","SX",0
"PSI","C2","IX",0
"PSI","C2","IY",0
"PSI","C2","SY",0
"PSI","C2","SXZ",0
"PSI","C3","SX",0
"PSI","C3","IX",0
"PSI","C3","IY",0
"PSI","C3","SY",0
"PSI","C3","SXZ",0
"PSI","X1","X1",0.27049199
"PSI","Y1","X1",0.025700572
"PSI","Y1","Y1",0.32038942
"PSI","Z0","X1",0
"PSI","Z0","Y1",0
"PSI","Z0","Z0",0.497
"PSI","C1","X1",0
"PSI","C1","Y1",0
"PSI","C1","Z0",0
"PSI","C1","C1",0.121
"PSI","C2","X1",0
"PSI","C2","Y1",0
"PSI","C2","Z0",0
"PSI","C2","C1",0
"PSI","C2","C2",0.12
"PSI","C3","X1",0
"PSI","C3","Y1",0
"PSI","C3","Z0",0
"PSI","C3","C1",0
"PSI","C3","C2",0
"PSI","C3","C3",0.119
