id,attempt,purpose,N,status,compared_parameter_rows,seconds,input_sha256,data_sha256,output_sha256
D1981_U0_linear,attempt01,same_sample_diagnostic,1981,REVIEWABLE,25,1.0231020450592,3f663bf0b022fdbb0ff18c9fc6e232703e9d43cf56a52f366323b0cbf411aa0a,fee592332f848b81581b229dbfd1dcd7e05ab6cddc2c258655253bbdb03f2df8,a300181f303b8da3d73097329a9761ad8e6cd406a2553147e9c7e1d92e9e89bd
D1981_U1_linear,attempt01,same_sample_diagnostic,1981,REVIEWABLE,77,6.61658906936646,0c0c8fdd55dd31e27c3cf7c310f8451ed77bf86ffb5aa50b28ab0571e3ba3820,7f1e7df0ef3b6bd4b59483e69c1dc7a505cf0ba632118bf594b4d0abede0dfa7,5435d5059e71faa5143de35d09dfe89de35bf60af0d534db6f91e0d21a9691a3
D1981_P0_linear,attempt01,same_sample_diagnostic,1981,REVIEWABLE,53,2.09512996673584,1bbf75d3ad73878378cbc8dcba88f83d936f9d4c9d532185af785023be7a5355,21a087d48d0971f5074d86d5dda9a07e97cc6e7602aba5b4b057840271753298,687654357c26a69c26a10bef1b2acd668b66e2103fa96151958fcbd23497e20d
D1981_P1_linear,attempt01,same_sample_diagnostic,1981,INADMISSIBLE,105,18.9960129261017,84675f6d98c41ea21c82eba4bfefafa7f0ae2d3f7923f51d93d071a8f8462170,0e2f1530e5631f6d3332247a802049818589258fb1a1c44cc8f97928326b14d2,5fe55f00ef56057c0fcc5d98de0f3d2f2b0f523c9a46b538abaacb36721e041f
D1981_U0_free,attempt01,same_sample_diagnostic,1981,INADMISSIBLE,25,1.42010903358459,3e03015073bb78bf9b79688cd76e3a6e60e19c118fba1d349270486bcd8a2896,fee592332f848b81581b229dbfd1dcd7e05ab6cddc2c258655253bbdb03f2df8,1b6d39b773f614549893ba03b3090c9714a6214dd142b622c4e6c04805c736ee
D1981_U1_free,attempt01,same_sample_diagnostic,1981,INADMISSIBLE,77,11.314386844635,bf01415adf789b3cb46d93f5683a3df539da632598f1f6340042f60203fe4f66,7f1e7df0ef3b6bd4b59483e69c1dc7a505cf0ba632118bf594b4d0abede0dfa7,4e300597a97424c7ab9d7e4560cc93e455e260a7a2fa4e3fcd2277b875a0c92a
D1981_P0_free,attempt01,same_sample_diagnostic,1981,REVIEWABLE,53,1.66010618209839,d6c4da6ae73c69192badba9be9e02a1e861e249b09ccec70670a682b259d09b6,21a087d48d0971f5074d86d5dda9a07e97cc6e7602aba5b4b057840271753298,42b2644bbdc1e3e823ee16fd58ed3ad013906132bf7b0c67de28581a979d57ec
D1981_P1_free,attempt01,same_sample_diagnostic,1981,INADMISSIBLE,105,20.5724380016327,91143c4c0b808c0409293ea2033f7ec94d81a0e14f3bb72dfc0f4111b87654ec,0e2f1530e5631f6d3332247a802049818589258fb1a1c44cc8f97928326b14d2,f41e312c64b4cc5e43623c4a71adc4a60536ad267cae34e22604640fa0d2efa5
D3274_U0_linear,attempt01,cluster_recheck,3274,REVIEWABLE,25,1.83019995689392,9b7820d089b057cc2514a1a96e2ce55ecbbb20a173e61216e85338f5acade70d,d2cad4c8ed6fe2a95957006105d7973999ca2fa3e7179410a71a23a7c8bd2c38,45e65601930ce85b4c23b566003d3a94c7436ecee0833aa200a28bc2a89147ca
D3274_U0_free,attempt01,cluster_recheck,3274,REVIEWABLE,25,1.33951902389526,64e2fa7fa82f0fd4006d761eea6261edaa21d9c5e9f4859bb7de0793f399181c,d2cad4c8ed6fe2a95957006105d7973999ca2fa3e7179410a71a23a7c8bd2c38,27913bdf7d39cfcd16edf737a80aca784acd1048dc4d94345506e22ac8cd51dc
D2225_U0_four_linear,attempt01,four_wave_failure_diagnostic,2225,REVIEWABLE,21,1.21970081329346,58227b09f9cb2f74ede464a30bf764ba80f359d8dcd1d59bc2ae5c9a9bd01c00,f88f198172cf33608e1fa87a0e6c71d8bbc144a65ba6a22f800d4e95002c3a74,20b040e1651ba71749ba6ba22e21e78f6507dadcb031da7bd84d80429e0f85f2
D1981_P1_linear_residual,attempt01,synchronous_cross_process_residual_sensitivity,1981,INPUT_REJECTED,0,0.946254968643188,682d3814a5b432686d4a87a7cc57024f893bbae08cd847d23b4d7cc7c56d933d,0e2f1530e5631f6d3332247a802049818589258fb1a1c44cc8f97928326b14d2,ae4934e35739c5b0ff2e357367ff31af6a3dcbb443833cbd30c3402cd8ef3fec
D1981_P1_linear_boundary,attempt01,conditional_SY_zero_boundary_sensitivity,1981,INPUT_REJECTED,0,1.40358805656433,7cc09ce1731e181a30bf0267387ee5804bd690e65a8265ee6201a30b94682199,0e2f1530e5631f6d3332247a802049818589258fb1a1c44cc8f97928326b14d2,63cb1be85b67a9b85a18aa4cd298f1e2c3061c3f9c055f21a996197b0aa24db9
D1981_P1_linear,attempt02,starting_values_only,1981,INPUT_REJECTED,0,0.868435859680176,afa4c5e1acf6c79dd8886f969f91e9ce3f85f3abe36cb28dfd4552c1f09ff1aa,0e2f1530e5631f6d3332247a802049818589258fb1a1c44cc8f97928326b14d2,a8be066571b899abbbe96372459cd677ffe61e3c69916dc3ca1cf70ce5e083f5
D1981_P1_free,attempt02,starting_values_only,1981,INPUT_REJECTED,0,1.18043112754822,6ae41f3713a4ec4600c6a02e3778d97c3f83e25d9b7730e109e85925d16d5e22,0e2f1530e5631f6d3332247a802049818589258fb1a1c44cc8f97928326b14d2,90ab1053c2b42e19e8bb712ed13993c950ffdea3ef1e553f2d03d2d62a9c28a8
D1981_P1_linear_xcov,attempt01,X_growth_covariate_covariance_sensitivity,1981,INADMISSIBLE,534,108.569050073624,f134c22f4799f78b897b8a222000534d7af8909ddc910d28b97f48f82cfec93a,0e2f1530e5631f6d3332247a802049818589258fb1a1c44cc8f97928326b14d2,c3c3508be7236cb1a00e038f9c83777dcdf526b9e4703d26841594db2ee257b9
D1981_P1_linear_boundary,attempt02,conditional_SY_zero_boundary_sensitivity,1981,REVIEWABLE,108,15.8969910144806,a0e707a6b043bc197d7afa30622661ee80434973bdae9395f948506540342c2a,0e2f1530e5631f6d3332247a802049818589258fb1a1c44cc8f97928326b14d2,28882832571ae26a6d711f105002676ef5e35e8262d06b7f238c9cc8aa34493f
D1981_P1_linear,attempt03,starting_values_only,1981,INADMISSIBLE,105,18.0937478542328,f5df51fcfa928e9f35f4a2ed06b90571638b0038547c6eeaf3fa6edaa840c4b2,0e2f1530e5631f6d3332247a802049818589258fb1a1c44cc8f97928326b14d2,b246123b1fb10d53ec92083a6a4140af399256672a45a5328561590d4402a903
D1981_P1_free,attempt03,starting_values_only,1981,INADMISSIBLE,105,18.8259320259094,acb470201d80c45602a8c0460ec657b1c86f093264169ba4ede52df0828f8039,0e2f1530e5631f6d3332247a802049818589258fb1a1c44cc8f97928326b14d2,684b5f312d6a3667d24625742f16af2075379b3cc091ec646210a8995ba669de
