"id","attempt","status","N","paramHeader","param","est","se","est_se","pval"
"D1981_U0_linear","attempt01","REVIEWABLE",1981,"Variances","IY",0.453,0.041,11.112,0
"D1981_U0_linear","attempt01","REVIEWABLE",1981,"Variances","SY",0.001,0.001,1.213,0.225
"D1981_U1_linear","attempt01","REVIEWABLE",1981,"Residual.Variances","IY",0.213,0.033,6.383,0
"D1981_U1_linear","attempt01","REVIEWABLE",1981,"Residual.Variances","SY",0.001,0.001,1.05,0.294
"D1981_P0_linear","attempt01","REVIEWABLE",1981,"Variances","IX",0.298,0.044,6.709,0
"D1981_P0_linear","attempt01","REVIEWABLE",1981,"Variances","SX",0.001,0.001,2.078,0.038
"D1981_P0_linear","attempt01","REVIEWABLE",1981,"Residual.Variances","IY",0.349,0.042,8.364,0
"D1981_P0_linear","attempt01","REVIEWABLE",1981,"Residual.Variances","SY",0.001,0.001,0.482,0.63
"D1981_P1_linear","attempt01","INADMISSIBLE",1981,"Variances","IX",0.269,0.046,5.83,0
"D1981_P1_linear","attempt01","INADMISSIBLE",1981,"Variances","SX",0.001,0.001,1.043,0.297
"D1981_P1_linear","attempt01","INADMISSIBLE",1981,"Residual.Variances","IY",0.183,0.034,5.36,0
"D1981_P1_linear","attempt01","INADMISSIBLE",1981,"Residual.Variances","SY",0,0.001,-0.138,0.89
"D1981_U0_free","attempt01","INADMISSIBLE",1981,"Variances","IY",0.432,0.05,8.577,0
"D1981_U0_free","attempt01","INADMISSIBLE",1981,"Variances","SY",0,0.001,-0.053,0.958
"D1981_U1_free","attempt01","INADMISSIBLE",1981,"Residual.Variances","IY",0.142,0.154,0.918,0.359
"D1981_U1_free","attempt01","INADMISSIBLE",1981,"Residual.Variances","SY",0,0.002,-0.132,0.895
"D1981_P0_free","attempt01","REVIEWABLE",1981,"Variances","IX",0.288,0.053,5.444,0
"D1981_P0_free","attempt01","REVIEWABLE",1981,"Variances","SX",0.001,0.001,1.276,0.202
"D1981_P0_free","attempt01","REVIEWABLE",1981,"Residual.Variances","IY",0.34,0.1,3.41,0.001
"D1981_P0_free","attempt01","REVIEWABLE",1981,"Residual.Variances","SY",0,0.006,0.033,0.974
"D1981_P1_free","attempt01","INADMISSIBLE",1981,"Variances","IX",0.272,0.052,5.203,0
"D1981_P1_free","attempt01","INADMISSIBLE",1981,"Variances","SX",0.001,0.001,0.957,0.338
"D1981_P1_free","attempt01","INADMISSIBLE",1981,"Residual.Variances","IY",0.151,0.138,1.095,0.273
"D1981_P1_free","attempt01","INADMISSIBLE",1981,"Residual.Variances","SY",-0.001,0.005,-0.178,0.859
"D3274_U0_linear","attempt01","REVIEWABLE",3274,"Variances","IY",8.097,0.632,12.803,0
"D3274_U0_linear","attempt01","REVIEWABLE",3274,"Variances","SY",0.018,0.016,1.143,0.253
"D3274_U0_free","attempt01","REVIEWABLE",3274,"Variances","IY",7.523,0.657,11.449,0
"D3274_U0_free","attempt01","REVIEWABLE",3274,"Variances","SY",0.013,0.01,1.317,0.188
"D2225_U0_four_linear","attempt01","REVIEWABLE",2225,"Variances","IY",10.79,0.756,14.282,0
"D2225_U0_four_linear","attempt01","REVIEWABLE",2225,"Variances","SY",0.117,0.055,2.118,0.034
"D1981_P1_linear_xcov","attempt01","INADMISSIBLE",1981,"Variances","IX",0.301,0.056,5.37,0
"D1981_P1_linear_xcov","attempt01","INADMISSIBLE",1981,"Variances","SX",0.001,0.001,1.084,0.278
"D1981_P1_linear_xcov","attempt01","INADMISSIBLE",1981,"Residual.Variances","IY",0.183,0.034,5.311,0
"D1981_P1_linear_xcov","attempt01","INADMISSIBLE",1981,"Residual.Variances","SY",0,0.002,-0.236,0.814
"D1981_P1_linear_boundary","attempt02","REVIEWABLE",1981,"Variances","IX",0.27,0.045,6.067,0
"D1981_P1_linear_boundary","attempt02","REVIEWABLE",1981,"Variances","SX",0.001,0.001,1.157,0.247
"D1981_P1_linear_boundary","attempt02","REVIEWABLE",1981,"Residual.Variances","IY",0.186,0.025,7.424,0
"D1981_P1_linear_boundary","attempt02","REVIEWABLE",1981,"Residual.Variances","SY",0,0,999,999
"D1981_P1_linear","attempt03","INADMISSIBLE",1981,"Variances","IX",0.269,0.046,5.83,0
"D1981_P1_linear","attempt03","INADMISSIBLE",1981,"Variances","SX",0.001,0.001,1.043,0.297
"D1981_P1_linear","attempt03","INADMISSIBLE",1981,"Residual.Variances","IY",0.183,0.034,5.36,0
"D1981_P1_linear","attempt03","INADMISSIBLE",1981,"Residual.Variances","SY",0,0.001,-0.138,0.89
"D1981_P1_free","attempt03","INADMISSIBLE",1981,"Variances","IX",0.272,0.052,5.202,0
"D1981_P1_free","attempt03","INADMISSIBLE",1981,"Variances","SX",0.001,0.001,0.957,0.338
"D1981_P1_free","attempt03","INADMISSIBLE",1981,"Residual.Variances","IY",0.151,0.138,1.095,0.273
"D1981_P1_free","attempt03","INADMISSIBLE",1981,"Residual.Variances","SY",-0.001,0.005,-0.178,0.859
