"id","attempt","status","N","variable1","variable2","normalized_residual"
"D1981_U0_linear","attempt01","REVIEWABLE",1981,"Y3","Y2",2.004
"D1981_U0_linear","attempt01","REVIEWABLE",1981,"Y5","Y1",-1.573
"D1981_U0_linear","attempt01","REVIEWABLE",1981,"Y4","Y2",-1.277
"D1981_U0_linear","attempt01","REVIEWABLE",1981,"Y2","Y1",-0.752
"D1981_U0_linear","attempt01","REVIEWABLE",1981,"Y4","Y3",-0.657
"D1981_U0_linear","attempt01","REVIEWABLE",1981,"Y3","Y1",0.61
"D1981_U0_linear","attempt01","REVIEWABLE",1981,"Y4","Y1",-0.462
"D1981_U0_linear","attempt01","REVIEWABLE",1981,"Y5","Y4",-0.438
"D1981_U0_linear","attempt01","REVIEWABLE",1981,"Y5","Y2",-0.427
"D1981_U0_linear","attempt01","REVIEWABLE",1981,"Y5","Y3",-0.377
"D1981_U1_linear","attempt01","REVIEWABLE",1981,"Y3","Y2",2.02
"D1981_U1_linear","attempt01","REVIEWABLE",1981,"C22","Y5",1.834
"D1981_U1_linear","attempt01","REVIEWABLE",1981,"C17","Y4",1.76
"D1981_U1_linear","attempt01","REVIEWABLE",1981,"C15","Y5",1.625
"D1981_U1_linear","attempt01","REVIEWABLE",1981,"C10","Y3",-1.617
"D1981_U1_linear","attempt01","REVIEWABLE",1981,"C15","Y2",-1.597
"D1981_U1_linear","attempt01","REVIEWABLE",1981,"C22","Y4",-1.541
"D1981_U1_linear","attempt01","REVIEWABLE",1981,"C25","Y2",-1.54
"D1981_U1_linear","attempt01","REVIEWABLE",1981,"C7","Y4",1.444
"D1981_U1_linear","attempt01","REVIEWABLE",1981,"Y5","Y1",-1.387
"D1981_P0_linear","attempt01","REVIEWABLE",1981,"X3","Y5",2.031
"D1981_P0_linear","attempt01","REVIEWABLE",1981,"Y3","Y2",2.026
"D1981_P0_linear","attempt01","REVIEWABLE",1981,"X3","X2",-1.967
"D1981_P0_linear","attempt01","REVIEWABLE",1981,"X5","X4",1.904
"D1981_P0_linear","attempt01","REVIEWABLE",1981,"X3","Y2",1.588
"D1981_P0_linear","attempt01","REVIEWABLE",1981,"X1","Y4",-1.515
"D1981_P0_linear","attempt01","REVIEWABLE",1981,"X5","X1",1.487
"D1981_P0_linear","attempt01","REVIEWABLE",1981,"Y5","Y1",-1.477
"D1981_P0_linear","attempt01","REVIEWABLE",1981,"Y4","Y2",-1.346
"D1981_P0_linear","attempt01","REVIEWABLE",1981,"X4","Y4",-1.285
"D1981_P1_linear","attempt01","INADMISSIBLE",1981,"C24","X1",7.74
"D1981_P1_linear","attempt01","INADMISSIBLE",1981,"C24","X2",5.379
"D1981_P1_linear","attempt01","INADMISSIBLE",1981,"C21","X1",5.309
"D1981_P1_linear","attempt01","INADMISSIBLE",1981,"C17","X1",5.25
"D1981_P1_linear","attempt01","INADMISSIBLE",1981,"C5","X2",-5.084
"D1981_P1_linear","attempt01","INADMISSIBLE",1981,"C23","X1",-4.911
"D1981_P1_linear","attempt01","INADMISSIBLE",1981,"C16","X1",-4.826
"D1981_P1_linear","attempt01","INADMISSIBLE",1981,"C14","X1",4.773
"D1981_P1_linear","attempt01","INADMISSIBLE",1981,"C17","X2",4.716
"D1981_P1_linear","attempt01","INADMISSIBLE",1981,"C19","X1",4.429
"D1981_U0_free","attempt01","INADMISSIBLE",1981,"Y5","Y1",-2.429
"D1981_U0_free","attempt01","INADMISSIBLE",1981,"Y3","Y2",1.902
"D1981_U0_free","attempt01","INADMISSIBLE",1981,"Y5","Y3",-0.702
"D1981_U0_free","attempt01","INADMISSIBLE",1981,"Y4","Y3",-0.507
"D1981_U0_free","attempt01","INADMISSIBLE",1981,"Y4","Y1",-0.431
"D1981_U0_free","attempt01","INADMISSIBLE",1981,"Y3","Y1",-0.38
"D1981_U0_free","attempt01","INADMISSIBLE",1981,"Y4","Y2",-0.356
"D1981_U0_free","attempt01","INADMISSIBLE",1981,"Y5","Y4",0.286
"D1981_U0_free","attempt01","INADMISSIBLE",1981,"Y5","Y2",-0.255
"D1981_U0_free","attempt01","INADMISSIBLE",1981,"Y2","Y1",-0.004
"D1981_U1_free","attempt01","INADMISSIBLE",1981,"C17","Y4",2.001
"D1981_U1_free","attempt01","INADMISSIBLE",1981,"C22","Y5",1.712
"D1981_U1_free","attempt01","INADMISSIBLE",1981,"C10","Y3",-1.71
"D1981_U1_free","attempt01","INADMISSIBLE",1981,"C5","Y4",-1.613
"D1981_U1_free","attempt01","INADMISSIBLE",1981,"Y5","Y1",-1.565
"D1981_U1_free","attempt01","INADMISSIBLE",1981,"C3","Y5",1.507
"D1981_U1_free","attempt01","INADMISSIBLE",1981,"Y3","Y2",1.504
"D1981_U1_free","attempt01","INADMISSIBLE",1981,"Y4","Y2",-1.492
"D1981_U1_free","attempt01","INADMISSIBLE",1981,"C22","Y4",-1.488
"D1981_U1_free","attempt01","INADMISSIBLE",1981,"C11","Y4",-1.473
"D1981_P0_free","attempt01","REVIEWABLE",1981,"Y3","Y2",2.091
"D1981_P0_free","attempt01","REVIEWABLE",1981,"Y5","Y1",-2.084
"D1981_P0_free","attempt01","REVIEWABLE",1981,"X3","Y5",2.069
"D1981_P0_free","attempt01","REVIEWABLE",1981,"X3","X2",-1.963
"D1981_P0_free","attempt01","REVIEWABLE",1981,"X5","X4",1.952
"D1981_P0_free","attempt01","REVIEWABLE",1981,"X4","Y4",-1.63
"D1981_P0_free","attempt01","REVIEWABLE",1981,"X3","Y2",1.526
"D1981_P0_free","attempt01","REVIEWABLE",1981,"X5","X1",1.415
"D1981_P0_free","attempt01","REVIEWABLE",1981,"X1","Y3",-1.269
"D1981_P0_free","attempt01","REVIEWABLE",1981,"X2","Y2",-1.263
"D1981_P1_free","attempt01","INADMISSIBLE",1981,"C24","X1",7.74
"D1981_P1_free","attempt01","INADMISSIBLE",1981,"C24","X2",5.379
"D1981_P1_free","attempt01","INADMISSIBLE",1981,"C21","X1",5.309
"D1981_P1_free","attempt01","INADMISSIBLE",1981,"C17","X1",5.25
"D1981_P1_free","attempt01","INADMISSIBLE",1981,"C5","X2",-5.084
"D1981_P1_free","attempt01","INADMISSIBLE",1981,"C23","X1",-4.911
"D1981_P1_free","attempt01","INADMISSIBLE",1981,"C16","X1",-4.826
"D1981_P1_free","attempt01","INADMISSIBLE",1981,"C14","X1",4.773
"D1981_P1_free","attempt01","INADMISSIBLE",1981,"C17","X2",4.716
"D1981_P1_free","attempt01","INADMISSIBLE",1981,"C19","X1",4.429
"D3274_U0_linear","attempt01","REVIEWABLE",3274,"Y3","Y2",3.15
"D3274_U0_linear","attempt01","REVIEWABLE",3274,"Y5","Y1",-1.87
"D3274_U0_linear","attempt01","REVIEWABLE",3274,"Y4","Y2",-1.568
"D3274_U0_linear","attempt01","REVIEWABLE",3274,"Y5","Y4",-1.246
"D3274_U0_linear","attempt01","REVIEWABLE",3274,"Y4","Y3",-1.209
"D3274_U0_linear","attempt01","REVIEWABLE",3274,"Y4","Y1",-1.113
"D3274_U0_linear","attempt01","REVIEWABLE",3274,"Y2","Y1",-0.614
"D3274_U0_linear","attempt01","REVIEWABLE",3274,"Y3","Y1",0.555
"D3274_U0_linear","attempt01","REVIEWABLE",3274,"Y5","Y3",-0.364
"D3274_U0_linear","attempt01","REVIEWABLE",3274,"Y5","Y2",0.02
"D3274_U0_free","attempt01","REVIEWABLE",3274,"Y5","Y1",-1.356
"D3274_U0_free","attempt01","REVIEWABLE",3274,"Y5","Y3",-1.336
"D3274_U0_free","attempt01","REVIEWABLE",3274,"Y3","Y2",1.117
"D3274_U0_free","attempt01","REVIEWABLE",3274,"Y5","Y4",0.88
"D3274_U0_free","attempt01","REVIEWABLE",3274,"Y4","Y1",0.484
"D3274_U0_free","attempt01","REVIEWABLE",3274,"Y4","Y3",-0.407
"D3274_U0_free","attempt01","REVIEWABLE",3274,"Y4","Y2",-0.362
"D3274_U0_free","attempt01","REVIEWABLE",3274,"Y3","Y1",0.195
"D3274_U0_free","attempt01","REVIEWABLE",3274,"Y5","Y2",-0.159
"D3274_U0_free","attempt01","REVIEWABLE",3274,"Y2","Y1",-0.099
"D2225_U0_four_linear","attempt01","REVIEWABLE",2225,"Y3","Y1",-2.127
"D2225_U0_four_linear","attempt01","REVIEWABLE",2225,"Y4","Y1",1.081
"D2225_U0_four_linear","attempt01","REVIEWABLE",2225,"Y3","Y2",-0.9
"D2225_U0_four_linear","attempt01","REVIEWABLE",2225,"Y4","Y2",0.693
"D2225_U0_four_linear","attempt01","REVIEWABLE",2225,"Y2","Y1",0.528
"D2225_U0_four_linear","attempt01","REVIEWABLE",2225,"Y4","Y3",-0.135
"D1981_P1_linear_xcov","attempt01","INADMISSIBLE",1981,"C26","X3",-2.687
"D1981_P1_linear_xcov","attempt01","INADMISSIBLE",1981,"X5","X4",2.618
"D1981_P1_linear_xcov","attempt01","INADMISSIBLE",1981,"X3","X2",-2.184
"D1981_P1_linear_xcov","attempt01","INADMISSIBLE",1981,"X3","Y5",2.133
"D1981_P1_linear_xcov","attempt01","INADMISSIBLE",1981,"C14","X3",-2.096
"D1981_P1_linear_xcov","attempt01","INADMISSIBLE",1981,"Y3","Y2",2.067
"D1981_P1_linear_xcov","attempt01","INADMISSIBLE",1981,"C23","X4",-2.061
"D1981_P1_linear_xcov","attempt01","INADMISSIBLE",1981,"C14","X4",1.983
"D1981_P1_linear_xcov","attempt01","INADMISSIBLE",1981,"C5","X4",1.929
"D1981_P1_linear_xcov","attempt01","INADMISSIBLE",1981,"C5","X2",-1.921
"D1981_P1_linear_boundary","attempt02","REVIEWABLE",1981,"C24","X1",7.74
"D1981_P1_linear_boundary","attempt02","REVIEWABLE",1981,"C24","X2",5.379
"D1981_P1_linear_boundary","attempt02","REVIEWABLE",1981,"C21","X1",5.309
"D1981_P1_linear_boundary","attempt02","REVIEWABLE",1981,"C17","X1",5.25
"D1981_P1_linear_boundary","attempt02","REVIEWABLE",1981,"C5","X2",-5.084
"D1981_P1_linear_boundary","attempt02","REVIEWABLE",1981,"C23","X1",-4.911
"D1981_P1_linear_boundary","attempt02","REVIEWABLE",1981,"C16","X1",-4.826
"D1981_P1_linear_boundary","attempt02","REVIEWABLE",1981,"C14","X1",4.773
"D1981_P1_linear_boundary","attempt02","REVIEWABLE",1981,"C17","X2",4.716
"D1981_P1_linear_boundary","attempt02","REVIEWABLE",1981,"C19","X1",4.429
"D1981_P1_linear","attempt03","INADMISSIBLE",1981,"C24","X1",7.74
"D1981_P1_linear","attempt03","INADMISSIBLE",1981,"C24","X2",5.379
"D1981_P1_linear","attempt03","INADMISSIBLE",1981,"C21","X1",5.309
"D1981_P1_linear","attempt03","INADMISSIBLE",1981,"C17","X1",5.25
"D1981_P1_linear","attempt03","INADMISSIBLE",1981,"C5","X2",-5.084
"D1981_P1_linear","attempt03","INADMISSIBLE",1981,"C23","X1",-4.911
"D1981_P1_linear","attempt03","INADMISSIBLE",1981,"C16","X1",-4.826
"D1981_P1_linear","attempt03","INADMISSIBLE",1981,"C14","X1",4.773
"D1981_P1_linear","attempt03","INADMISSIBLE",1981,"C17","X2",4.716
"D1981_P1_linear","attempt03","INADMISSIBLE",1981,"C19","X1",4.429
"D1981_P1_free","attempt03","INADMISSIBLE",1981,"C24","X1",7.74
"D1981_P1_free","attempt03","INADMISSIBLE",1981,"C24","X2",5.379
"D1981_P1_free","attempt03","INADMISSIBLE",1981,"C21","X1",5.309
"D1981_P1_free","attempt03","INADMISSIBLE",1981,"C17","X1",5.25
"D1981_P1_free","attempt03","INADMISSIBLE",1981,"C5","X2",-5.084
"D1981_P1_free","attempt03","INADMISSIBLE",1981,"C23","X1",-4.911
"D1981_P1_free","attempt03","INADMISSIBLE",1981,"C16","X1",-4.826
"D1981_P1_free","attempt03","INADMISSIBLE",1981,"C14","X1",4.773
"D1981_P1_free","attempt03","INADMISSIBLE",1981,"C17","X2",4.716
"D1981_P1_free","attempt03","INADMISSIBLE",1981,"C19","X1",4.429
