"id","attempt","status","N","Parameters","LL","CFI","TLI","RMSEA_Estimate","RMSEA_90CI_LB","RMSEA_90CI_UB","SRMR"
"D1981_U0_linear","attempt01","REVIEWABLE",1981,10,-10083.663,0.984,0.984,0.032,0.019,0.045,0.031
"D1981_U1_linear","attempt01","REVIEWABLE",1981,62,-9678.217,0.98,0.968,0.017,0.011,0.022,0.022
"D1981_P0_linear","attempt01","REVIEWABLE",1981,26,-19838.105,0.977,0.973,0.027,0.02,0.033,0.03
"D1981_P1_linear","attempt01","INADMISSIBLE",1981,78,-19474.458,0.909,0.887,0.026,0.023,0.029,0.049
"D1981_U0_free","attempt01","INADMISSIBLE",1981,13,-10078.428,0.971,0.958,0.051,0.037,0.066,0.03
"D1981_U1_free","attempt01","INADMISSIBLE",1981,65,-9675.6,0.977,0.962,0.018,0.013,0.024,0.023
"D1981_P0_free","attempt01","REVIEWABLE",1981,29,-19834.858,0.964,0.955,0.035,0.028,0.041,0.03
"D1981_P1_free","attempt01","INADMISSIBLE",1981,81,-19472.701,0.904,0.88,0.027,0.024,0.03,0.05
"D3274_U0_linear","attempt01","REVIEWABLE",3274,10,-30180.677,0.981,0.981,0.03,0.02,0.04,0.046
"D3274_U0_free","attempt01","REVIEWABLE",3274,13,-30169.805,0.98,0.971,0.037,0.026,0.048,0.039
"D2225_U0_four_linear","attempt01","REVIEWABLE",2225,9,-17600.343,0.986,0.983,0.033,0.017,0.051,0.034
"D1981_P1_linear_xcov","attempt01","INADMISSIBLE",1981,507,-57270.362,0.97,0.952,0.017,0.013,0.021,0.017
"D1981_P1_linear_boundary","attempt02","REVIEWABLE",1981,77,-19474.471,0.909,0.889,0.026,0.023,0.029,0.049
"D1981_P1_linear","attempt03","INADMISSIBLE",1981,78,-19474.458,0.909,0.887,0.026,0.023,0.029,0.049
"D1981_P1_free","attempt03","INADMISSIBLE",1981,81,-19472.701,0.904,0.88,0.027,0.024,0.03,0.05
