"growth","covariate","covariance_parameter","regression_parameter","covariance_start"
"IX","C1",0,0,0
"SX","C1",0,0,0
"IX","C2",0,0,0
"SX","C2",0,0,0
"IX","C3",0,0,0
"SX","C3",0,0,0
"IX","C4",0,0,0
"SX","C4",0,0,0
"IX","C5",0,0,0
"SX","C5",0,0,0
"IX","C6",0,0,0
"SX","C6",0,0,0
"IX","C7",0,0,0
"SX","C7",0,0,0
"IX","C8",0,0,0
"SX","C8",0,0,0
"IX","C9",0,0,0
"SX","C9",0,0,0
"IX","C10",0,0,0
"SX","C10",0,0,0
"IX","C11",0,0,0
"SX","C11",0,0,0
"IX","C12",0,0,0
"SX","C12",0,0,0
"IX","C13",0,0,0
"SX","C13",0,0,0
"IX","C14",0,0,0
"SX","C14",0,0,0
"IX","C15",0,0,0
"SX","C15",0,0,0
"IX","C16",0,0,0
"SX","C16",0,0,0
"IX","C17",0,0,0
"SX","C17",0,0,0
"IX","C18",0,0,0
"SX","C18",0,0,0
"IX","C19",0,0,0
"SX","C19",0,0,0
"IX","C20",0,0,0
"SX","C20",0,0,0
"IX","C21",0,0,0
"SX","C21",0,0,0
"IX","C22",0,0,0
"SX","C22",0,0,0
"IX","C23",0,0,0
"SX","C23",0,0,0
"IX","C24",0,0,0
"SX","C24",0,0,0
"IX","C25",0,0,0
"SX","C25",0,0,0
"IX","C26",0,0,0
"SX","C26",0,0,0
