"member","partial_SX","partial_SY","partial_covariance","partial_ratio","residual_reconstructed","SY_residual","G_min_eigen","passed"
1,0.110325876479515,0.0128274314106057,-0.0954343897586941,-2.53685916064617,-0.069725484,-0.069725484,-0.336274334815702,FALSE
2,0.110266284888137,0.0119658480586687,-0.0958960198654379,-2.64002153261099,-0.071432687,-0.071432687,-0.342533581963414,FALSE
3,0.112927715110192,0.0137512399346689,-0.0938550845372695,-2.38169752184113,-0.064252436,-0.064252436,-0.315642113642081,FALSE
4,0.109230813423308,0.013365463523895,-0.0958918829189589,-2.50967364530468,-0.070816398,-0.070816398,-0.336594699703662,FALSE
5,0.111685726168718,0.0132856845021788,-0.0947058336161121,-2.45858896225423,-0.067021757,-0.067021757,-0.326847173783972,FALSE
6,0.111774979666214,0.00878147298646015,-0.0958114704409999,-3.05816927587721,-0.073346369,-0.073346369,-0.35299460703671,FALSE
7,0.10625215345908,0.0133380055237681,-0.0967103998221661,-2.56896898961394,-0.074687518,-0.074687518,-0.353050698936056,FALSE
8,0.108566821995876,0.0121321653653068,-0.0969080003459812,-2.67018842506835,-0.074369036,-0.074369036,-0.352610304862861,FALSE
9,0.108540201942278,0.0177816532674807,-0.0961236391716929,-2.18800758472215,-0.067345828,-0.067345828,-0.316024836919793,FALSE
10,0.109893212777936,0.0117190900809214,-0.0966768132328991,-2.69395256750992,-0.073330805,-0.073330805,-0.346531838604798,FALSE
