"","X_loading_2016","X_loading_2018","X_loading_2020","XY_residual_cov_2012","XY_residual_cov_2016","XY_residual_cov_2018","XY_residual_cov_2020","XY_residual_cov_2022","XY_residual_cor_2012","XY_residual_cor_2016","XY_residual_cor_2018","XY_residual_cor_2020","XY_residual_cor_2022","growth_residual_var_IX","growth_residual_var_SX","growth_residual_var_IY","growth_residual_var_SY"
"X_loading_2016",0.0116980361417018,0.00283354435945474,0.00361184492964178,-0.000520559764196559,0.000320389436091613,-4.70034602127172e-05,-0.000585415186029269,-0.000720683224775611,-0.000735695874329738,0.000408769597290779,-6.66805204556265e-05,-0.000873397897566726,-0.00117207102753176,-0.00305562009257614,-0.00659861841992496,0.000140304390887651,0.00107654604730924
"X_loading_2018",0.00283354435945474,0.0180648664874206,0.00541720836440818,0.000350571368657581,-0.00021797038021691,0.000234739973996664,-0.000140105394251192,5.40369586554915e-05,0.000372514290187542,-0.00026529491834375,0.000320674744647837,-0.000210787138821195,0.000184342655389036,0.0064524002805508,0.00613275278816884,0.000494976514542187,-3.28625229294811e-05
"X_loading_2020",0.00361184492964178,0.00541720836440818,0.0212219695317623,0.000488789890170619,-0.000120100787838348,6.66042578922649e-05,0.000821582411206461,-0.0001948851830009,0.000680693381637693,-0.000175746761989455,9.70067718389811e-05,0.00101122220649596,-0.000302290050620851,0.00296649224194305,0.00420030065141882,0.000236242693624258,0.00111554093744441
"XY_residual_cov_2012",-0.000520559764196559,0.000350571368657581,0.000488789890170619,0.000757078200337343,-3.89961843046139e-05,-1.07523889818997e-05,0.000184386756458911,0.00018414648104042,0.0012067761967683,-5.28587037915598e-05,-2.76485797834627e-05,0.000297726111354971,0.000323765599786313,0.000416343314335141,0.000700535024074388,-0.000367900957495825,-0.000833557010678166
"XY_residual_cov_2016",0.000320389436091613,-0.00021797038021691,-0.000120100787838348,-3.89961843046139e-05,0.000276783373333712,-2.07529000708583e-05,-2.77907231100929e-05,-4.09978431910386e-05,-5.59424402018811e-05,0.00041314380411463,-3.26535530702755e-05,-4.36914706740383e-05,-7.05262269594185e-05,-0.000223351326825156,-0.000312192223170743,2.29999964083943e-05,0.00013898451017271
"XY_residual_cov_2018",-4.70034602127172e-05,0.000234739973996664,6.66042578922649e-05,-1.07523889818997e-05,-2.07529000708583e-05,0.000302850033805739,2.92769135497317e-05,6.78230367924974e-05,-2.257642941756e-05,-2.91105916750602e-05,0.000528531961548263,4.5252401348879e-05,0.000117818620506728,0.000186997958113187,0.000248379113727511,9.9423473308968e-06,-8.34228320440362e-05
"XY_residual_cov_2020",-0.000585415186029269,-0.000140105394251192,0.000821582411206461,0.000184386756458911,-2.77907231100929e-05,2.92769135497317e-05,0.000910588072814726,0.00015092904737529,0.000284986579375217,-3.81186479987194e-05,5.1715929393691e-05,0.00154444742328346,0.000253644505708147,0.000329339975534535,0.000708027423086425,-6.308112497977e-05,-0.000196100563786802
"XY_residual_cov_2022",-0.000720683224775611,5.40369586554915e-05,-0.0001948851830009,0.00018414648104042,-4.09978431910386e-05,6.78230367924974e-05,0.00015092904737529,0.000830042243212962,0.000286509986266118,-5.34146702623735e-05,0.000112306879904471,0.000246967866306648,0.0014759749877459,0.000371689616331442,0.000638265064015573,-0.000130939114720332,-0.000552246645447667
"XY_residual_cor_2012",-0.000735695874329738,0.000372514290187542,0.000680693381637693,0.0012067761967683,-5.59424402018811e-05,-2.257642941756e-05,0.000284986579375217,0.000286509986266118,0.0019322875591339,-7.61790428550283e-05,-5.26787003155625e-05,0.000463617427978426,0.000505245927213678,0.000471873345252748,0.0008653376794138,-0.000634888358524502,-0.00147147588394756
"XY_residual_cor_2016",0.000408769597290779,-0.00026529491834375,-0.000175746761989455,-5.28587037915598e-05,0.00041314380411463,-2.91105916750602e-05,-3.81186479987194e-05,-5.34146702623735e-05,-7.61790428550283e-05,0.000624575822568143,-4.5056308063285e-05,-5.93606189646045e-05,-9.11800132572493e-05,-0.000281875350498103,-0.000398962963694362,3.74252184804674e-05,0.000218860445595832
"XY_residual_cor_2018",-6.66805204556265e-05,0.000320674744647837,9.70067718389811e-05,-2.76485797834627e-05,-3.26535530702755e-05,0.000528531961548263,5.1715929393691e-05,0.000112306879904471,-5.26787003155625e-05,-4.5056308063285e-05,0.00093038895397287,8.14687846284679e-05,0.000195831833170548,0.000282487054712069,0.000380817309947552,2.54744787617351e-05,-0.000116507281644164
"XY_residual_cor_2020",-0.000873397897566726,-0.000210787138821195,0.00101122220649596,0.000297726111354971,-4.36914706740383e-05,4.5252401348879e-05,0.00154444742328346,0.000246967866306648,0.000463617427978426,-5.93606189646045e-05,8.14687846284679e-05,0.00264963548864431,0.000417924885877759,0.000441702638458289,0.000955823325505479,-0.00011175613510727,-0.000383904806303737
"XY_residual_cor_2022",-0.00117207102753176,0.000184342655389036,-0.000302290050620851,0.000323765599786313,-7.05262269594185e-05,0.000117818620506728,0.000253644505708147,0.0014759749877459,0.000505245927213678,-9.11800132572493e-05,0.000195831833170549,0.000417924885877759,0.00263626164902708,0.000644430951286614,0.00106932016280974,-0.000246712937810405,-0.00111620612850278
"growth_residual_var_IX",-0.00305562009257614,0.0064524002805508,0.00296649224194305,0.000416343314335141,-0.000223351326825156,0.000186997958113187,0.000329339975534535,0.000371689616331442,0.000471873345252748,-0.000281875350498103,0.000282487054712069,0.000441702638458289,0.000644430951286614,0.00641068304508308,0.00818865408388708,0.000415327249427734,0.000125616834451172
"growth_residual_var_SX",-0.00659861841992496,0.00613275278816884,0.00420030065141882,0.000700535024074388,-0.000312192223170743,0.000248379113727511,0.000708027423086425,0.000638265064015573,0.0008653376794138,-0.000398962963694362,0.000380817309947552,0.000955823325505479,0.00106932016280974,0.00818865408388708,0.012662284900422,0.000422192580759386,-0.000178341302696997
"growth_residual_var_IY",0.000140304390887651,0.000494976514542187,0.000236242693624258,-0.000367900957495825,2.29999964083943e-05,9.9423473308968e-06,-6.308112497977e-05,-0.000130939114720332,-0.000634888358524502,3.74252184804674e-05,2.54744787617351e-05,-0.00011175613510727,-0.000246712937810405,0.000415327249427734,0.000422192580759386,0.00117214251959667,0.0034214253425586
"growth_residual_var_SY",0.00107654604730924,-3.28625229294811e-05,0.00111554093744441,-0.000833557010678166,0.00013898451017271,-8.34228320440362e-05,-0.000196100563786802,-0.000552246645447667,-0.00147147588394756,0.000218860445595832,-0.000116507281644164,-0.000383904806303737,-0.00111620612850278,0.000125616834451172,-0.000178341302696997,0.0034214253425586,0.0163751925332458
