source_name,public_path,sha256,bytes
analysis_entry.csv,audit/analysis_entry.csv,4e45b501dbe74e15f1332dec83ffde8dd91176a1a38c24ab061c08d70428cf7f,140
attempt_index.csv,audit/attempt_index.csv,eba8aa143575027d200d5166656ea3d4bba4f01418de8c31024b63f22c04f47b,5557
corrected_score_bindings.json,audit/corrected_score_bindings.json,964bcb9743ac19594a0dc5963b1647c019c9d75a97f975d7489191767b4c445d,2357
corrected_score_precision.csv,audit/corrected_score_precision.csv,6e29c11f5a7f3d79ffad13592e2c2f664cbd475caa9f67f2b4d8c82149d1b1ae,690
covariates_26.csv,audit/covariates_26.csv,9efd2fc74fcc09493f62046e08d9ba8627e7a1fa4d3481d80dfec5d76acb9747,2709
growth_variances.csv,audit/growth_variances.csv,90e6b980fe59f246b248bdda77975471d19c6eb3b6ddf100a3e7f93a28ec9ebb,4361
independent_validation.csv,audit/independent_validation.csv,242faae0fdac4b4d9f6fa1ce413797eba37673f8fa55067e695be696d9a9af09,1322
largest_local_residuals.csv,audit/largest_local_residuals.csv,e9b91c933544180b063e877fbdaba417a0b790ea09cc34c621ec1ba18dff1c5e,9866
matrix_diagnostics.csv,audit/matrix_diagnostics.csv,5e89427dc228e276dfaeb2771cc5b3694a41fe1533df934be4862646b1fe1649,10960
mi_dependency.json,audit/mi_dependency.json,f7fc4f31b19f1cdfbed993cad608f92c2d8c11b50eca36f33b956638322b29c2,2617
mi_input_alignment.csv,audit/mi_input_alignment.csv,9fa4c2a5b8390695b118a0f0ce9dbf8a61181197e4a5056916d3e6991d97d600,754
model_fit.csv,audit/model_fit.csv,a08e6026fb047813cb93c0a96160f4fa8b6b89abfa17bf584de2479b1a1d2f34,1601
old_corrected_comparison.csv,audit/old_corrected_comparison.csv,90a87a87e996cc6f46376545ac8fbc105b1b45aa528eab6fc9202158a408e9f0,1012
pmm_member_audit.csv,audit/pmm_member_audit.csv,9735535719b4a9d507b07b6b5bb6240939a329b169882f7d6fabb2437825ed22,488
predicted_means.csv,audit/predicted_means.csv,3c64cf81fabd90472417805b6886720647f80b7a5363aac229afed62b34cc0ab,6137
_cesd_repair_receipt.json,audit/prior_evidence/_cesd_repair_receipt.json,55ff84ba362ca1154d8617cd7d23c028fbf148535f5dbf15d15dd270652ccd3c,2834
mi_measurement_repair_v3_marriage_aligned_mi_diagnostic_decision.json,audit/prior_evidence/mi_measurement_repair_v3_marriage_aligned_mi_diagnostic_decision.json,167f802b3aa439ca4d985c88a75b947364947a09726c62554fa8e4d791fb4c26,2056
pmm_observed_future_v3_NOT_RELEASED_diagnostic_review.json,audit/prior_evidence/pmm_observed_future_v3_NOT_RELEASED_diagnostic_review.json,29dc1e7c53c1c23af1c24c81f71da4e305844b96bccff09ee3006bf226526f41,5488
pmm_observed_future_v3_NOT_RELEASED_protocol.json,audit/prior_evidence/pmm_observed_future_v3_NOT_RELEASED_protocol.json,26ac61dd9d4b3699c1bb4d18fa372bdc1bd822fe4de69937a28e795c29b16d83,3973
prior_evidence_provenance.csv,audit/prior_evidence_provenance.csv,6f6d9f28b83f90bdda59f4ec06713d24d3c2bf931b005260b610de8e1753069a,1580
resource_summary.json,audit/resource_summary.json,97b69e8ad24619f5d73ddeeb716f5769bac195df3e4b1bdbbdddb8c6890463ab,292
source_contract.json,audit/source_contract.json,789cba32d0cbef269a8f1b2a3102dcd948f5e46f86f497ba9c5484aa81946ddb,1062
start_stability.csv,audit/start_stability.csv,611865c2a972a140da92a1eb8c8db2c2516b0db82ed42eb95a8600ffa3db7b1d,193
target_paths.csv,audit/target_paths.csv,6e40f4b9643e4198f7475c3664ca75a3730ad7bfe94598a0ccecec97fee349ed,3458
verification_summary.json,audit/verification_summary.json,cc670563b9efe52632874d50ac2958aa83f4bb64ed82f3c79b302323b7f2924c,236
workbench_completion.json,audit/workbench_completion.json,0b19e5ff7e357998bc0f43468c45b03231061a43952c548f197ca8c17ac5f4e1,1276
x_covariate_constraints.csv,audit/x_covariate_constraints.csv,547356df71bb106db07e566a339ccb4971e5640ab92a106cfdc3be9f4930fe6b,1005
x_scale_identity.csv,audit/x_scale_identity.csv,e8869ccbf45291f38af88aee1c84ecbf60440ce118a4b4906536dc873258d4a3,388
audit_lineage_scores.R,code/audit_lineage_scores.R,1a0786d6f146ee56eee4f570dda505afc954972d135da2c126c6251fbeba1313,7030
audit_pmm.R,code/audit_pmm.R,4aeb81533d0f481f1ed3ca1ec7a85859b70c1c4f747f33245012713756161a96,2348
build_publication.py,code/build_publication.py,b6bf169f95e055a627855bb09ca18d3fd4b5dfe421c1bf4258bcf61e05583391,25245
harness.py,code/harness.py,7b0008ee6f40bd397b6a5e1a7fa6a2ba807d4ba657228cc73315ac663cc14bb4,267
prepare_followups.py,code/prepare_followups.py,99b1b6c807a6df2848986fa1e8d18895892c2799a585cedddfb8b449ab8c5aef,2323
prepare_round2.R,code/prepare_round2.R,809004ea9ffa091f9097e7cd0270e70e07b8d2ad83ab3c613d24b277daf8c41e,6752
revise_manuscript.py,code/revise_manuscript.py,e3c1bb7cd057bd5b86421adf5195ade2a492cf0a9a7b9d5dc05413d9fcfe7c4f,3227
run_round2.R,code/run_round2.R,211c7d19355bc7b4e5332470d5ad1f33294bf9a1d47c4cf539d18ade8a79bd9c,5774
summarize_round2.R,code/summarize_round2.R,d9e84a40daf42ec755cb24531dcfbee92c8fb046e07a0de4ac9e22a1f2b86887,4031
validate_and_collect.py,code/validate_and_collect.py,9c0dec72ae84c78c4da241022c4625f4a4e9a31323e7ae72105397754f74ba6f,5907
verify_publication.py,code/verify_publication.py,7fedcbc3a0db55f3490651c47357031f43843357f83055520846b501df6d2774,2999
fit.csv,models/D1981_U0_linear/attempt01/fit.csv,4bf065bb4961ae1c4602caebf28f7d32362aa91ab8b3d6e517b31230e9e033ec,739
model.inp,models/D1981_U0_linear/attempt01/model.inp,3f663bf0b022fdbb0ff18c9fc6e232703e9d43cf56a52f366323b0cbf411aa0a,338
model.inp,models/D1981_U0_linear/attempt01/model.inp.txt,3f663bf0b022fdbb0ff18c9fc6e232703e9d43cf56a52f366323b0cbf411aa0a,338
model.out,models/D1981_U0_linear/attempt01/model.out,a300181f303b8da3d73097329a9761ad8e6cd406a2553147e9c7e1d92e9e89bd,24961
model.out,models/D1981_U0_linear/attempt01/model.out.txt,a300181f303b8da3d73097329a9761ad8e6cd406a2553147e9c7e1d92e9e89bd,24961
parameters.csv,models/D1981_U0_linear/attempt01/parameters.csv,09164cc668db919bf0412290671d21cfb01edb636e0cf7ff75ceb3e0e22eb385,883
receipt.json,models/D1981_U0_linear/attempt01/receipt.json,1753034baff8930709055276856e27964a68f90cf6d652ea6b1048d87de9a293,614
TECH1_parameter_map.csv,models/D1981_U0_linear/attempt01/TECH1_parameter_map.csv,178d8a69b98e76eb993a40820f1584b111e4f99fb49b193164cbaa514720cbde,247
TECH3_parameter_covariance.csv,models/D1981_U0_linear/attempt01/TECH3_parameter_covariance.csv,ddd1cfbbe01e8d3e5c45f2207f7aa88d019c5ec13c24ee933423cd9033d3ac42,1313
TECH4_latent_correlation.csv,models/D1981_U0_linear/attempt01/TECH4_latent_correlation.csv,0cdbb76e9641701660e78e5b2141ddb3a286d688d189237dcfda173fabfd7768,42
TECH4_latent_covariance.csv,models/D1981_U0_linear/attempt01/TECH4_latent_covariance.csv,831c0627b0ea5aba1a3e0e20eb46a1d79bf7908f79ef35bcd8097e9cbb2bd0aa,50
fit.csv,models/D1981_U1_linear/attempt01/fit.csv,977d8d0cddf3d308ca75396fbbe21415e4751f08b7dbd7e54e21bbb2f667cdca,735
model.inp,models/D1981_U1_linear/attempt01/model.inp,0c0c8fdd55dd31e27c3cf7c310f8451ed77bf86ffb5aa50b28ab0571e3ba3820,464
model.inp,models/D1981_U1_linear/attempt01/model.inp.txt,0c0c8fdd55dd31e27c3cf7c310f8451ed77bf86ffb5aa50b28ab0571e3ba3820,464
model.out,models/D1981_U1_linear/attempt01/model.out,5435d5059e71faa5143de35d09dfe89de35bf60af0d534db6f91e0d21a9691a3,378390
model.out,models/D1981_U1_linear/attempt01/model.out.txt,5435d5059e71faa5143de35d09dfe89de35bf60af0d534db6f91e0d21a9691a3,378390
parameters.csv,models/D1981_U1_linear/attempt01/parameters.csv,ebb59a371d6c8a4e33e9586340baaee7c2652805c12486b8769ac457feb597e1,2946
receipt.json,models/D1981_U1_linear/attempt01/receipt.json,e3f66419f9351460e06d2689b192201f6987002320b6c2870fc5093a4fe0004c,615
TECH1_parameter_map.csv,models/D1981_U1_linear/attempt01/TECH1_parameter_map.csv,cc4f13970508c99209a81dc38d02f23d82dc699b312eca4ed5c8bce3193e840f,1373
TECH3_parameter_covariance.csv,models/D1981_U1_linear/attempt01/TECH3_parameter_covariance.csv,ad3612230a4c35e3ff6abd8836c927db76b2a77c326a84fbdd1265a7b9379825,48254
TECH4_latent_correlation.csv,models/D1981_U1_linear/attempt01/TECH4_latent_correlation.csv,e297cbf2e574764755d3e9d98c3d64d379a103a290a2e03b751505e232e49079,5226
TECH4_latent_covariance.csv,models/D1981_U1_linear/attempt01/TECH4_latent_covariance.csv,0271da04b09c73e15bc3e5daebf5207f9a45b92c92358a5ad3c4e6ee87c984f2,5213
fit.csv,models/D1981_P0_linear/attempt01/fit.csv,d5be4aaeaf268f0cfad10e9b93f8d51c807b7a821be0bf9267baf04943365601,727
model.inp,models/D1981_P0_linear/attempt01/model.inp,1bbf75d3ad73878378cbc8dcba88f83d936f9d4c9d532185af785023be7a5355,458
model.inp,models/D1981_P0_linear/attempt01/model.inp.txt,1bbf75d3ad73878378cbc8dcba88f83d936f9d4c9d532185af785023be7a5355,458
model.out,models/D1981_P0_linear/attempt01/model.out,687654357c26a69c26a10bef1b2acd668b66e2103fa96151958fcbd23497e20d,58845
model.out,models/D1981_P0_linear/attempt01/model.out.txt,687654357c26a69c26a10bef1b2acd668b66e2103fa96151958fcbd23497e20d,58845
parameters.csv,models/D1981_P0_linear/attempt01/parameters.csv,a4b0c231e580281bfdfda4d6a2e8c37d1c1fb147c6ce728969507a79fb174279,1883
receipt.json,models/D1981_P0_linear/attempt01/receipt.json,cea6f0ae157fd0b69c2b9f48037d0552e5497df0527fabab554e51a3881a833c,615
TECH1_parameter_map.csv,models/D1981_P0_linear/attempt01/TECH1_parameter_map.csv,19f73ea4a2dc7a198fb3d255f5ff08b46e7695fc9c606fd071fc0929c2538e67,592
TECH3_parameter_covariance.csv,models/D1981_P0_linear/attempt01/TECH3_parameter_covariance.csv,3e8af43a4e9a671bda3c4db5bc93e072de0a93152a6140528d7d37d57ecfb77b,8429
TECH4_latent_correlation.csv,models/D1981_P0_linear/attempt01/TECH4_latent_correlation.csv,9c352c457998994629080718e632d9fc05e27f4eb14dcb47c0a40a6f819e0a02,134
TECH4_latent_covariance.csv,models/D1981_P0_linear/attempt01/TECH4_latent_covariance.csv,2c0e923afe7bfdd3e6a15445046333f81bd58402d0b04230424d4f02b02b708b,150
fit.csv,models/D1981_P1_linear/attempt01/fit.csv,79ddce80e4a59d7d901d61d59c87de623d24385c59da87517421e927c6430144,736
model.inp,models/D1981_P1_linear/attempt01/model.inp,84675f6d98c41ea21c82eba4bfefafa7f0ae2d3f7923f51d93d071a8f8462170,584
model.inp,models/D1981_P1_linear/attempt01/model.inp.txt,84675f6d98c41ea21c82eba4bfefafa7f0ae2d3f7923f51d93d071a8f8462170,584
model.out,models/D1981_P1_linear/attempt01/model.out,5fe55f00ef56057c0fcc5d98de0f3d2f2b0f523c9a46b538abaacb36721e041f,483841
model.out,models/D1981_P1_linear/attempt01/model.out.txt,5fe55f00ef56057c0fcc5d98de0f3d2f2b0f523c9a46b538abaacb36721e041f,483841
parameters.csv,models/D1981_P1_linear/attempt01/parameters.csv,938233b53a68e448a4e69cde31ff6ed821464218764994addf2cbefc8b5d04a0,3898
receipt.json,models/D1981_P1_linear/attempt01/receipt.json,d1fb752a1192b1413880972697826fa8f262b0c5626cd7f2a073276433db0432,760
TECH1_parameter_map.csv,models/D1981_P1_linear/attempt01/TECH1_parameter_map.csv,f4b99c87450251b5688a0d0ea7839d7b52c09be03d345ac585aaea1bb29a6cfa,1718
TECH3_parameter_covariance.csv,models/D1981_P1_linear/attempt01/TECH3_parameter_covariance.csv,ad945e0f5b1d82cba4a4891cc8806ffd585b8930851098b11efc5b23f722cc7f,75900
TECH4_latent_correlation.csv,models/D1981_P1_linear/attempt01/TECH4_latent_correlation.csv,5985c52bd99ebeca4e86f66b81c48a9fa22b9768f974297591f8a609dc5c3619,5532
TECH4_latent_covariance.csv,models/D1981_P1_linear/attempt01/TECH4_latent_covariance.csv,42f52422144721f9a48633b81ba93444f7e49e89377ee95dff112a8a6f330f55,5492
fit.csv,models/D1981_U0_free/attempt01/fit.csv,000fd6b2a8d475c343170bf86d4bb7af374bf12d1bc5287c60a505a75a42b250,731
model.inp,models/D1981_U0_free/attempt01/model.inp,3e03015073bb78bf9b79688cd76e3a6e60e19c118fba1d349270486bcd8a2896,336
model.inp,models/D1981_U0_free/attempt01/model.inp.txt,3e03015073bb78bf9b79688cd76e3a6e60e19c118fba1d349270486bcd8a2896,336
model.out,models/D1981_U0_free/attempt01/model.out,1b6d39b773f614549893ba03b3090c9714a6214dd142b622c4e6c04805c736ee,27063
model.out,models/D1981_U0_free/attempt01/model.out.txt,1b6d39b773f614549893ba03b3090c9714a6214dd142b622c4e6c04805c736ee,27063
parameters.csv,models/D1981_U0_free/attempt01/parameters.csv,9fa58c686bddc59faa614c8aeb26d78dacbd5b4def1404de01c156b7c62417ef,920
receipt.json,models/D1981_U0_free/attempt01/receipt.json,49b72b24ddd6da016f5a1a45cc567d6d72a0e974957e1ddbc55be17f29163bdc,758
TECH1_parameter_map.csv,models/D1981_U0_free/attempt01/TECH1_parameter_map.csv,690dae6d66c8c60e27b996d1908ff61ce646c64118816806d2a13a60a5151515,316
TECH3_parameter_covariance.csv,models/D1981_U0_free/attempt01/TECH3_parameter_covariance.csv,118175a631a42a03d1251f8f09acce908293492ceb418f2dfdf6615e43759bbc,2058
TECH4_latent_correlation.csv,models/D1981_U0_free/attempt01/TECH4_latent_correlation.csv,5cd6c6ef0dfc2ad99c9e89a941f08e54fe72760949330abd9bb5b96aa626e2dd,40
TECH4_latent_covariance.csv,models/D1981_U0_free/attempt01/TECH4_latent_covariance.csv,7d23bd8dfaec5894d3c444f8e78b146df5acc61d490f89ea0cfd77e3357c772d,46
fit.csv,models/D1981_U1_free/attempt01/fit.csv,530a18dfdf860f9197ebc51e63aed1399e15e3b14ecde8adf9a254721111bad9,731
model.inp,models/D1981_U1_free/attempt01/model.inp,bf01415adf789b3cb46d93f5683a3df539da632598f1f6340042f60203fe4f66,462
model.inp,models/D1981_U1_free/attempt01/model.inp.txt,bf01415adf789b3cb46d93f5683a3df539da632598f1f6340042f60203fe4f66,462
model.out,models/D1981_U1_free/attempt01/model.out,4e300597a97424c7ab9d7e4560cc93e455e260a7a2fa4e3fcd2277b875a0c92a,385319
model.out,models/D1981_U1_free/attempt01/model.out.txt,4e300597a97424c7ab9d7e4560cc93e455e260a7a2fa4e3fcd2277b875a0c92a,385319
parameters.csv,models/D1981_U1_free/attempt01/parameters.csv,58971452bdb600ec81a955fee5b3d0093616bbf2d2e9daa45d5d0a33673d8729,2977
receipt.json,models/D1981_U1_free/attempt01/receipt.json,37d4eb09524649da211c7e3fb23c694e458eae6d715eeb495896c080e5111212,757
TECH1_parameter_map.csv,models/D1981_U1_free/attempt01/TECH1_parameter_map.csv,eed8edaf9ae2d5a617659de499491d05bb0513229feb3b29db2c6e47289eb6f9,1442
TECH3_parameter_covariance.csv,models/D1981_U1_free/attempt01/TECH3_parameter_covariance.csv,0ed60c0ba8453aa15f067876a0c51ff934a365afebfb326d6db0715ff8bea7d4,52131
TECH4_latent_correlation.csv,models/D1981_U1_free/attempt01/TECH4_latent_correlation.csv,526ca41d9263ceb1aebfbefa6d83199df01208d4793bb2cce6d855c76eb63b42,5222
TECH4_latent_covariance.csv,models/D1981_U1_free/attempt01/TECH4_latent_covariance.csv,130e45e6ae1c2a1d99fcd489f7436e88dc52b1d6392cffbe527bb785bc9150bc,5156
fit.csv,models/D1981_P0_free/attempt01/fit.csv,586da6c30e44e71d76d1c811c66fd4c731b04c90acd5502e926f155be751c48f,730
model.inp,models/D1981_P0_free/attempt01/model.inp,d6c4da6ae73c69192badba9be9e02a1e861e249b09ccec70670a682b259d09b6,456
model.inp,models/D1981_P0_free/attempt01/model.inp.txt,d6c4da6ae73c69192badba9be9e02a1e861e249b09ccec70670a682b259d09b6,456
model.out,models/D1981_P0_free/attempt01/model.out,42b2644bbdc1e3e823ee16fd58ed3ad013906132bf7b0c67de28581a979d57ec,61739
model.out,models/D1981_P0_free/attempt01/model.out.txt,42b2644bbdc1e3e823ee16fd58ed3ad013906132bf7b0c67de28581a979d57ec,61739
parameters.csv,models/D1981_P0_free/attempt01/parameters.csv,792653e5707d2cd3173719e08f99bac7d69a4766df5ae7b689a37b17c0b724ac,1924
receipt.json,models/D1981_P0_free/attempt01/receipt.json,8cf70b9a2bf3d5d2be148ac7794ffde0ffc39a822ddc49daa9850f72f16a2435,613
TECH1_parameter_map.csv,models/D1981_P0_free/attempt01/TECH1_parameter_map.csv,3f206a08364707aacfa46634afbceaf9d854f6c5ef67bf4a8d5f282f5f212f47,661
TECH3_parameter_covariance.csv,models/D1981_P0_free/attempt01/TECH3_parameter_covariance.csv,521359c2333780084ab803a6daf9aaa5a882488442982ee23626de7f916c4dc6,9988
TECH4_latent_correlation.csv,models/D1981_P0_free/attempt01/TECH4_latent_correlation.csv,ca1a998c5fc3296eebf5ee8888f132d8ebd69d0986bef145733163c8ed6b2911,132
TECH4_latent_covariance.csv,models/D1981_P0_free/attempt01/TECH4_latent_covariance.csv,3930fcd7b8af3ba1514552e112d9cc2dc979999720325a3141aa62410bb9d93b,150
fit.csv,models/D1981_P1_free/attempt01/fit.csv,ae68cb051655d11b32a12a7649f781f82d7bbfc5407ae13e0d4190f800e12e87,731
model.inp,models/D1981_P1_free/attempt01/model.inp,91143c4c0b808c0409293ea2033f7ec94d81a0e14f3bb72dfc0f4111b87654ec,582
model.inp,models/D1981_P1_free/attempt01/model.inp.txt,91143c4c0b808c0409293ea2033f7ec94d81a0e14f3bb72dfc0f4111b87654ec,582
model.out,models/D1981_P1_free/attempt01/model.out,f41e312c64b4cc5e43623c4a71adc4a60536ad267cae34e22604640fa0d2efa5,491925
model.out,models/D1981_P1_free/attempt01/model.out.txt,f41e312c64b4cc5e43623c4a71adc4a60536ad267cae34e22604640fa0d2efa5,491925
parameters.csv,models/D1981_P1_free/attempt01/parameters.csv,aae14191081eda1d6a666e31ea62ed51b39cd5566ae6138e8d9340df4a24226b,3939
receipt.json,models/D1981_P1_free/attempt01/receipt.json,6133e9004a262baaecbec19582da6b247d104e98823c411d094cf5306e872268,758
TECH1_parameter_map.csv,models/D1981_P1_free/attempt01/TECH1_parameter_map.csv,ab88c4a6dfae33bbd711d9154f6fc0af5fbc7c2844e5862b7d364416e337cd6f,1787
TECH3_parameter_covariance.csv,models/D1981_P1_free/attempt01/TECH3_parameter_covariance.csv,becadd18193bf46a5bb304c463276608e6fbae9b402ec7ccdfcf695863084218,80127
TECH4_latent_correlation.csv,models/D1981_P1_free/attempt01/TECH4_latent_correlation.csv,d940fa9f70dfef185d4f05320e51695a63a3d7d96e44bfa95c8788b82ab41919,5526
TECH4_latent_covariance.csv,models/D1981_P1_free/attempt01/TECH4_latent_covariance.csv,09b89481a6762933be083d577e8bf4ae11676f37472049d456ec1c9e16f729c3,5426
fit.csv,models/D3274_U0_linear/attempt01/fit.csv,e4f53941f1c85b2b75d97960827a9e42c4ef9efa65b600b1be8e887cebda8ce9,727
model.inp,models/D3274_U0_linear/attempt01/model.inp,9b7820d089b057cc2514a1a96e2ce55ecbbb20a173e61216e85338f5acade70d,338
model.inp,models/D3274_U0_linear/attempt01/model.inp.txt,9b7820d089b057cc2514a1a96e2ce55ecbbb20a173e61216e85338f5acade70d,338
model.out,models/D3274_U0_linear/attempt01/model.out,45e65601930ce85b4c23b566003d3a94c7436ecee0833aa200a28bc2a89147ca,24961
model.out,models/D3274_U0_linear/attempt01/model.out.txt,45e65601930ce85b4c23b566003d3a94c7436ecee0833aa200a28bc2a89147ca,24961
parameters.csv,models/D3274_U0_linear/attempt01/parameters.csv,19fcbd3657a313775a18d9ec6fed8c8704d0d389c47db0932b4b4b13c823ffc3,891
receipt.json,models/D3274_U0_linear/attempt01/receipt.json,654260792f469647b47da38531ab74b9371342a375d1df3e3fa1c1b3ba7f184f,615
TECH1_parameter_map.csv,models/D3274_U0_linear/attempt01/TECH1_parameter_map.csv,178d8a69b98e76eb993a40820f1584b111e4f99fb49b193164cbaa514720cbde,247
TECH3_parameter_covariance.csv,models/D3274_U0_linear/attempt01/TECH3_parameter_covariance.csv,38700c0915600f944f5e4170aecdd6af7923ba3f5feafc76579daefd685533f4,1198
TECH4_latent_correlation.csv,models/D3274_U0_linear/attempt01/TECH4_latent_correlation.csv,e56b782266f2212a277f1a60b72da50b91e96cd91d1522210259c6de3023db72,42
TECH4_latent_covariance.csv,models/D3274_U0_linear/attempt01/TECH4_latent_covariance.csv,8e0042724ed048bb9b214cab1a783f70d91636b28e7bfafabd4709fcfa1bfcd9,50
fit.csv,models/D3274_U0_free/attempt01/fit.csv,b06fbaaa437caf62535912be83af53c115b392728b3a8e6a40d1800f8ae5500d,729
model.inp,models/D3274_U0_free/attempt01/model.inp,64e2fa7fa82f0fd4006d761eea6261edaa21d9c5e9f4859bb7de0793f399181c,336
model.inp,models/D3274_U0_free/attempt01/model.inp.txt,64e2fa7fa82f0fd4006d761eea6261edaa21d9c5e9f4859bb7de0793f399181c,336
model.out,models/D3274_U0_free/attempt01/model.out,27913bdf7d39cfcd16edf737a80aca784acd1048dc4d94345506e22ac8cd51dc,26493
model.out,models/D3274_U0_free/attempt01/model.out.txt,27913bdf7d39cfcd16edf737a80aca784acd1048dc4d94345506e22ac8cd51dc,26493
parameters.csv,models/D3274_U0_free/attempt01/parameters.csv,0ce328938f9af09c3d47350d6f1b2c24743aeb18239c06b77bf90666e9c2058e,926
receipt.json,models/D3274_U0_free/attempt01/receipt.json,517445342b21d605d90634beaec062290d3d682d4cb0a1994f41faa84b903118,613
TECH1_parameter_map.csv,models/D3274_U0_free/attempt01/TECH1_parameter_map.csv,690dae6d66c8c60e27b996d1908ff61ce646c64118816806d2a13a60a5151515,316
TECH3_parameter_covariance.csv,models/D3274_U0_free/attempt01/TECH3_parameter_covariance.csv,db73fd0bf249bcaa7818015daa3b73a57a2650a57d56295247e1fe76106571c2,1829
TECH4_latent_correlation.csv,models/D3274_U0_free/attempt01/TECH4_latent_correlation.csv,5c5c850337a2a23772f60d5537157e6bd5a499a0418dbbe7109d666f29a17992,42
TECH4_latent_covariance.csv,models/D3274_U0_free/attempt01/TECH4_latent_covariance.csv,f247dbabf795b0f9865121c3333a5ef76b82ff1699180ec8d5ff2cb7ba1fa8fc,50
fit.csv,models/D2225_U0_four_linear/attempt01/fit.csv,ed4222b2f410fab719622ac31a1f15ea70a93e8b744848f4397c1200f23659f1,739
model.inp,models/D2225_U0_four_linear/attempt01/model.inp,58227b09f9cb2f74ede464a30bf764ba80f359d8dcd1d59bc2ae5c9a9bd01c00,334
model.inp,models/D2225_U0_four_linear/attempt01/model.inp.txt,58227b09f9cb2f74ede464a30bf764ba80f359d8dcd1d59bc2ae5c9a9bd01c00,334
model.out,models/D2225_U0_four_linear/attempt01/model.out,20b040e1651ba71749ba6ba22e21e78f6507dadcb031da7bd84d80429e0f85f2,21970
model.out,models/D2225_U0_four_linear/attempt01/model.out.txt,20b040e1651ba71749ba6ba22e21e78f6507dadcb031da7bd84d80429e0f85f2,21970
parameters.csv,models/D2225_U0_four_linear/attempt01/parameters.csv,9072a1085f3c720d261c4a76c26e7c512809d5993faba6d1cafe22e47a05cdc0,762
receipt.json,models/D2225_U0_four_linear/attempt01/receipt.json,76c31aea478d775543cf30235693d9088762bb670ae5734f692761b659179a13,620
TECH1_parameter_map.csv,models/D2225_U0_four_linear/attempt01/TECH1_parameter_map.csv,0b4902354e4cb7fbc63a1fce6b0953d8accd193b10df3cc11a3148fb25e36030,225
TECH3_parameter_covariance.csv,models/D2225_U0_four_linear/attempt01/TECH3_parameter_covariance.csv,0d25431576c3a91e79250656d83e8eadb0113c2965ae2492322ad3c083305e19,951
TECH4_latent_correlation.csv,models/D2225_U0_four_linear/attempt01/TECH4_latent_correlation.csv,fde8eb2d2fd5b0d9dd5298216e49897f9002c643fcd111cb170ae47fb186d60b,44
TECH4_latent_covariance.csv,models/D2225_U0_four_linear/attempt01/TECH4_latent_covariance.csv,f4162c3c55f480c2730b93a87c13d85b9fe661e48f76613e666e3f146230b2be,52
fit.csv,models/D1981_P1_linear_residual/attempt01/fit.csv,8c72a26438dd58a43a9c184529a098cef6112d6b356bb1a9a8ab7bd32e26da91,147
model.inp,models/D1981_P1_linear_residual/attempt01/model.inp,682d3814a5b432686d4a87a7cc57024f893bbae08cd847d23b4d7cc7c56d933d,641
model.inp,models/D1981_P1_linear_residual/attempt01/model.inp.txt,682d3814a5b432686d4a87a7cc57024f893bbae08cd847d23b4d7cc7c56d933d,641
model.out,models/D1981_P1_linear_residual/attempt01/model.out,ae4934e35739c5b0ff2e357367ff31af6a3dcbb443833cbd30c3402cd8ef3fec,1089
model.out,models/D1981_P1_linear_residual/attempt01/model.out.txt,ae4934e35739c5b0ff2e357367ff31af6a3dcbb443833cbd30c3402cd8ef3fec,1089
receipt.json,models/D1981_P1_linear_residual/attempt01/receipt.json,06aa61258637e0755c3f41b992368b65fed94532b2ae6769f9082b61c7e93957,659
fit.csv,models/D1981_P1_linear_boundary/attempt01/fit.csv,78412015c8b2c38e4f8d493c2d3ddeb0cd6517bfc82602088a20def75e157daf,147
model.inp,models/D1981_P1_linear_boundary/attempt01/model.inp,7cc09ce1731e181a30bf0267387ee5804bd690e65a8265ee6201a30b94682199,608
model.inp,models/D1981_P1_linear_boundary/attempt01/model.inp.txt,7cc09ce1731e181a30bf0267387ee5804bd690e65a8265ee6201a30b94682199,608
model.out,models/D1981_P1_linear_boundary/attempt01/model.out,63cb1be85b67a9b85a18aa4cd298f1e2c3061c3f9c055f21a996197b0aa24db9,1050
model.out,models/D1981_P1_linear_boundary/attempt01/model.out.txt,63cb1be85b67a9b85a18aa4cd298f1e2c3061c3f9c055f21a996197b0aa24db9,1050
receipt.json,models/D1981_P1_linear_boundary/attempt01/receipt.json,74fcc7aedb2024e28ce4532dd3491b665a97f4e00fd2dca1b1d0d761c676863a,658
fit.csv,models/D1981_P1_linear/attempt02/fit.csv,13badca52a8160cb3e7e288664c3666e5fa350a244a1621f69807183e45b2ec9,138
model.inp,models/D1981_P1_linear/attempt02/model.inp,afa4c5e1acf6c79dd8886f969f91e9ce3f85f3abe36cb28dfd4552c1f09ff1aa,600
model.inp,models/D1981_P1_linear/attempt02/model.inp.txt,afa4c5e1acf6c79dd8886f969f91e9ce3f85f3abe36cb28dfd4552c1f09ff1aa,600
model.out,models/D1981_P1_linear/attempt02/model.out,a8be066571b899abbbe96372459cd677ffe61e3c69916dc3ca1cf70ce5e083f5,1040
model.out,models/D1981_P1_linear/attempt02/model.out.txt,a8be066571b899abbbe96372459cd677ffe61e3c69916dc3ca1cf70ce5e083f5,1040
receipt.json,models/D1981_P1_linear/attempt02/receipt.json,21218bf050b8cfffdc74b157772e916ba78d747f230166ab7e04f3d077e9c6a0,650
fit.csv,models/D1981_P1_free/attempt02/fit.csv,3ff477085342928a6d16e8dc9f9402f314e299289056f52293bc0c654906c795,136
model.inp,models/D1981_P1_free/attempt02/model.inp,6ae41f3713a4ec4600c6a02e3778d97c3f83e25d9b7730e109e85925d16d5e22,598
model.inp,models/D1981_P1_free/attempt02/model.inp.txt,6ae41f3713a4ec4600c6a02e3778d97c3f83e25d9b7730e109e85925d16d5e22,598
model.out,models/D1981_P1_free/attempt02/model.out,90ab1053c2b42e19e8bb712ed13993c950ffdea3ef1e553f2d03d2d62a9c28a8,1038
model.out,models/D1981_P1_free/attempt02/model.out.txt,90ab1053c2b42e19e8bb712ed13993c950ffdea3ef1e553f2d03d2d62a9c28a8,1038
receipt.json,models/D1981_P1_free/attempt02/receipt.json,3e178af01b9438fc484248beeb1b3a462a590cb3b7ac5d3bf7dc963578a69ea5,647
fit.csv,models/D1981_P1_linear_xcov/attempt01/fit.csv,da5c91441712ed762315c8d6a561d579aaf9f14655f7253f261f4b27ffa609a9,754
model.inp,models/D1981_P1_linear_xcov/attempt01/model.inp,f134c22f4799f78b897b8a222000534d7af8909ddc910d28b97f48f82cfec93a,619
model.inp,models/D1981_P1_linear_xcov/attempt01/model.inp.txt,f134c22f4799f78b897b8a222000534d7af8909ddc910d28b97f48f82cfec93a,619
model.out,models/D1981_P1_linear_xcov/attempt01/model.out,c3c3508be7236cb1a00e038f9c83777dcdf526b9e4703d26841594db2ee257b9,4643664
model.out,models/D1981_P1_linear_xcov/attempt01/model.out.txt,c3c3508be7236cb1a00e038f9c83777dcdf526b9e4703d26841594db2ee257b9,4643664
parameters.csv,models/D1981_P1_linear_xcov/attempt01/parameters.csv,e472d8198b5391c367c1711cee3e8615a321b612800e7f9e9b4fa8f72cadc930,21091
receipt.json,models/D1981_P1_linear_xcov/attempt01/receipt.json,c22df98676f4264b02b722e9db85297a382f50405e31fe79fa27ae0755926afd,765
TECH1_parameter_map.csv,models/D1981_P1_linear_xcov/attempt01/TECH1_parameter_map.csv,ee7c0f6d46c7c14b9cd1b0439ef19834a1730262ad15c1e1ab1b91cd7bcdbebb,11242
TECH3_parameter_covariance.csv,models/D1981_P1_linear_xcov/attempt01/TECH3_parameter_covariance.csv,060abc185b7accd76dbec0f9240ea8fa746ed9b1e24c4b7a004cc4a32435b2f9,3188350
TECH4_latent_correlation.csv,models/D1981_P1_linear_xcov/attempt01/TECH4_latent_correlation.csv,b808dd8303ca22416ba04ebb63461aa652e3922816f1fefb67264733b0d9b001,5982
TECH4_latent_covariance.csv,models/D1981_P1_linear_xcov/attempt01/TECH4_latent_covariance.csv,3eeb1d32d928ba80256f8fb9d8d0a4d4080902b46d7846b1594414ede8a04250,5938
fit.csv,models/D1981_P1_linear_boundary/attempt02/fit.csv,4c8fc47d9bf90e7c31384528d9c902f9f903af21bf503c143106a0bb53c311c7,756
model.inp,models/D1981_P1_linear_boundary/attempt02/model.inp,a0e707a6b043bc197d7afa30622661ee80434973bdae9395f948506540342c2a,635
model.inp,models/D1981_P1_linear_boundary/attempt02/model.inp.txt,a0e707a6b043bc197d7afa30622661ee80434973bdae9395f948506540342c2a,635
model.out,models/D1981_P1_linear_boundary/attempt02/model.out,28882832571ae26a6d711f105002676ef5e35e8262d06b7f238c9cc8aa34493f,481291
model.out,models/D1981_P1_linear_boundary/attempt02/model.out.txt,28882832571ae26a6d711f105002676ef5e35e8262d06b7f238c9cc8aa34493f,481291
parameters.csv,models/D1981_P1_linear_boundary/attempt02/parameters.csv,0a461ea778a965dbf8494a214fe326e640c4157cd27dde1c450348e18c105ceb,3976
receipt.json,models/D1981_P1_linear_boundary/attempt02/receipt.json,3185a384e8419b312ee4a44d7a22e5bdbbcdde4391fb66f2394abaf32ac6bb8d,624
TECH1_parameter_map.csv,models/D1981_P1_linear_boundary/attempt02/TECH1_parameter_map.csv,ecd12d086f3c92d6d24971585cc64b0aca7f1a8a1d70d8aebb0e3b384a06c179,1698
TECH3_parameter_covariance.csv,models/D1981_P1_linear_boundary/attempt02/TECH3_parameter_covariance.csv,2775279311ff565f3873825c8f222c5850970452f555943574e9be4062bbfa0c,73876
TECH4_latent_correlation.csv,models/D1981_P1_linear_boundary/attempt02/TECH4_latent_correlation.csv,208ef072aba5d48400e36ea3c4e7b4064037a979cf74b6aa4813e47cb4783ae3,5526
TECH4_latent_covariance.csv,models/D1981_P1_linear_boundary/attempt02/TECH4_latent_covariance.csv,96fdb069b91e2c99e4b84e6a993360c9c94f19f5ce9a001958fb031e3b70e880,5491
fit.csv,models/D1981_P1_linear/attempt03/fit.csv,6f3a9725dc32af50772b32994060ca2076e8f7d3b0f7e7722289bbdd53d759a0,747
model.inp,models/D1981_P1_linear/attempt03/model.inp,f5df51fcfa928e9f35f4a2ed06b90571638b0038547c6eeaf3fa6edaa840c4b2,627
model.inp,models/D1981_P1_linear/attempt03/model.inp.txt,f5df51fcfa928e9f35f4a2ed06b90571638b0038547c6eeaf3fa6edaa840c4b2,627
model.out,models/D1981_P1_linear/attempt03/model.out,b246123b1fb10d53ec92083a6a4140af399256672a45a5328561590d4402a903,483893
model.out,models/D1981_P1_linear/attempt03/model.out.txt,b246123b1fb10d53ec92083a6a4140af399256672a45a5328561590d4402a903,483893
parameters.csv,models/D1981_P1_linear/attempt03/parameters.csv,938233b53a68e448a4e69cde31ff6ed821464218764994addf2cbefc8b5d04a0,3898
receipt.json,models/D1981_P1_linear/attempt03/receipt.json,2efe82adb3e482fbee3c9469af5441daef94fa5b86089f8363b35b39df6f1663,760
TECH1_parameter_map.csv,models/D1981_P1_linear/attempt03/TECH1_parameter_map.csv,f4b99c87450251b5688a0d0ea7839d7b52c09be03d345ac585aaea1bb29a6cfa,1718
TECH3_parameter_covariance.csv,models/D1981_P1_linear/attempt03/TECH3_parameter_covariance.csv,f98232176d1f1ef65fd29c3839595726c796b91cca536740010e7e997a00f525,75892
TECH4_latent_correlation.csv,models/D1981_P1_linear/attempt03/TECH4_latent_correlation.csv,5985c52bd99ebeca4e86f66b81c48a9fa22b9768f974297591f8a609dc5c3619,5532
TECH4_latent_covariance.csv,models/D1981_P1_linear/attempt03/TECH4_latent_covariance.csv,42f52422144721f9a48633b81ba93444f7e49e89377ee95dff112a8a6f330f55,5492
fit.csv,models/D1981_P1_free/attempt03/fit.csv,e8da2a7562135128b18f4ed0f4d365719b5e66d4a8f445d0b6f8899b596bda0a,742
model.inp,models/D1981_P1_free/attempt03/model.inp,acb470201d80c45602a8c0460ec657b1c86f093264169ba4ede52df0828f8039,625
model.inp,models/D1981_P1_free/attempt03/model.inp.txt,acb470201d80c45602a8c0460ec657b1c86f093264169ba4ede52df0828f8039,625
model.out,models/D1981_P1_free/attempt03/model.out,684b5f312d6a3667d24625742f16af2075379b3cc091ec646210a8995ba669de,491977
model.out,models/D1981_P1_free/attempt03/model.out.txt,684b5f312d6a3667d24625742f16af2075379b3cc091ec646210a8995ba669de,491977
parameters.csv,models/D1981_P1_free/attempt03/parameters.csv,3c2a5d2469de98cb4eb73a67169f19221bf16e8a2ecef89288d52a0ab22012a6,3939
receipt.json,models/D1981_P1_free/attempt03/receipt.json,a7a7e90bcc4998d898a99f20d1ee0df8918186699f13c3378f0c9e8c8aaae031,758
TECH1_parameter_map.csv,models/D1981_P1_free/attempt03/TECH1_parameter_map.csv,ab88c4a6dfae33bbd711d9154f6fc0af5fbc7c2844e5862b7d364416e337cd6f,1787
TECH3_parameter_covariance.csv,models/D1981_P1_free/attempt03/TECH3_parameter_covariance.csv,33915627c75e5179f7874187e16208c6b97d20783157a5ae21a994661959282e,80199
TECH4_latent_correlation.csv,models/D1981_P1_free/attempt03/TECH4_latent_correlation.csv,d940fa9f70dfef185d4f05320e51695a63a3d7d96e44bfa95c8788b82ab41919,5526
TECH4_latent_covariance.csv,models/D1981_P1_free/attempt03/TECH4_latent_covariance.csv,09b89481a6762933be083d577e8bf4ae11676f37472049d456ec1c9e16f729c3,5426
PP_LGCM_review_v46_round2A_NOT_RELEASED.docx,manuscript/PP_LGCM_review_v46_round2A_NOT_RELEASED.docx,dbe29c47f57fd88de69eb440c532d5f93b2a98b1aef7c956569a6cb7ade16f09,1830446
PP_LGCM_review_v46_round2A_NOT_RELEASED.pdf,manuscript/PP_LGCM_review_v46_round2A_NOT_RELEASED.pdf,add7deb92f82d1b4e42836df91ff98a1c312a76e7eb344ed9d706b509de58926,1429571
revision_receipt.json,manuscript/revision_receipt.json,7267c2fab4c6fcdf6bc0e70a71b97839f6e21bba9a8691a09971b586e6c2a9bc,1454
pdf_verification.json,manuscript/pdf_verification.json,2eb2ac044f9c3b0878e22d6ea0f53f76b48f6a1bcf7278255828311956ae691b,451
